{"type": "FeatureCollection", "features": [{"type": "Feature", "id": "r4041550", "properties": {"addr:housenumber": "480", "addr:street": "Furman Mall Avenue", "building": "university", "name": "John L Pyler Hall", "on_campus": true}, "geometry": {"type": "Polygon", "coordinates": [[[-82.4385208, 34.9229018], [-82.438503, 34.9229053], [-82.4384874, 34.9229062], [-82.4384702, 34.922905], [-82.4384526, 34.9229011], [-82.4384375, 34.9228954], [-82.4384234, 34.9228876], [-82.4384123, 34.922879], [-82.438402, 34.9228681], [-82.438393, 34.9228542], [-82.4383874, 34.9228392], [-82.4383854, 34.9228268], [-82.4383857, 34.9228143], [-82.4383879, 34.922803], [-82.438392, 34.922792], [-82.4383996, 34.9227791], [-82.4384098, 34.9227674], [-82.4384231, 34.9227568], [-82.4384364, 34.9227493], [-82.4384528, 34.922743], [-82.4384675, 34.9227396], [-82.438482, 34.922738], [-82.4384944, 34.9227375], [-82.438504, 34.9227382], [-82.4385148, 34.9227408], [-82.4385304, 34.9227454], [-82.4385441, 34.9227516], [-82.4385565, 34.9227594], [-82.4385666, 34.922768], [-82.4385754, 34.9227781], [-82.4385824, 34.9227892], [-82.4385873, 34.9228011], [-82.4385894, 34.9228093], [-82.4385906, 34.9228214], [-82.4385897, 34.9228333], [-82.4387741, 34.9226686], [-82.4387392, 34.9226411], [-82.4389122, 34.9224828], [-82.4389471, 34.9225092], [-82.4392314, 34.9222749], [-82.4393991, 34.9224135], [-82.4391292, 34.9226414], [-82.4390851, 34.9226081], [-82.4390518, 34.9226378], [-82.4391626, 34.9227214], [-82.4390084, 34.9228586], [-82.4388653, 34.9229875], [-82.4389458, 34.9229809], [-82.4389565, 34.9230029], [-82.4389645, 34.9230249], [-82.4389672, 34.9230524], [-82.4389645, 34.9230766], [-82.4389552, 34.9231007], [-82.4389404, 34.9231227], [-82.4389243, 34.9231403], [-82.4389055, 34.9231546], [-82.4388801, 34.9231678], [-82.4388479, 34.9231788], [-82.4388103, 34.9231843], [-82.4387781, 34.9231821], [-82.4387433, 34.9231777], [-82.4387352, 34.923104], [-82.4385936, 34.9232435], [-82.4384441, 34.9233825], [-82.4384224, 34.9234047], [-82.4383543, 34.9233625], [-82.438117, 34.9236121], [-82.4379306, 34.9234922], [-82.438172, 34.9232217], [-82.4381411, 34.923203], [-82.4383047, 34.9230491], [-82.4383396, 34.9230733], [-82.4385208, 34.9229018]]]}}, {"type": "Feature", "id": "r4251616", "properties": {"amenity": "fast_food", "building": "university", "name": "Charles Daniel Dining Hall", "on_campus": true}, "geometry": {"type": "Polygon", "coordinates": [[[-82.43978, 34.9255188], [-82.4398102, 34.9255393], [-82.4398424, 34.9255767], [-82.4398599, 34.9256086], [-82.4398702, 34.9256404], [-82.4398827, 34.9256867], [-82.4398813, 34.925734], [-82.4398639, 34.9258131], [-82.4398156, 34.9258736], [-82.4397763, 34.9259112], [-82.4397199, 34.925942], [-82.4396259, 34.9259706], [-82.4395185, 34.9259772], [-82.4394012, 34.9259591], [-82.4393142, 34.9260593], [-82.4391307, 34.925952], [-82.4395108, 34.9255146], [-82.4396369, 34.925585], [-82.4396952, 34.9255184], [-82.4397513, 34.9255521], [-82.43978, 34.9255188]]]}}, {"type": "Feature", "id": "r4251617", "properties": {"building": "university", "name": "Hartness Pavilion", "on_campus": true}, "geometry": {"type": "Polygon", "coordinates": [[[-82.4395108, 34.9255146], [-82.4397109, 34.9252858], [-82.4398904, 34.9253917], [-82.43978, 34.9255188], [-82.4397513, 34.9255521], [-82.4396952, 34.9255184], [-82.4396369, 34.925585], [-82.4395108, 34.9255146]]]}}, {"type": "Feature", "id": "r4713808", "properties": {"addr:housenumber": "1030", "addr:street": "Bill Timmons Drive", "building": "yes", "name": "Timmons Arena", "on_campus": true}, "geometry": {"type": "Polygon", "coordinates": [[[-82.4378292, 34.9181441], [-82.4378132, 34.9181433], [-82.437824, 34.9180284], [-82.43784, 34.9180294], [-82.4378482, 34.9179414], [-82.4378322, 34.9179404], [-82.4378432, 34.9178336], [-82.4378583, 34.9178345], [-82.4378636, 34.9177759], [-82.4378481, 34.917775], [-82.4378508, 34.9177467], [-82.4377888, 34.9176854], [-82.4377545, 34.9176544], [-82.4376587, 34.9177269], [-82.4374585, 34.9175231], [-82.4374452, 34.9175347], [-82.4373832, 34.9174723], [-82.4373414, 34.9174979], [-82.4373248, 34.9175096], [-82.4373388, 34.9175229], [-82.4370545, 34.9177214], [-82.437041, 34.9177083], [-82.4369502, 34.9177716], [-82.4368561, 34.9177648], [-82.4368214, 34.9180867], [-82.4370506, 34.9181033], [-82.4370976, 34.9181501], [-82.4371192, 34.9181348], [-82.4371982, 34.9182166], [-82.4370718, 34.9183022], [-82.4371893, 34.9184125], [-82.4374117, 34.91864], [-82.4377716, 34.9183846], [-82.4376908, 34.9183002], [-82.4377964, 34.918229], [-82.4377989, 34.9182011], [-82.4378247, 34.9182027], [-82.4378292, 34.9181441]]]}}, {"type": "Feature", "id": "r6696709", "properties": {"building": "yes", "on_campus": true}, "geometry": {"type": "Polygon", "coordinates": [[[-82.4378173, 34.9207462], [-82.4376305, 34.9208728], [-82.4377444, 34.9209858], [-82.4379312, 34.9208592], [-82.4378173, 34.9207462]]]}}, {"type": "Feature", "id": "r6704288", "properties": {"building": "university", "name": "Trone Student Center", "on_campus": true}, "geometry": {"type": "Polygon", "coordinates": [[[-82.4411862, 34.924344], [-82.4409815, 34.9242273], [-82.4410156, 34.9241871], [-82.4408761, 34.9241076], [-82.4408373, 34.9241534], [-82.4407917, 34.9241266], [-82.4405769, 34.9243725], [-82.4405234, 34.924341], [-82.4404598, 34.9244143], [-82.4403942, 34.9244899], [-82.440425, 34.9245079], [-82.4404035, 34.9245325], [-82.4403281, 34.924488], [-82.4401438, 34.9246984], [-82.4401997, 34.9247313], [-82.4400578, 34.9248947], [-82.4402226, 34.9249907], [-82.4403193, 34.9248789], [-82.440568, 34.9250228], [-82.440819, 34.9247311], [-82.440697, 34.9246607], [-82.440631, 34.9246226], [-82.440701, 34.9245406], [-82.4407623, 34.9244687], [-82.4408314, 34.9245082], [-82.4409766, 34.9245913], [-82.4411862, 34.924344]]]}}, {"type": "Feature", "id": "w1033663617", "properties": {"building": "yes", "on_campus": false}, "geometry": {"type": "Polygon", "coordinates": [[[-82.4285598, 34.9315063], [-82.4285549, 34.9315821], [-82.4284288, 34.9315766], [-82.4284337, 34.9315008], [-82.4285598, 34.9315063]]]}}, {"type": "Feature", "id": "w1033663618", "properties": {"addr:housenumber": "5910", "addr:street": "Old Buncombe Road", "amenity": "place_of_worship", "building": "church", "name": "Choice Hills Baptist Church", "on_campus": false}, "geometry": {"type": "Polygon", "coordinates": [[[-82.4289501, 34.9313843], [-82.4286323, 34.9313528], [-82.4286266, 34.9313914], [-82.4284897, 34.9313779], [-82.428521, 34.9311662], [-82.4286625, 34.9311802], [-82.4286559, 34.9312248], [-82.428969, 34.9312558], [-82.4289501, 34.9313843]]]}}, {"type": "Feature", "id": "w1203822857", "properties": {"building": "yes", "on_campus": false}, "geometry": {"type": "Polygon", "coordinates": [[[-82.4498902, 34.9242554], [-82.4496926, 34.9242747], [-82.4496538, 34.9240073], [-82.4498514, 34.923988], [-82.4498902, 34.9242554]]]}}, {"type": "Feature", "id": "w1219111733", "properties": {"addr:housenumber": "5104", "addr:street": "Old Buncombe Road", "building": "retail", "name": "7-Eleven", "on_campus": false}, "geometry": {"type": "Polygon", "coordinates": [[[-82.4287176, 34.9132215], [-82.4284065, 34.9131538], [-82.4284477, 34.9130266], [-82.4286198, 34.9130641], [-82.4286278, 34.9130392], [-82.4287668, 34.9130695], [-82.4287176, 34.9132215]]]}}, {"type": "Feature", "id": "w1276076831", "properties": {"amenity": "fuel", "building": "roof", "name": "7-11", "on_campus": false}, "geometry": {"type": "Polygon", "coordinates": [[[-82.4286841, 34.9135066], [-82.4285931, 34.9134864], [-82.4284862, 34.9134626], [-82.4283815, 34.9134393], [-82.4283053, 34.9134224], [-82.4283355, 34.9133312], [-82.4284121, 34.9133483], [-82.4285156, 34.9133713], [-82.4286234, 34.9133952], [-82.4287143, 34.9134154], [-82.4286841, 34.9135066]]]}}, {"type": "Feature", "id": "w1304551212", "properties": {"building": "dormitory", "name": "Blackwell Hall", "on_campus": true}, "geometry": {"type": "Polygon", "coordinates": [[[-82.4414089, 34.9235609], [-82.4416348, 34.9234711], [-82.4419246, 34.9234655], [-82.4421288, 34.9233626], [-82.4422611, 34.9232073], [-82.4423878, 34.9232775], [-82.4422246, 34.9234618], [-82.4420284, 34.9235544], [-82.4420421, 34.9235908], [-82.4419075, 34.9236189], [-82.4418938, 34.9235824], [-82.4416816, 34.9235955], [-82.4414717, 34.9236713], [-82.4414089, 34.9235609]]]}}, {"type": "Feature", "id": "w1333146863", "properties": {"building": "house", "on_campus": false}, "geometry": {"type": "Polygon", "coordinates": [[[-82.4431076, 34.9177666], [-82.4430362, 34.917707], [-82.4430859, 34.917667], [-82.4430769, 34.9176595], [-82.4432286, 34.9175374], [-82.4433089, 34.9176045], [-82.4431076, 34.9177666]]]}}, {"type": "Feature", "id": "w1333146865", "properties": {"building": "yes", "on_campus": false}, "geometry": {"type": "Polygon", "coordinates": [[[-82.4433423, 34.9179937], [-82.4432814, 34.9179278], [-82.4431777, 34.9179903], [-82.4432397, 34.9180587], [-82.4433423, 34.9179937]]]}}, {"type": "Feature", "id": "w1333146867", "properties": {"building": "house", "on_campus": false}, "geometry": {"type": "Polygon", "coordinates": [[[-82.4434396, 34.9182186], [-82.4433498, 34.9181284], [-82.443403, 34.9180927], [-82.4433798, 34.9180695], [-82.4434418, 34.9180279], [-82.4434672, 34.9180534], [-82.4434889, 34.9180388], [-82.443464, 34.9180138], [-82.443515, 34.9179796], [-82.4435398, 34.9180046], [-82.4435782, 34.9179789], [-82.4436435, 34.9180445], [-82.4434842, 34.9181512], [-82.4435066, 34.9181737], [-82.4434396, 34.9182186]]]}}, {"type": "Feature", "id": "w1333146869", "properties": {"building": "house", "on_campus": false}, "geometry": {"type": "Polygon", "coordinates": [[[-82.4433973, 34.9175343], [-82.4433212, 34.9174694], [-82.4433718, 34.9174295], [-82.4433591, 34.9174186], [-82.4434213, 34.9173696], [-82.4434354, 34.9173817], [-82.4434822, 34.9173447], [-82.443557, 34.9174084], [-82.4433973, 34.9175343]]]}}, {"type": "Feature", "id": "w1333146872", "properties": {"building": "house", "on_campus": false}, "geometry": {"type": "Polygon", "coordinates": [[[-82.4436699, 34.9172956], [-82.4435875, 34.9172404], [-82.4437072, 34.9171204], [-82.4437896, 34.9171757], [-82.4436699, 34.9172956]]]}}, {"type": "Feature", "id": "w1333146874", "properties": {"building": "house", "on_campus": false}, "geometry": {"type": "Polygon", "coordinates": [[[-82.443907, 34.9170785], [-82.4438156, 34.9170264], [-82.4439233, 34.9168993], [-82.4440147, 34.9169514], [-82.443907, 34.9170785]]]}}, {"type": "Feature", "id": "w1333146876", "properties": {"building": "yes", "on_campus": false}, "geometry": {"type": "Polygon", "coordinates": [[[-82.4441238, 34.9169759], [-82.4441022, 34.9169624], [-82.4441246, 34.9169381], [-82.4441463, 34.9169516], [-82.4441238, 34.9169759]]]}}, {"type": "Feature", "id": "w1333146877", "properties": {"building": "house", "on_campus": false}, "geometry": {"type": "Polygon", "coordinates": [[[-82.444076, 34.9168717], [-82.4440019, 34.9168246], [-82.4441376, 34.9166811], [-82.4442149, 34.9167302], [-82.4442053, 34.9167403], [-82.4442305, 34.9167563], [-82.4441886, 34.9168007], [-82.4441602, 34.9167826], [-82.444076, 34.9168717]]]}}, {"type": "Feature", "id": "w1333146879", "properties": {"building": "house", "on_campus": false}, "geometry": {"type": "Polygon", "coordinates": [[[-82.444314, 34.91663], [-82.4442394, 34.9165859], [-82.44437, 34.9164373], [-82.4444399, 34.9164786], [-82.444355, 34.9165751], [-82.4443783, 34.9165889], [-82.4443469, 34.9166246], [-82.4443284, 34.9166136], [-82.444314, 34.91663]]]}}, {"type": "Feature", "id": "w1333146881", "properties": {"building": "house", "on_campus": false}, "geometry": {"type": "Polygon", "coordinates": [[[-82.444504, 34.9164308], [-82.444422, 34.9163772], [-82.444543, 34.9162526], [-82.4446251, 34.9163062], [-82.4445862, 34.9163462], [-82.4445942, 34.9163514], [-82.4445759, 34.9163702], [-82.4445679, 34.916365], [-82.444504, 34.9164308]]]}}, {"type": "Feature", "id": "w1333146883", "properties": {"building": "house", "on_campus": false}, "geometry": {"type": "Polygon", "coordinates": [[[-82.4431446, 34.9168886], [-82.4430698, 34.9168305], [-82.4432387, 34.9166843], [-82.4433127, 34.9167419], [-82.4432635, 34.9167845], [-82.4432812, 34.9167983], [-82.4432122, 34.916858], [-82.4431953, 34.9168448], [-82.4431446, 34.9168886]]]}}, {"type": "Feature", "id": "w1333146885", "properties": {"building": "yes", "on_campus": false}, "geometry": {"type": "Polygon", "coordinates": [[[-82.4429895, 34.9166326], [-82.4429479, 34.9165979], [-82.4429652, 34.916584], [-82.4429473, 34.9165691], [-82.4429952, 34.9165306], [-82.4430708, 34.9165937], [-82.4430232, 34.916632], [-82.4430071, 34.9166185], [-82.4429895, 34.9166326]]]}}, {"type": "Feature", "id": "w1333146886", "properties": {"building": "house", "on_campus": false}, "geometry": {"type": "Polygon", "coordinates": [[[-82.4433698, 34.9166845], [-82.4432855, 34.9166315], [-82.4433258, 34.9165885], [-82.4433172, 34.9165831], [-82.4433405, 34.9165582], [-82.4433522, 34.9165656], [-82.443433, 34.9164794], [-82.4435209, 34.9165347], [-82.4434663, 34.9165931], [-82.4434827, 34.9166035], [-82.44344, 34.9166491], [-82.4434166, 34.9166345], [-82.4433698, 34.9166845]]]}}, {"type": "Feature", "id": "w1333146887", "properties": {"building": "yes", "on_campus": false}, "geometry": {"type": "Polygon", "coordinates": [[[-82.4432216, 34.916418], [-82.4431564, 34.9163724], [-82.4432155, 34.9163157], [-82.4432807, 34.9163613], [-82.4432216, 34.916418]]]}}, {"type": "Feature", "id": "w1333146888", "properties": {"building": "house", "on_campus": false}, "geometry": {"type": "Polygon", "coordinates": [[[-82.4436155, 34.9164491], [-82.4434979, 34.9163835], [-82.4435271, 34.9163484], [-82.4434871, 34.9163261], [-82.4435332, 34.9162706], [-82.4435675, 34.9162897], [-82.4435803, 34.9162742], [-82.4437212, 34.9163527], [-82.4436814, 34.9164007], [-82.4436637, 34.9163909], [-82.4436155, 34.9164491]]]}}, {"type": "Feature", "id": "w1333146890", "properties": {"building": "house", "on_campus": false}, "geometry": {"type": "Polygon", "coordinates": [[[-82.4430539, 34.9169587], [-82.4429835, 34.9168938], [-82.4428817, 34.916968], [-82.4428948, 34.9169801], [-82.4428002, 34.9170491], [-82.4428492, 34.9170942], [-82.4429492, 34.9170213], [-82.4429575, 34.917029], [-82.4430539, 34.9169587]]]}}, {"type": "Feature", "id": "w1333146892", "properties": {"building": "house", "on_campus": false}, "geometry": {"type": "Polygon", "coordinates": [[[-82.4437795, 34.9162919], [-82.4436948, 34.9162333], [-82.4437677, 34.9161624], [-82.4437425, 34.916145], [-82.4437816, 34.916107], [-82.4438065, 34.9161242], [-82.4438806, 34.9160521], [-82.4439656, 34.9161109], [-82.4437795, 34.9162919]]]}}, {"type": "Feature", "id": "w1333146895", "properties": {"building": "house", "on_campus": false}, "geometry": {"type": "Polygon", "coordinates": [[[-82.4441042, 34.9158376], [-82.443972, 34.9159622], [-82.4440526, 34.9160197], [-82.4441849, 34.9158951], [-82.4441042, 34.9158376]]]}}, {"type": "Feature", "id": "w1333146898", "properties": {"building": "house", "on_campus": false}, "geometry": {"type": "Polygon", "coordinates": [[[-82.4442209, 34.9158515], [-82.444147, 34.9157975], [-82.444154, 34.915791], [-82.4441388, 34.9157798], [-82.4441684, 34.9157525], [-82.4441804, 34.9157613], [-82.4443123, 34.91564], [-82.4443787, 34.9156885], [-82.444345, 34.9157195], [-82.4443633, 34.9157329], [-82.4443419, 34.9157525], [-82.4443344, 34.915747], [-82.4442209, 34.9158515]]]}}, {"type": "Feature", "id": "w1333146901", "properties": {"building": "house", "on_campus": false}, "geometry": {"type": "Polygon", "coordinates": [[[-82.4444471, 34.9156287], [-82.4443138, 34.9155445], [-82.4444199, 34.9154316], [-82.4445532, 34.9155158], [-82.4444471, 34.9156287]]]}}, {"type": "Feature", "id": "w1333146903", "properties": {"building": "house", "on_campus": false}, "geometry": {"type": "Polygon", "coordinates": [[[-82.4444495, 34.9152235], [-82.4443918, 34.9152792], [-82.4445428, 34.9153845], [-82.4445938, 34.9153353], [-82.4446073, 34.9153447], [-82.4447115, 34.9152443], [-82.4446155, 34.9151774], [-82.444518, 34.9152713], [-82.4444495, 34.9152235]]]}}, {"type": "Feature", "id": "w1333146905", "properties": {"building": "house", "on_campus": false}, "geometry": {"type": "Polygon", "coordinates": [[[-82.4447111, 34.9162151], [-82.4446224, 34.9161569], [-82.444689, 34.9160886], [-82.4446952, 34.9160926], [-82.4447665, 34.9160194], [-82.4448385, 34.9160666], [-82.4447605, 34.9161466], [-82.4447711, 34.9161536], [-82.4447111, 34.9162151]]]}}, {"type": "Feature", "id": "w1333146907", "properties": {"building": "house", "on_campus": false}, "geometry": {"type": "Polygon", "coordinates": [[[-82.4449147, 34.9159593], [-82.4448308, 34.9159013], [-82.4449188, 34.9158157], [-82.4450025, 34.9158736], [-82.444965, 34.9159101], [-82.4449666, 34.9159207], [-82.4449545, 34.9159319], [-82.4449448, 34.91593], [-82.4449147, 34.9159593]]]}}, {"type": "Feature", "id": "w1333146909", "properties": {"building": "house", "on_campus": false}, "geometry": {"type": "Polygon", "coordinates": [[[-82.4451192, 34.9157749], [-82.4450362, 34.9157139], [-82.4451528, 34.9156074], [-82.4452357, 34.9156685], [-82.4451192, 34.9157749]]]}}, {"type": "Feature", "id": "w1333146911", "properties": {"building": "house", "on_campus": false}, "geometry": {"type": "Polygon", "coordinates": [[[-82.4452286, 34.915521], [-82.4452676, 34.915485], [-82.4452365, 34.9154623], [-82.4453226, 34.9153829], [-82.4454557, 34.91548], [-82.4453305, 34.9155954], [-82.4452286, 34.915521]]]}}, {"type": "Feature", "id": "w1333146913", "properties": {"building": "house", "on_campus": false}, "geometry": {"type": "Polygon", "coordinates": [[[-82.4457072, 34.9152259], [-82.4456112, 34.9151565], [-82.4455455, 34.9152175], [-82.4455576, 34.9152263], [-82.4454617, 34.9153154], [-82.4455398, 34.9153719], [-82.4455866, 34.9153284], [-82.4456319, 34.9153611], [-82.4456741, 34.9153218], [-82.4456344, 34.9152932], [-82.4456656, 34.9152641], [-82.4456853, 34.9152783], [-82.4457121, 34.9152533], [-82.4456927, 34.9152393], [-82.4457072, 34.9152259]]]}}, {"type": "Feature", "id": "w1333146915", "properties": {"building": "house", "on_campus": false}, "geometry": {"type": "Polygon", "coordinates": [[[-82.4458114, 34.9152228], [-82.4456026, 34.9150749], [-82.4456498, 34.9150301], [-82.4456703, 34.9150446], [-82.4457252, 34.9149926], [-82.4457989, 34.9150448], [-82.4457565, 34.915085], [-82.4458289, 34.9151363], [-82.4458014, 34.9151623], [-82.4458436, 34.9151922], [-82.4458114, 34.9152228]]]}}, {"type": "Feature", "id": "w1333256147", "properties": {"addr:housenumber": "1501", "addr:street": "Duncan Chapel Rd", "building": "kindergarten", "name": "Furman University Child Development Center", "on_campus": false}, "geometry": {"type": "Polygon", "coordinates": [[[-82.4453417, 34.9189799], [-82.4453591, 34.9189104], [-82.4453237, 34.9189044], [-82.4453327, 34.9188687], [-82.4452, 34.9188463], [-82.4451847, 34.9189074], [-82.4451674, 34.9189045], [-82.4451564, 34.9189487], [-82.4453417, 34.9189799]]]}}, {"type": "Feature", "id": "w1333256149", "properties": {"building": "yes", "on_campus": false}, "geometry": {"type": "Polygon", "coordinates": [[[-82.4453084, 34.9187711], [-82.4453232, 34.9187026], [-82.4452231, 34.9186881], [-82.4452083, 34.9187566], [-82.4453084, 34.9187711]]]}}, {"type": "Feature", "id": "w1333256154", "properties": {"building": "yes", "on_campus": false}, "geometry": {"type": "Polygon", "coordinates": [[[-82.4460451, 34.9189432], [-82.4461467, 34.9189506], [-82.4461308, 34.9190977], [-82.4460292, 34.9190904], [-82.4460451, 34.9189432]]]}}, {"type": "Feature", "id": "w1333259218", "properties": {"building": "house", "on_campus": false}, "geometry": {"type": "Polygon", "coordinates": [[[-82.445201, 34.9175339], [-82.4451216, 34.9174899], [-82.4451449, 34.9174618], [-82.4451285, 34.9174527], [-82.4452188, 34.9173433], [-82.4452375, 34.9173537], [-82.4452598, 34.9173267], [-82.4453367, 34.9173693], [-82.445201, 34.9175339]]]}}, {"type": "Feature", "id": "w1333259219", "properties": {"building": "garage", "on_campus": false}, "geometry": {"type": "Polygon", "coordinates": [[[-82.4454009, 34.9176523], [-82.4453311, 34.9176139], [-82.4453807, 34.9175533], [-82.4454893, 34.9176131], [-82.4454609, 34.9176478], [-82.445422, 34.9176265], [-82.4454009, 34.9176523]]]}}, {"type": "Feature", "id": "w1333259221", "properties": {"building": "house", "on_campus": false}, "geometry": {"type": "Polygon", "coordinates": [[[-82.4439203, 34.9177298], [-82.4438892, 34.9177022], [-82.4438224, 34.9177529], [-82.4438656, 34.9177913], [-82.4437944, 34.9178453], [-82.4438562, 34.9179], [-82.4440538, 34.9177501], [-82.4439799, 34.9176847], [-82.4439203, 34.9177298]]]}}, {"type": "Feature", "id": "w1333259223", "properties": {"building": "house", "on_campus": false}, "geometry": {"type": "Polygon", "coordinates": [[[-82.4442888, 34.917585], [-82.4442267, 34.9175256], [-82.4441857, 34.9175544], [-82.4441632, 34.9175329], [-82.4440985, 34.9175783], [-82.4441246, 34.9176033], [-82.4440721, 34.9176402], [-82.4441306, 34.9176961], [-82.4442888, 34.917585]]]}}, {"type": "Feature", "id": "w1333259225", "properties": {"building": "house", "on_campus": false}, "geometry": {"type": "Polygon", "coordinates": [[[-82.4443518, 34.9175257], [-82.4442845, 34.9174711], [-82.4443588, 34.9174097], [-82.4443342, 34.9173898], [-82.4443776, 34.9173539], [-82.4444042, 34.9173756], [-82.4444405, 34.9173455], [-82.4445056, 34.9173984], [-82.4443518, 34.9175257]]]}}, {"type": "Feature", "id": "w1333259227", "properties": {"building": "house", "on_campus": false}, "geometry": {"type": "Polygon", "coordinates": [[[-82.444633, 34.9173291], [-82.444555, 34.9172824], [-82.4445927, 34.9172401], [-82.4445593, 34.9172201], [-82.4446071, 34.9171664], [-82.444638, 34.9171849], [-82.4447021, 34.9171128], [-82.4447826, 34.917161], [-82.444633, 34.9173291]]]}}, {"type": "Feature", "id": "w1333259229", "properties": {"building": "house", "on_campus": false}, "geometry": {"type": "Polygon", "coordinates": [[[-82.444858, 34.9170917], [-82.4447656, 34.917046], [-82.4447807, 34.9170255], [-82.4447458, 34.9170082], [-82.4447737, 34.9169702], [-82.4448065, 34.9169864], [-82.4448816, 34.9168842], [-82.4449763, 34.916931], [-82.4449289, 34.9169955], [-82.4449391, 34.9170006], [-82.4448937, 34.9170623], [-82.4448834, 34.9170572], [-82.444858, 34.9170917]]]}}, {"type": "Feature", "id": "w1333259231", "properties": {"building": "house", "on_campus": false}, "geometry": {"type": "Polygon", "coordinates": [[[-82.4449907, 34.9168465], [-82.4449186, 34.9168008], [-82.4449762, 34.9167397], [-82.4449706, 34.9167361], [-82.4450931, 34.9166063], [-82.445177, 34.9166595], [-82.4451452, 34.9166932], [-82.445166, 34.9167064], [-82.4451134, 34.9167622], [-82.4450966, 34.9167515], [-82.4450582, 34.9167922], [-82.445048, 34.9167858], [-82.4449907, 34.9168465]]]}}, {"type": "Feature", "id": "w1333259233", "properties": {"building": "house", "on_campus": false}, "geometry": {"type": "Polygon", "coordinates": [[[-82.4452066, 34.9165966], [-82.4451163, 34.9165334], [-82.445247, 34.9164079], [-82.4453373, 34.9164712], [-82.4452066, 34.9165966]]]}}, {"type": "Feature", "id": "w1333259234", "properties": {"building": "garage", "on_campus": false}, "geometry": {"type": "Polygon", "coordinates": [[[-82.4452867, 34.9163978], [-82.4452443, 34.9163671], [-82.445273, 34.9163404], [-82.4453154, 34.9163711], [-82.4452867, 34.9163978]]]}}, {"type": "Feature", "id": "w1333259236", "properties": {"building": "house", "on_campus": false}, "geometry": {"type": "Polygon", "coordinates": [[[-82.4454114, 34.9164012], [-82.4453272, 34.9163417], [-82.4454066, 34.9162662], [-82.4453839, 34.9162501], [-82.4454327, 34.9162037], [-82.4454615, 34.9162241], [-82.4455146, 34.9161735], [-82.4455927, 34.9162286], [-82.4454114, 34.9164012]]]}}, {"type": "Feature", "id": "w1333259238", "properties": {"building": "house", "on_campus": false}, "geometry": {"type": "Polygon", "coordinates": [[[-82.4456742, 34.9161732], [-82.4455563, 34.9161016], [-82.4456515, 34.9159961], [-82.4456199, 34.915977], [-82.4456512, 34.9159423], [-82.445683, 34.9159616], [-82.4456959, 34.9159473], [-82.445791, 34.916005], [-82.4456959, 34.9161103], [-82.4457186, 34.9161241], [-82.4456742, 34.9161732]]]}}, {"type": "Feature", "id": "w1333259240", "properties": {"building": "house", "on_campus": false}, "geometry": {"type": "Polygon", "coordinates": [[[-82.4458426, 34.915888], [-82.4457411, 34.9158632], [-82.4458012, 34.9156975], [-82.4458643, 34.9157129], [-82.445856, 34.9157359], [-82.4458945, 34.9157453], [-82.4458426, 34.915888]]]}}, {"type": "Feature", "id": "w1333259241", "properties": {"building": "garage", "on_campus": false}, "geometry": {"type": "Polygon", "coordinates": [[[-82.4458299, 34.915652], [-82.4457917, 34.9155906], [-82.4458733, 34.9155564], [-82.4459115, 34.9156178], [-82.4458299, 34.915652]]]}}, {"type": "Feature", "id": "w1333259245", "properties": {"building": "house", "on_campus": false}, "geometry": {"type": "Polygon", "coordinates": [[[-82.4462099, 34.914845], [-82.4461819, 34.9147021], [-82.4462837, 34.9146886], [-82.4463105, 34.9148308], [-82.4462099, 34.914845]]]}}, {"type": "Feature", "id": "w1333259246", "properties": {"building": "garage", "on_campus": false}, "geometry": {"type": "Polygon", "coordinates": [[[-82.4463229, 34.914897], [-82.4463105, 34.9148308], [-82.4463924, 34.9148205], [-82.4464047, 34.9148867], [-82.4463229, 34.914897]]]}}, {"type": "Feature", "id": "w1333259248", "properties": {"building": "house", "on_campus": false}, "geometry": {"type": "Polygon", "coordinates": [[[-82.4462244, 34.9145353], [-82.4461263, 34.9145559], [-82.4460708, 34.9143781], [-82.4461689, 34.9143575], [-82.4462244, 34.9145353]]]}}, {"type": "Feature", "id": "w1333259250", "properties": {"building": "house", "on_campus": false}, "geometry": {"type": "Polygon", "coordinates": [[[-82.4461311, 34.914243], [-82.4460342, 34.9142541], [-82.4460102, 34.9141136], [-82.4461071, 34.9141025], [-82.4461311, 34.914243]]]}}, {"type": "Feature", "id": "w1333259252", "properties": {"building": "house", "on_campus": false}, "geometry": {"type": "Polygon", "coordinates": [[[-82.4456749, 34.9143673], [-82.4455537, 34.9143339], [-82.4455243, 34.9144056], [-82.4455087, 34.9144013], [-82.4454794, 34.9144727], [-82.4455054, 34.9144798], [-82.4455014, 34.9144895], [-82.4455325, 34.9144981], [-82.4455374, 34.9144863], [-82.4455831, 34.9144989], [-82.4455922, 34.9144767], [-82.4456128, 34.9144824], [-82.4456419, 34.9144115], [-82.4456552, 34.9144152], [-82.4456749, 34.9143673]]]}}, {"type": "Feature", "id": "w1333259254", "properties": {"building": "house", "on_campus": false}, "geometry": {"type": "Polygon", "coordinates": [[[-82.4453171, 34.9147859], [-82.4452502, 34.9147331], [-82.4453996, 34.9146058], [-82.4454665, 34.9146586], [-82.4453171, 34.9147859]]]}}, {"type": "Feature", "id": "w1333259256", "properties": {"building": "house", "on_campus": false}, "geometry": {"type": "Polygon", "coordinates": [[[-82.4450612, 34.9149712], [-82.4449692, 34.9149077], [-82.4449946, 34.9148829], [-82.4449641, 34.9148619], [-82.4450206, 34.9148068], [-82.4450617, 34.9148352], [-82.4451548, 34.9147445], [-82.4452362, 34.9148006], [-82.4450612, 34.9149712]]]}}, {"type": "Feature", "id": "w1333259258", "properties": {"building": "house", "on_campus": false}, "geometry": {"type": "Polygon", "coordinates": [[[-82.4449672, 34.915039], [-82.444892, 34.9149868], [-82.4448747, 34.9150036], [-82.4448006, 34.9149522], [-82.4447508, 34.9150005], [-82.4448253, 34.9150521], [-82.4447587, 34.9151167], [-82.4448335, 34.9151686], [-82.4449672, 34.915039]]]}}, {"type": "Feature", "id": "w1336655805", "properties": {"building": "yes", "on_campus": false}, "geometry": {"type": "Polygon", "coordinates": [[[-82.4314771, 34.9289178], [-82.4314773, 34.9296839], [-82.4315406, 34.9296839], [-82.4315406, 34.9298831], [-82.4314934, 34.9298831], [-82.4314934, 34.9300181], [-82.4316382, 34.9300181], [-82.4316383, 34.9301127], [-82.4317392, 34.9301127], [-82.4317391, 34.9300238], [-82.4320503, 34.9300238], [-82.4320502, 34.9298861], [-82.4321548, 34.9298861], [-82.4321548, 34.9296235], [-82.4323211, 34.9296235], [-82.432321, 34.9291661], [-82.4321573, 34.9291661], [-82.4321573, 34.9290518], [-82.4316193, 34.9290519], [-82.4316193, 34.9289177], [-82.4314771, 34.9289178]]]}}, {"type": "Feature", "id": "w1336655806", "properties": {"building": "yes", "on_campus": false}, "geometry": {"type": "Polygon", "coordinates": [[[-82.4297256, 34.9311987], [-82.4296919, 34.9314507], [-82.4297565, 34.9314565], [-82.4297312, 34.9316456], [-82.4300376, 34.9316731], [-82.430035, 34.9316927], [-82.4300695, 34.9316958], [-82.4300721, 34.9316762], [-82.4301357, 34.9316819], [-82.4301166, 34.9318246], [-82.4301998, 34.931832], [-82.4301925, 34.9318864], [-82.4304231, 34.9319071], [-82.4304308, 34.9318492], [-82.4308009, 34.9318824], [-82.4308233, 34.9317151], [-82.4308031, 34.9317133], [-82.4308222, 34.9315699], [-82.4308434, 34.9315718], [-82.4308524, 34.9315045], [-82.4307136, 34.931492], [-82.430741, 34.9312877], [-82.4303841, 34.9312557], [-82.4303876, 34.9312296], [-82.4300616, 34.9312003], [-82.4300578, 34.9312285], [-82.4297256, 34.9311987]]]}}, {"type": "Feature", "id": "w1336655807", "properties": {"building": "yes", "on_campus": false}, "geometry": {"type": "Polygon", "coordinates": [[[-82.4314816, 34.9312942], [-82.4311486, 34.931235], [-82.4311001, 34.9314185], [-82.4309976, 34.9314003], [-82.4309589, 34.9315465], [-82.4310024, 34.9315542], [-82.4309894, 34.9316033], [-82.4311354, 34.9316293], [-82.4311445, 34.9315949], [-82.4313905, 34.9316386], [-82.4314816, 34.9312942]]]}}, {"type": "Feature", "id": "w1336655849", "properties": {"building": "yes", "on_campus": false}, "geometry": {"type": "Polygon", "coordinates": [[[-82.4326476, 34.9126974], [-82.4326066, 34.9127546], [-82.4328644, 34.912879], [-82.4329054, 34.9128218], [-82.4326476, 34.9126974]]]}}, {"type": "Feature", "id": "w1336655850", "properties": {"building": "yes", "on_campus": false}, "geometry": {"type": "Polygon", "coordinates": [[[-82.4329927, 34.91369], [-82.432967, 34.9137572], [-82.4333221, 34.9138485], [-82.4333478, 34.9137812], [-82.4329927, 34.91369]]]}}, {"type": "Feature", "id": "w1336655851", "properties": {"addr:housenumber": "109", "addr:street": "Shallons Drive", "building": "terrace", "on_campus": false}, "geometry": {"type": "Polygon", "coordinates": [[[-82.4250965, 34.9126514], [-82.4250767, 34.9125981], [-82.4249204, 34.912637], [-82.4249401, 34.9126903], [-82.4250965, 34.9126514]]]}}, {"type": "Feature", "id": "w1336655852", "properties": {"addr:housenumber": "121", "addr:street": "Shallons Drive", "building": "terrace", "on_campus": false}, "geometry": {"type": "Polygon", "coordinates": [[[-82.4252178, 34.912962], [-82.4251984, 34.9129085], [-82.4250441, 34.9129462], [-82.4250635, 34.9129997], [-82.4252178, 34.912962]]]}}, {"type": "Feature", "id": "w1336655853", "properties": {"addr:housenumber": "135", "addr:street": "Shallons Drive", "building": "terrace", "on_campus": false}, "geometry": {"type": "Polygon", "coordinates": [[[-82.4253543, 34.913333], [-82.4253357, 34.9132786], [-82.4251617, 34.9133188], [-82.4251803, 34.9133731], [-82.4253543, 34.913333]]]}}, {"type": "Feature", "id": "w1336655854", "properties": {"addr:housenumber": "149", "addr:street": "Shallons Drive", "building": "terrace", "on_campus": false}, "geometry": {"type": "Polygon", "coordinates": [[[-82.4255252, 34.9136924], [-82.4254998, 34.9136403], [-82.4253309, 34.9136957], [-82.4253563, 34.9137478], [-82.4255252, 34.9136924]]]}}, {"type": "Feature", "id": "w1336655855", "properties": {"addr:housenumber": "157", "addr:street": "Shallons Drive", "building": "terrace", "on_campus": false}, "geometry": {"type": "Polygon", "coordinates": [[[-82.4259018, 34.9139565], [-82.4258476, 34.9139163], [-82.4257302, 34.9140226], [-82.4257843, 34.9140628], [-82.4259018, 34.9139565]]]}}, {"type": "Feature", "id": "w1336655856", "properties": {"addr:housenumber": "75", "addr:street": "Mardale Lane", "building": "terrace", "on_campus": false}, "geometry": {"type": "Polygon", "coordinates": [[[-82.4248354, 34.9133547], [-82.4248171, 34.9133012], [-82.424643, 34.9133411], [-82.4246613, 34.9133946], [-82.4248354, 34.9133547]]]}}, {"type": "Feature", "id": "w1336655857", "properties": {"addr:housenumber": "61", "addr:street": "Mardale Lane", "building": "terrace", "on_campus": false}, "geometry": {"type": "Polygon", "coordinates": [[[-82.4247084, 34.9129844], [-82.4246872, 34.9129306], [-82.4245127, 34.912977], [-82.4245339, 34.9130307], [-82.4247084, 34.9129844]]]}}, {"type": "Feature", "id": "w1336655858", "properties": {"addr:housenumber": "17", "addr:street": "Mardale Lane", "building": "terrace", "on_campus": false}, "geometry": {"type": "Polygon", "coordinates": [[[-82.4245025, 34.9122483], [-82.4245595, 34.9122304], [-82.4244981, 34.9120988], [-82.4244411, 34.9121167], [-82.4245025, 34.9122483]]]}}, {"type": "Feature", "id": "w1336655859", "properties": {"addr:housenumber": "47", "addr:street": "Mardale Lane", "building": "terrace", "on_campus": false}, "geometry": {"type": "Polygon", "coordinates": [[[-82.4245539, 34.912614], [-82.4245343, 34.9125601], [-82.4243601, 34.9126026], [-82.4243797, 34.9126565], [-82.4245539, 34.912614]]]}}, {"type": "Feature", "id": "w1336655860", "properties": {"addr:housenumber": "40", "addr:street": "Mardale Lane", "building": "terrace", "on_campus": false}, "geometry": {"type": "Polygon", "coordinates": [[[-82.4240584, 34.9125147], [-82.4240377, 34.9124612], [-82.4238732, 34.912504], [-82.4238939, 34.9125575], [-82.4240584, 34.9125147]]]}}, {"type": "Feature", "id": "w1340215614", "properties": {"building": "house", "on_campus": false}, "geometry": {"type": "Polygon", "coordinates": [[[-82.4451427, 34.9136538], [-82.4450488, 34.9135791], [-82.4451115, 34.9135261], [-82.4450955, 34.9135133], [-82.4451389, 34.9134766], [-82.4452489, 34.913564], [-82.4451427, 34.9136538]]]}}, {"type": "Feature", "id": "w1340215616", "properties": {"building": "house", "on_campus": false}, "geometry": {"type": "Polygon", "coordinates": [[[-82.4450084, 34.9138079], [-82.4449028, 34.9137208], [-82.4449482, 34.9136838], [-82.4449309, 34.9136696], [-82.4449795, 34.91363], [-82.4451024, 34.9137313], [-82.4450084, 34.9138079]]]}}, {"type": "Feature", "id": "w1340215618", "properties": {"building": "house", "on_campus": false}, "geometry": {"type": "Polygon", "coordinates": [[[-82.4448424, 34.9140095], [-82.4447167, 34.9139303], [-82.444765, 34.9138788], [-82.4447911, 34.9138952], [-82.4447992, 34.9138865], [-82.4447824, 34.9138759], [-82.4448218, 34.9138339], [-82.444839, 34.9138447], [-82.4448514, 34.9138315], [-82.4449544, 34.9138965], [-82.444916, 34.9139374], [-82.4449449, 34.9139556], [-82.4449094, 34.9139934], [-82.4448767, 34.9139728], [-82.4448424, 34.9140095]]]}}, {"type": "Feature", "id": "w1340215620", "properties": {"building": "house", "on_campus": false}, "geometry": {"type": "Polygon", "coordinates": [[[-82.4447248, 34.9142063], [-82.4446182, 34.9141431], [-82.4446381, 34.9141205], [-82.4446182, 34.9141087], [-82.4446684, 34.9140517], [-82.4446864, 34.9140623], [-82.4446957, 34.9140517], [-82.4446631, 34.9140324], [-82.4447079, 34.9139816], [-82.4448305, 34.9140543], [-82.444737, 34.9141604], [-82.4447556, 34.9141714], [-82.4447248, 34.9142063]]]}}, {"type": "Feature", "id": "w1340215622", "properties": {"building": "house", "on_campus": false}, "geometry": {"type": "Polygon", "coordinates": [[[-82.4442837, 34.9146439], [-82.4441901, 34.9145919], [-82.4444085, 34.9143276], [-82.444502, 34.9143795], [-82.4443855, 34.9145206], [-82.4444186, 34.9145391], [-82.4443704, 34.9145975], [-82.4443372, 34.9145791], [-82.4442837, 34.9146439]]]}}, {"type": "Feature", "id": "w1340215623", "properties": {"building": "house", "on_campus": false}, "geometry": {"type": "Polygon", "coordinates": [[[-82.4436886, 34.9153049], [-82.4435958, 34.9152426], [-82.4438449, 34.9149926], [-82.4439378, 34.9150548], [-82.4436886, 34.9153049]]]}}, {"type": "Feature", "id": "w1340215624", "properties": {"building": "house", "on_campus": false}, "geometry": {"type": "Polygon", "coordinates": [[[-82.4436564, 34.9142868], [-82.44352, 34.914207], [-82.4436162, 34.9140965], [-82.4437526, 34.9141763], [-82.4436564, 34.9142868]]]}}, {"type": "Feature", "id": "w1340215626", "properties": {"building": "house", "on_campus": false}, "geometry": {"type": "Polygon", "coordinates": [[[-82.4435413, 34.9144161], [-82.4434524, 34.9143609], [-82.4435367, 34.9142695], [-82.4436074, 34.9143133], [-82.4435811, 34.9143418], [-82.4435994, 34.9143531], [-82.4435413, 34.9144161]]]}}, {"type": "Feature", "id": "w1340215628", "properties": {"building": "house", "on_campus": false}, "geometry": {"type": "Polygon", "coordinates": [[[-82.4432915, 34.9144697], [-82.4433771, 34.9143769], [-82.4434836, 34.914443], [-82.4434588, 34.9144699], [-82.4434794, 34.9144826], [-82.4434187, 34.9145485], [-82.4432915, 34.9144697]]]}}, {"type": "Feature", "id": "w1340215629", "properties": {"building": "house", "on_campus": false}, "geometry": {"type": "Polygon", "coordinates": [[[-82.4432972, 34.9146854], [-82.4431985, 34.9146272], [-82.4432924, 34.9145202], [-82.4433925, 34.9145792], [-82.4433334, 34.9146466], [-82.4433483, 34.9146554], [-82.4433284, 34.914678], [-82.4433121, 34.9146684], [-82.4432972, 34.9146854]]]}}, {"type": "Feature", "id": "w1340215632", "properties": {"building": "house", "on_campus": false}, "geometry": {"type": "Polygon", "coordinates": [[[-82.4431748, 34.9148153], [-82.44304, 34.9147363], [-82.4430841, 34.9146857], [-82.4430586, 34.9146707], [-82.4431096, 34.9146122], [-82.4432699, 34.9147063], [-82.4431748, 34.9148153]]]}}, {"type": "Feature", "id": "w1340215633", "properties": {"building": "house", "on_campus": false}, "geometry": {"type": "Polygon", "coordinates": [[[-82.4430529, 34.9149527], [-82.4429555, 34.9148919], [-82.4430546, 34.9147851], [-82.443154, 34.9148472], [-82.4430963, 34.9149093], [-82.4431116, 34.9149189], [-82.4430896, 34.9149426], [-82.4430723, 34.9149319], [-82.4430529, 34.9149527]]]}}, {"type": "Feature", "id": "w1340215635", "properties": {"building": "house", "on_campus": false}, "geometry": {"type": "Polygon", "coordinates": [[[-82.4429228, 34.9150831], [-82.4427901, 34.9150016], [-82.4428885, 34.9148937], [-82.4430213, 34.9149751], [-82.4429228, 34.9150831]]]}}, {"type": "Feature", "id": "w1340215636", "properties": {"building": "house", "on_campus": false}, "geometry": {"type": "Polygon", "coordinates": [[[-82.4426468, 34.9151368], [-82.4426957, 34.9150917], [-82.4426686, 34.9150719], [-82.4426919, 34.9150504], [-82.4427146, 34.9150669], [-82.4427394, 34.915044], [-82.4428091, 34.9150948], [-82.4428273, 34.9150781], [-82.4428879, 34.9151222], [-82.4428337, 34.9151721], [-82.4428264, 34.9151668], [-82.4427965, 34.9151943], [-82.4427798, 34.9151821], [-82.4427485, 34.9152109], [-82.4426468, 34.9151368]]]}}, {"type": "Feature", "id": "w1340215639", "properties": {"building": "house", "on_campus": false}, "geometry": {"type": "Polygon", "coordinates": [[[-82.4426405, 34.9153394], [-82.4425451, 34.9152652], [-82.4426289, 34.915194], [-82.4427218, 34.9152647], [-82.4426405, 34.9153394]]]}}, {"type": "Feature", "id": "w1340215640", "properties": {"building": "house", "on_campus": false}, "geometry": {"type": "Polygon", "coordinates": [[[-82.4424987, 34.9154712], [-82.4424027, 34.9154], [-82.4425182, 34.9153023], [-82.4426056, 34.9153724], [-82.4425427, 34.9154301], [-82.4425586, 34.9154401], [-82.4425298, 34.9154632], [-82.4425182, 34.9154542], [-82.4424987, 34.9154712]]]}}, {"type": "Feature", "id": "w1340215643", "properties": {"building": "house", "on_campus": false}, "geometry": {"type": "Polygon", "coordinates": [[[-82.4423531, 34.9155925], [-82.4422339, 34.9154963], [-82.4423428, 34.9154015], [-82.4424589, 34.9154953], [-82.4423531, 34.9155925]]]}}, {"type": "Feature", "id": "w1340215644", "properties": {"building": "house", "on_campus": false}, "geometry": {"type": "Polygon", "coordinates": [[[-82.4421979, 34.9157205], [-82.4420788, 34.9156262], [-82.4421923, 34.9155299], [-82.4423113, 34.9156242], [-82.4421979, 34.9157205]]]}}, {"type": "Feature", "id": "w1340215647", "properties": {"building": "house", "on_campus": false}, "geometry": {"type": "Polygon", "coordinates": [[[-82.4420517, 34.9158392], [-82.4419521, 34.915761], [-82.4420603, 34.9156682], [-82.4421606, 34.9157484], [-82.4420517, 34.9158392]]]}}, {"type": "Feature", "id": "w1340215649", "properties": {"building": "house", "on_campus": false}, "geometry": {"type": "Polygon", "coordinates": [[[-82.4419166, 34.91597], [-82.441787, 34.9158692], [-82.4418812, 34.9157905], [-82.4419882, 34.9158768], [-82.4419466, 34.9159119], [-82.4419674, 34.9159279], [-82.4419166, 34.91597]]]}}, {"type": "Feature", "id": "w1340215650", "properties": {"building": "house", "on_campus": false}, "geometry": {"type": "Polygon", "coordinates": [[[-82.441766, 34.9160858], [-82.4416572, 34.915993], [-82.4417522, 34.9159181], [-82.441861, 34.9160109], [-82.441766, 34.9160858]]]}}, {"type": "Feature", "id": "w1340215653", "properties": {"building": "house", "on_campus": false}, "geometry": {"type": "Polygon", "coordinates": [[[-82.4416189, 34.9162155], [-82.4414905, 34.9161119], [-82.4415871, 34.9160313], [-82.4416951, 34.9161184], [-82.4416524, 34.916154], [-82.4416729, 34.9161705], [-82.4416189, 34.9162155]]]}}, {"type": "Feature", "id": "w1340215654", "properties": {"building": "house", "on_campus": false}, "geometry": {"type": "Polygon", "coordinates": [[[-82.4414525, 34.9163502], [-82.4413437, 34.9162613], [-82.4414599, 34.9161656], [-82.441558, 34.9162457], [-82.44149, 34.9163016], [-82.4415008, 34.9163104], [-82.4414525, 34.9163502]]]}}, {"type": "Feature", "id": "w1340215657", "properties": {"building": "house", "on_campus": false}, "geometry": {"type": "Polygon", "coordinates": [[[-82.4413261, 34.9164529], [-82.4411961, 34.9163475], [-82.441293, 34.9162671], [-82.4414019, 34.9163554], [-82.4413571, 34.9163926], [-82.4413781, 34.9164097], [-82.4413261, 34.9164529]]]}}, {"type": "Feature", "id": "w1340215659", "properties": {"building": "house", "on_campus": false}, "geometry": {"type": "Polygon", "coordinates": [[[-82.4411698, 34.9165636], [-82.4410697, 34.9164885], [-82.4411231, 34.9164407], [-82.4411091, 34.9164302], [-82.4411628, 34.9163821], [-82.4412769, 34.9164677], [-82.4411698, 34.9165636]]]}}, {"type": "Feature", "id": "w1340215661", "properties": {"building": "house", "on_campus": false}, "geometry": {"type": "Polygon", "coordinates": [[[-82.4421598, 34.9167278], [-82.4420997, 34.9166959], [-82.4421443, 34.9166393], [-82.4421282, 34.9166308], [-82.4421673, 34.9165813], [-82.4421779, 34.9165869], [-82.4422145, 34.9165406], [-82.4423174, 34.9165951], [-82.4422103, 34.916731], [-82.4421729, 34.9167112], [-82.4421598, 34.9167278]]]}}, {"type": "Feature", "id": "w1340215662", "properties": {"building": "yes", "on_campus": false}, "geometry": {"type": "Polygon", "coordinates": [[[-82.4423676, 34.9163041], [-82.4423934, 34.9162692], [-82.442444, 34.9162942], [-82.4426146, 34.9160628], [-82.4425725, 34.9160419], [-82.4425871, 34.9160222], [-82.4424397, 34.9159492], [-82.4423404, 34.9160839], [-82.4423017, 34.9160647], [-82.4421901, 34.9162161], [-82.4423676, 34.9163041]]]}}, {"type": "Feature", "id": "w1340215663", "properties": {"building": "yes", "on_campus": false}, "geometry": {"type": "Polygon", "coordinates": [[[-82.4425685, 34.9166482], [-82.442482, 34.9166016], [-82.4424073, 34.9166948], [-82.4424937, 34.9167414], [-82.4425685, 34.9166482]]]}}, {"type": "Feature", "id": "w1340215664", "properties": {"building": "yes", "on_campus": false}, "geometry": {"type": "Polygon", "coordinates": [[[-82.4426404, 34.9163732], [-82.4426105, 34.9163411], [-82.4426812, 34.9162967], [-82.4427111, 34.9163288], [-82.4426404, 34.9163732]]]}}, {"type": "Feature", "id": "w1340215665", "properties": {"building": "yes", "on_campus": false}, "geometry": {"type": "Polygon", "coordinates": [[[-82.4425093, 34.9165187], [-82.4424573, 34.9164844], [-82.4424908, 34.9164502], [-82.4425428, 34.9164845], [-82.4425093, 34.9165187]]]}}, {"type": "Feature", "id": "w1340215666", "properties": {"building": "house", "on_campus": false}, "geometry": {"type": "Polygon", "coordinates": [[[-82.4406333, 34.9163345], [-82.4405368, 34.916294], [-82.4405696, 34.9162415], [-82.4405512, 34.9162337], [-82.4405951, 34.9161631], [-82.4406201, 34.9161736], [-82.4406533, 34.9161204], [-82.4407433, 34.9161581], [-82.4406333, 34.9163345]]]}}, {"type": "Feature", "id": "w1340215668", "properties": {"building": "garage", "on_campus": false}, "geometry": {"type": "Polygon", "coordinates": [[[-82.4407, 34.916407], [-82.4407243, 34.9163657], [-82.4408191, 34.9164032], [-82.4407948, 34.9164446], [-82.4407, 34.916407]]]}}, {"type": "Feature", "id": "w1340215669", "properties": {"building": "yes", "on_campus": false}, "geometry": {"type": "Polygon", "coordinates": [[[-82.4408342, 34.9162583], [-82.4407829, 34.9162229], [-82.4408211, 34.9161856], [-82.4408725, 34.9162211], [-82.4408342, 34.9162583]]]}}, {"type": "Feature", "id": "w1340215670", "properties": {"building": "house", "on_campus": false}, "geometry": {"type": "Polygon", "coordinates": [[[-82.4407961, 34.9161144], [-82.4407176, 34.9160477], [-82.4408214, 34.9159655], [-82.4408848, 34.9159153], [-82.4409603, 34.9159794], [-82.4408975, 34.9160291], [-82.4409183, 34.9160468], [-82.4408831, 34.9160747], [-82.4408653, 34.9160596], [-82.4407961, 34.9161144]]]}}, {"type": "Feature", "id": "w1340215671", "properties": {"building": "garage", "on_campus": false}, "geometry": {"type": "Polygon", "coordinates": [[[-82.4410292, 34.9161647], [-82.4409712, 34.9161169], [-82.4408817, 34.9161899], [-82.4409397, 34.9162377], [-82.4410292, 34.9161647]]]}}, {"type": "Feature", "id": "w1340215673", "properties": {"building": "house", "on_campus": false}, "geometry": {"type": "Polygon", "coordinates": [[[-82.4411293, 34.9160008], [-82.441093, 34.9159708], [-82.4410583, 34.9159991], [-82.441021, 34.9159683], [-82.441055, 34.9159406], [-82.4409563, 34.9158592], [-82.4410325, 34.9157971], [-82.4410801, 34.9158364], [-82.4411624, 34.9157694], [-82.4412383, 34.915832], [-82.4411963, 34.9158663], [-82.4411817, 34.9158542], [-82.4411431, 34.9158856], [-82.4412065, 34.9159379], [-82.4411293, 34.9160008]]]}}, {"type": "Feature", "id": "w1340215674", "properties": {"building": "yes", "on_campus": false}, "geometry": {"type": "Polygon", "coordinates": [[[-82.4411245, 34.9160639], [-82.4410966, 34.9160411], [-82.441168, 34.9159825], [-82.4411959, 34.9160053], [-82.4411245, 34.9160639]]]}}, {"type": "Feature", "id": "w1340215676", "properties": {"building": "house", "on_campus": false}, "geometry": {"type": "Polygon", "coordinates": [[[-82.4413108, 34.9157398], [-82.441221, 34.9156627], [-82.4413114, 34.9155919], [-82.4413037, 34.9155853], [-82.4413624, 34.9155393], [-82.4414599, 34.915623], [-82.4413108, 34.9157398]]]}}, {"type": "Feature", "id": "w1340215678", "properties": {"building": "house", "on_campus": false}, "geometry": {"type": "Polygon", "coordinates": [[[-82.4415204, 34.9155698], [-82.4414424, 34.9155006], [-82.441499, 34.9154578], [-82.4414871, 34.9154472], [-82.4415511, 34.9153987], [-82.4415428, 34.9153914], [-82.4416159, 34.9153361], [-82.4417102, 34.9154198], [-82.4416734, 34.9154477], [-82.4417059, 34.9154766], [-82.4416436, 34.9155238], [-82.4416148, 34.9154982], [-82.4415204, 34.9155698]]]}}, {"type": "Feature", "id": "w1340215680", "properties": {"building": "house", "on_campus": false}, "geometry": {"type": "Polygon", "coordinates": [[[-82.4417464, 34.9153698], [-82.4416786, 34.9153115], [-82.4417744, 34.9152367], [-82.4417644, 34.9152282], [-82.4418502, 34.9151612], [-82.4419238, 34.9152246], [-82.441849, 34.915283], [-82.4418846, 34.9153137], [-82.4418246, 34.9153605], [-82.4417931, 34.9153334], [-82.4417464, 34.9153698]]]}}, {"type": "Feature", "id": "w1340215682", "properties": {"building": "house", "on_campus": false}, "geometry": {"type": "Polygon", "coordinates": [[[-82.4419981, 34.9151819], [-82.4419271, 34.9151229], [-82.44203, 34.9150396], [-82.44201, 34.915023], [-82.4420869, 34.9149608], [-82.4421778, 34.9150363], [-82.4419981, 34.9151819]]]}}, {"type": "Feature", "id": "w1340215684", "properties": {"building": "house", "on_campus": false}, "geometry": {"type": "Polygon", "coordinates": [[[-82.4422319, 34.9149925], [-82.442151, 34.9149237], [-82.4422436, 34.9148505], [-82.4422341, 34.9148424], [-82.4423208, 34.9147737], [-82.4424048, 34.9148451], [-82.4423598, 34.9148807], [-82.4424073, 34.9149209], [-82.4423585, 34.9149595], [-82.4423176, 34.9149247], [-82.4422319, 34.9149925]]]}}, {"type": "Feature", "id": "w1340215685", "properties": {"building": "garage", "on_campus": false}, "geometry": {"type": "Polygon", "coordinates": [[[-82.4423474, 34.9151092], [-82.4422826, 34.9150568], [-82.442345, 34.915005], [-82.4424097, 34.9150574], [-82.4423474, 34.9151092]]]}}, {"type": "Feature", "id": "w1340215689", "properties": {"building": "house", "on_campus": false}, "geometry": {"type": "Polygon", "coordinates": [[[-82.4424602, 34.9147701], [-82.4423985, 34.9147277], [-82.4424378, 34.9146892], [-82.4424108, 34.9146707], [-82.4424753, 34.9146077], [-82.4424838, 34.9146136], [-82.4424916, 34.914606], [-82.4425082, 34.9145897], [-82.4425202, 34.914598], [-82.4425463, 34.9145724], [-82.4426144, 34.9146192], [-82.4424602, 34.9147701]]]}}, {"type": "Feature", "id": "w1340215691", "properties": {"building": "house", "on_campus": false}, "geometry": {"type": "Polygon", "coordinates": [[[-82.4426707, 34.9145656], [-82.4425761, 34.9145067], [-82.4427172, 34.914346], [-82.4428194, 34.9144028], [-82.4426707, 34.9145656]]]}}, {"type": "Feature", "id": "w1340215693", "properties": {"building": "yes", "on_campus": false}, "geometry": {"type": "Polygon", "coordinates": [[[-82.4427781, 34.9147294], [-82.442748, 34.9147096], [-82.4427729, 34.9146843], [-82.4428029, 34.9147042], [-82.4427781, 34.9147294]]]}}, {"type": "Feature", "id": "w1340215694", "properties": {"building": "yes", "on_campus": false}, "geometry": {"type": "Polygon", "coordinates": [[[-82.4427966, 34.9146566], [-82.4427654, 34.9146363], [-82.4428158, 34.9145843], [-82.442847, 34.9146047], [-82.4427966, 34.9146566]]]}}, {"type": "Feature", "id": "w1340215695", "properties": {"building": "house", "on_campus": false}, "geometry": {"type": "Polygon", "coordinates": [[[-82.4428507, 34.914334], [-82.4427783, 34.9142898], [-82.4428498, 34.9142111], [-82.4428361, 34.9142027], [-82.4429098, 34.9141215], [-82.4429959, 34.9141741], [-82.4428507, 34.914334]]]}}, {"type": "Feature", "id": "w1340215697", "properties": {"building": "house", "on_campus": false}, "geometry": {"type": "Polygon", "coordinates": [[[-82.443042, 34.9141249], [-82.4429617, 34.914075], [-82.4430068, 34.9140261], [-82.4429889, 34.914015], [-82.4430167, 34.9139848], [-82.4430337, 34.9139953], [-82.4431504, 34.9138689], [-82.4432317, 34.9139194], [-82.443042, 34.9141249]]]}}, {"type": "Feature", "id": "w1340215699", "properties": {"building": "yes", "on_campus": false}, "geometry": {"type": "Polygon", "coordinates": [[[-82.4420118, 34.9153959], [-82.4419641, 34.9153538], [-82.442028, 34.9153051], [-82.4420842, 34.9153548], [-82.4420553, 34.9153768], [-82.4420468, 34.9153693], [-82.4420118, 34.9153959]]]}}, {"type": "Feature", "id": "w1340215700", "properties": {"building": "yes", "on_campus": false}, "geometry": {"type": "Polygon", "coordinates": [[[-82.4421128, 34.9153203], [-82.4420873, 34.9152968], [-82.4421285, 34.9152668], [-82.442154, 34.9152903], [-82.4421128, 34.9153203]]]}}, {"type": "Feature", "id": "w1340215701", "properties": {"building": "yes", "on_campus": false}, "geometry": {"type": "Polygon", "coordinates": [[[-82.4422302, 34.9153295], [-82.4422499, 34.9153445], [-82.4422737, 34.9153226], [-82.4422534, 34.9153071], [-82.4422302, 34.9153295]]]}}, {"type": "Feature", "id": "w1340215702", "properties": {"building": "yes", "on_campus": false}, "geometry": {"type": "Polygon", "coordinates": [[[-82.441374, 34.9158711], [-82.4413538, 34.9158572], [-82.4413721, 34.9158395], [-82.4413922, 34.9158535], [-82.441374, 34.9158711]]]}}, {"type": "Feature", "id": "w1340215703", "properties": {"building": "yes", "on_campus": false}, "geometry": {"type": "Polygon", "coordinates": [[[-82.4429806, 34.9146721], [-82.4429408, 34.914653], [-82.4429593, 34.9146271], [-82.4429991, 34.9146461], [-82.4429806, 34.9146721]]]}}, {"type": "Feature", "id": "w1340215704", "properties": {"building": "yes", "on_campus": false}, "geometry": {"type": "Polygon", "coordinates": [[[-82.4434623, 34.9140618], [-82.4434316, 34.9140433], [-82.4434507, 34.9140219], [-82.4434815, 34.9140404], [-82.4434623, 34.9140618]]]}}, {"type": "Feature", "id": "w1340215705", "properties": {"building": "house", "on_campus": false}, "geometry": {"type": "Polygon", "coordinates": [[[-82.4444887, 34.91312], [-82.4444367, 34.9130776], [-82.44461, 34.9129346], [-82.4446894, 34.9129992], [-82.4445431, 34.9131199], [-82.4445157, 34.9130976], [-82.4444887, 34.91312]]]}}, {"type": "Feature", "id": "w1340704039", "properties": {"building": "house", "on_campus": false}, "geometry": {"type": "Polygon", "coordinates": [[[-82.4378371, 34.9352504], [-82.4377603, 34.9352217], [-82.4377794, 34.9351873], [-82.4376862, 34.9351525], [-82.4377413, 34.9350532], [-82.4379294, 34.9351234], [-82.4378749, 34.9352215], [-82.4378569, 34.9352147], [-82.4378371, 34.9352504]]]}}, {"type": "Feature", "id": "w1340704041", "properties": {"building": "house", "on_campus": false}, "geometry": {"type": "Polygon", "coordinates": [[[-82.4376206, 34.9356022], [-82.4375122, 34.9355691], [-82.4375998, 34.9353764], [-82.4376984, 34.9354065], [-82.4376879, 34.9354295], [-82.4377806, 34.9354578], [-82.4377614, 34.9355], [-82.4376786, 34.9354746], [-82.4376206, 34.9356022]]]}}, {"type": "Feature", "id": "w1340704043", "properties": {"building": "house", "on_campus": false}, "geometry": {"type": "Polygon", "coordinates": [[[-82.4374189, 34.9359915], [-82.4373448, 34.9359618], [-82.4373605, 34.935933], [-82.4373365, 34.9359254], [-82.4374152, 34.9357704], [-82.4375876, 34.9358258], [-82.4375616, 34.9358783], [-82.4375144, 34.9358638], [-82.437456, 34.9359656], [-82.4374365, 34.9359588], [-82.4374189, 34.9359915]]]}}, {"type": "Feature", "id": "w1340704044", "properties": {"building": "yes", "on_campus": false}, "geometry": {"type": "Polygon", "coordinates": [[[-82.4378077, 34.9359333], [-82.4377233, 34.9359005], [-82.4377721, 34.9358163], [-82.4378565, 34.9358492], [-82.4378077, 34.9359333]]]}}, {"type": "Feature", "id": "w1340704046", "properties": {"building": "house", "on_campus": false}, "geometry": {"type": "Polygon", "coordinates": [[[-82.437166, 34.9364386], [-82.4369455, 34.9363642], [-82.4369714, 34.9363125], [-82.436996, 34.9363208], [-82.4370101, 34.9362928], [-82.4370547, 34.9363078], [-82.437059, 34.9362991], [-82.4372104, 34.9363502], [-82.437166, 34.9364386]]]}}, {"type": "Feature", "id": "w1340704048", "properties": {"building": "house", "on_campus": false}, "geometry": {"type": "Polygon", "coordinates": [[[-82.4372688, 34.9364973], [-82.4373186, 34.9364067], [-82.4374989, 34.9364733], [-82.4375056, 34.9364612], [-82.4375664, 34.9364836], [-82.4375098, 34.9365864], [-82.4372688, 34.9364973]]]}}, {"type": "Feature", "id": "w1340704050", "properties": {"building": "house", "on_campus": false}, "geometry": {"type": "Polygon", "coordinates": [[[-82.4377803, 34.9366985], [-82.437697, 34.9366729], [-82.4377027, 34.9366603], [-82.4376344, 34.9366393], [-82.4376801, 34.9365394], [-82.4377514, 34.9365613], [-82.4377573, 34.9365484], [-82.4378985, 34.9365917], [-82.4378562, 34.9366844], [-82.4377953, 34.9366657], [-82.4377803, 34.9366985]]]}}, {"type": "Feature", "id": "w1340704052", "properties": {"building": "yes", "on_campus": false}, "geometry": {"type": "Polygon", "coordinates": [[[-82.4379231, 34.9368516], [-82.4378876, 34.9368393], [-82.4379083, 34.9367989], [-82.4379438, 34.9368112], [-82.4379231, 34.9368516]]]}}, {"type": "Feature", "id": "w1340704053", "properties": {"building": "house", "on_campus": false}, "geometry": {"type": "Polygon", "coordinates": [[[-82.4369346, 34.9368548], [-82.4368688, 34.9368588], [-82.4368627, 34.9367901], [-82.4368518, 34.9367907], [-82.4368392, 34.9366506], [-82.4369159, 34.936646], [-82.4369346, 34.9368548]]]}}, {"type": "Feature", "id": "w1340704054", "properties": {"building": "house", "on_campus": false}, "geometry": {"type": "Polygon", "coordinates": [[[-82.4362171, 34.937421], [-82.4361139, 34.9373848], [-82.4360368, 34.9375328], [-82.43614, 34.937569], [-82.4362171, 34.937421]]]}}, {"type": "Feature", "id": "w1340704055", "properties": {"building": "yes", "on_campus": false}, "geometry": {"type": "Polygon", "coordinates": [[[-82.4362308, 34.937335], [-82.4361851, 34.9372684], [-82.4362544, 34.9372365], [-82.4363001, 34.9373031], [-82.4362308, 34.937335]]]}}, {"type": "Feature", "id": "w1340704056", "properties": {"building": "yes", "on_campus": false}, "geometry": {"type": "Polygon", "coordinates": [[[-82.4355391, 34.9378274], [-82.4353806, 34.9378526], [-82.4353607, 34.9377683], [-82.4355192, 34.9377432], [-82.4355391, 34.9378274]]]}}, {"type": "Feature", "id": "w1340704058", "properties": {"building": "yes", "on_campus": false}, "geometry": {"type": "Polygon", "coordinates": [[[-82.4348967, 34.9375664], [-82.4347837, 34.9376146], [-82.4348371, 34.9376986], [-82.4347901, 34.9377186], [-82.4348177, 34.9377621], [-82.4348339, 34.9377552], [-82.4348484, 34.937778], [-82.434937, 34.9377402], [-82.4349248, 34.937721], [-82.4349355, 34.9377165], [-82.4348866, 34.9376395], [-82.434931, 34.9376205], [-82.4348967, 34.9375664]]]}}, {"type": "Feature", "id": "w1340704060", "properties": {"building": "house", "on_campus": false}, "geometry": {"type": "Polygon", "coordinates": [[[-82.4380363, 34.9362001], [-82.4379957, 34.9361882], [-82.4379907, 34.9361997], [-82.4378618, 34.9361619], [-82.4379163, 34.9360369], [-82.4380858, 34.9360867], [-82.4380363, 34.9362001]]]}}, {"type": "Feature", "id": "w1340704062", "properties": {"building": "house", "on_campus": false}, "geometry": {"type": "Polygon", "coordinates": [[[-82.4383592, 34.9363102], [-82.4382788, 34.936244], [-82.4383332, 34.9361996], [-82.4383657, 34.9362264], [-82.4384, 34.9361984], [-82.4383723, 34.9361757], [-82.4384102, 34.9361448], [-82.438438, 34.9361676], [-82.438475, 34.9361374], [-82.4385666, 34.9362128], [-82.438515, 34.9362549], [-82.4385027, 34.9362448], [-82.4384593, 34.9362802], [-82.4384277, 34.9362542], [-82.4383592, 34.9363102]]]}}, {"type": "Feature", "id": "w1340704064", "properties": {"building": "house", "on_campus": false}, "geometry": {"type": "Polygon", "coordinates": [[[-82.4388569, 34.9360918], [-82.43877, 34.936027], [-82.438957, 34.9358582], [-82.439044, 34.935923], [-82.4388569, 34.9360918]]]}}, {"type": "Feature", "id": "w1340704066", "properties": {"building": "house", "on_campus": false}, "geometry": {"type": "Polygon", "coordinates": [[[-82.4388228, 34.9367748], [-82.4387689, 34.9367217], [-82.4390449, 34.9365337], [-82.439112, 34.9365999], [-82.438893, 34.936749], [-82.4388798, 34.936736], [-82.4388228, 34.9367748]]]}}, {"type": "Feature", "id": "w1340704068", "properties": {"building": "house", "on_campus": false}, "geometry": {"type": "Polygon", "coordinates": [[[-82.4391955, 34.936523], [-82.4391146, 34.9364476], [-82.439269, 34.9363363], [-82.4393499, 34.9364116], [-82.4391955, 34.936523]]]}}, {"type": "Feature", "id": "w1340704070", "properties": {"building": "house", "on_campus": false}, "geometry": {"type": "Polygon", "coordinates": [[[-82.4396488, 34.9360965], [-82.4395792, 34.9360489], [-82.4394002, 34.9362247], [-82.4394776, 34.9362777], [-82.4395653, 34.9361916], [-82.4396003, 34.9362156], [-82.439637, 34.9361795], [-82.4395941, 34.9361501], [-82.4396488, 34.9360965]]]}}, {"type": "Feature", "id": "w1340704072", "properties": {"building": "house", "on_campus": false}, "geometry": {"type": "Polygon", "coordinates": [[[-82.4404034, 34.9355132], [-82.4403059, 34.935445], [-82.4401219, 34.9356216], [-82.4402194, 34.9356899], [-82.4404034, 34.9355132]]]}}, {"type": "Feature", "id": "w1340704074", "properties": {"building": "house", "on_campus": false}, "geometry": {"type": "Polygon", "coordinates": [[[-82.439015, 34.9357974], [-82.4390959, 34.9356323], [-82.439236, 34.9356784], [-82.4391551, 34.9358435], [-82.439015, 34.9357974]]]}}, {"type": "Feature", "id": "w1340704076", "properties": {"building": "yes", "on_campus": false}, "geometry": {"type": "Polygon", "coordinates": [[[-82.4381389, 34.9353152], [-82.4381985, 34.9353243], [-82.4381848, 34.9353844], [-82.4381251, 34.9353753], [-82.4381389, 34.9353152]]]}}, {"type": "Feature", "id": "w1340704077", "properties": {"building": "yes", "on_campus": false}, "geometry": {"type": "Polygon", "coordinates": [[[-82.4382667, 34.9359277], [-82.4382448, 34.9359196], [-82.4382577, 34.935896], [-82.4382796, 34.9359041], [-82.4382667, 34.9359277]]]}}, {"type": "Feature", "id": "w1340704078", "properties": {"building": "yes", "on_campus": false}, "geometry": {"type": "Polygon", "coordinates": [[[-82.434632, 34.9373364], [-82.4345714, 34.9372949], [-82.434666, 34.9372021], [-82.4347266, 34.9372437], [-82.434632, 34.9373364]]]}}, {"type": "Feature", "id": "w1340706634", "properties": {"building": "house", "on_campus": false}, "geometry": {"type": "Polygon", "coordinates": [[[-82.4371431, 34.9380204], [-82.4371266, 34.9379273], [-82.4368914, 34.9379554], [-82.4369061, 34.9380382], [-82.4370706, 34.9380186], [-82.4370724, 34.9380288], [-82.4371431, 34.9380204]]]}}, {"type": "Feature", "id": "w1340706637", "properties": {"addr:housenumber": "101", "addr:street": "Cypresswood Drive", "building": "house", "on_campus": false}, "geometry": {"type": "Polygon", "coordinates": [[[-82.4430775, 34.9328537], [-82.4428857, 34.9328403], [-82.4429, 34.9327023], [-82.4432224, 34.9327248], [-82.4432134, 34.9328117], [-82.4430828, 34.9328026], [-82.4430775, 34.9328537]]]}}, {"type": "Feature", "id": "w1340706638", "properties": {"addr:housenumber": "103", "addr:street": "Cypresswood Drive", "building": "house", "on_campus": false}, "geometry": {"type": "Polygon", "coordinates": [[[-82.4431164, 34.9326618], [-82.4428956, 34.9326477], [-82.4429084, 34.9325132], [-82.4431216, 34.9325268], [-82.4431239, 34.9325034], [-82.4432368, 34.9325106], [-82.4432292, 34.9325917], [-82.4431236, 34.9325849], [-82.4431164, 34.9326618]]]}}, {"type": "Feature", "id": "w1340706639", "properties": {"addr:housenumber": "105", "addr:street": "Cypresswood Drive", "building": "house", "on_campus": false}, "geometry": {"type": "Polygon", "coordinates": [[[-82.4431244, 34.9324333], [-82.442928, 34.9324217], [-82.4429406, 34.9322781], [-82.4431212, 34.9322888], [-82.4431225, 34.9322745], [-82.4432379, 34.9322813], [-82.443231, 34.9323596], [-82.4431314, 34.9323538], [-82.4431244, 34.9324333]]]}}, {"type": "Feature", "id": "w1340706640", "properties": {"addr:housenumber": "107", "addr:street": "Cypresswood Drive", "building": "house", "on_campus": false}, "geometry": {"type": "Polygon", "coordinates": [[[-82.4431744, 34.9321746], [-82.4429581, 34.9321596], [-82.4429711, 34.9320333], [-82.4431735, 34.9320473], [-82.4431767, 34.9320162], [-82.4432913, 34.9320241], [-82.443287, 34.9320655], [-82.4432828, 34.9321068], [-82.4431821, 34.9320998], [-82.4431744, 34.9321746]]]}}, {"type": "Feature", "id": "w1340706641", "properties": {"addr:housenumber": "109", "addr:street": "Cypresswood Drive", "building": "house", "on_campus": false}, "geometry": {"type": "Polygon", "coordinates": [[[-82.443044, 34.9319366], [-82.4432549, 34.9319519], [-82.4432623, 34.931883], [-82.4433769, 34.9318913], [-82.443385, 34.9318162], [-82.4432585, 34.931807], [-82.443257, 34.9318209], [-82.443058, 34.9318065], [-82.443044, 34.9319366]]]}}, {"type": "Feature", "id": "w1340706642", "properties": {"addr:housenumber": "309", "addr:street": "Fairway Hill Court", "building": "house", "on_campus": false}, "geometry": {"type": "Polygon", "coordinates": [[[-82.4436001, 34.9317145], [-82.4434811, 34.9316108], [-82.4436083, 34.9315126], [-82.4435919, 34.9314983], [-82.4436765, 34.931433], [-82.443749, 34.9314961], [-82.4436762, 34.9315523], [-82.4437393, 34.9316072], [-82.4436001, 34.9317145]]]}}, {"type": "Feature", "id": "w1340706643", "properties": {"addr:housenumber": "100", "addr:street": "Cypresswood Drive", "building": "house", "on_campus": false}, "geometry": {"type": "Polygon", "coordinates": [[[-82.4438134, 34.9327993], [-82.4436016, 34.9327859], [-82.4436076, 34.9327222], [-82.443498, 34.9327152], [-82.4435055, 34.9326368], [-82.4436251, 34.9326444], [-82.4436234, 34.9326621], [-82.4438252, 34.932675], [-82.4438134, 34.9327993]]]}}, {"type": "Feature", "id": "w1340706644", "properties": {"addr:housenumber": "102", "addr:street": "Cypresswood Drive", "building": "house", "on_campus": false}, "geometry": {"type": "Polygon", "coordinates": [[[-82.4438375, 34.9325778], [-82.4436307, 34.9325655], [-82.4436362, 34.9325034], [-82.4435227, 34.9324966], [-82.4435298, 34.9324167], [-82.4436511, 34.932424], [-82.4436494, 34.9324431], [-82.4438484, 34.932455], [-82.4438375, 34.9325778]]]}}, {"type": "Feature", "id": "w1340706645", "properties": {"addr:housenumber": "104", "addr:street": "Cypresswood Drive", "building": "house", "on_campus": false}, "geometry": {"type": "Polygon", "coordinates": [[[-82.4438306, 34.9323308], [-82.4436225, 34.9323189], [-82.4436279, 34.932256], [-82.443525, 34.9322501], [-82.4435319, 34.9321693], [-82.4436429, 34.9321756], [-82.4436414, 34.9321935], [-82.4438413, 34.9322049], [-82.4438306, 34.9323308]]]}}, {"type": "Feature", "id": "w1340706646", "properties": {"building": "yes", "on_campus": false}, "geometry": {"type": "Polygon", "coordinates": [[[-82.4440889, 34.9328724], [-82.4440695, 34.9328552], [-82.4440983, 34.9328334], [-82.4441177, 34.9328507], [-82.4440889, 34.9328724]]]}}, {"type": "Feature", "id": "w1340706647", "properties": {"addr:housenumber": "2", "addr:street": "Bayberry Mill Drive", "building": "house", "on_campus": false}, "geometry": {"type": "Polygon", "coordinates": [[[-82.4445669, 34.9330732], [-82.4444334, 34.9329546], [-82.444416, 34.9329677], [-82.4443359, 34.9328965], [-82.4444046, 34.9328444], [-82.4444781, 34.9329098], [-82.4445413, 34.932862], [-82.4446815, 34.9329866], [-82.4445669, 34.9330732]]]}}, {"type": "Feature", "id": "w1340706648", "properties": {"addr:housenumber": "4", "addr:street": "Bayberry Mill Drive", "building": "house", "on_campus": false}, "geometry": {"type": "Polygon", "coordinates": [[[-82.4447631, 34.9329211], [-82.444626, 34.9328009], [-82.4446065, 34.9328159], [-82.4445233, 34.9327429], [-82.4445946, 34.9326882], [-82.4446735, 34.9327574], [-82.4447373, 34.9327084], [-82.4448787, 34.9328324], [-82.4447631, 34.9329211]]]}}, {"type": "Feature", "id": "w1340706649", "properties": {"addr:housenumber": "6", "addr:street": "Bayberry Mill Drive", "building": "house", "on_campus": false}, "geometry": {"type": "Polygon", "coordinates": [[[-82.4449767, 34.9327748], [-82.4448852, 34.9326991], [-82.4448729, 34.9327091], [-82.4448333, 34.9326764], [-82.4448542, 34.9326595], [-82.4448493, 34.9326555], [-82.4448973, 34.9326165], [-82.4447996, 34.9325357], [-82.4448701, 34.9324784], [-82.4451037, 34.9326716], [-82.4449767, 34.9327748]]]}}, {"type": "Feature", "id": "w1340706650", "properties": {"addr:housenumber": "207", "addr:street": "Golf Vista Court", "building": "house", "on_campus": false}, "geometry": {"type": "Polygon", "coordinates": [[[-82.4457233, 34.9327104], [-82.4457076, 34.9326891], [-82.445698, 34.9326939], [-82.445669, 34.9326545], [-82.4455588, 34.9327092], [-82.4455065, 34.9326384], [-82.4457794, 34.932503], [-82.4458638, 34.9326174], [-82.4457523, 34.9326727], [-82.4457648, 34.9326897], [-82.4457233, 34.9327104]]]}}, {"type": "Feature", "id": "w1340706651", "properties": {"addr:housenumber": "205", "addr:street": "Golf Vista Court", "building": "house", "on_campus": false}, "geometry": {"type": "Polygon", "coordinates": [[[-82.4454289, 34.9326069], [-82.4453561, 34.9325435], [-82.4454347, 34.9324828], [-82.4453744, 34.9324303], [-82.4455162, 34.9323209], [-82.4456377, 34.9324267], [-82.4455018, 34.9325315], [-82.4455134, 34.9325417], [-82.4454289, 34.9326069]]]}}, {"type": "Feature", "id": "w1340706652", "properties": {"addr:housenumber": "203", "addr:street": "Golf Vista Court", "building": "house", "on_campus": false}, "geometry": {"type": "Polygon", "coordinates": [[[-82.4452661, 34.9324316], [-82.4451983, 34.9323727], [-82.4452976, 34.9322959], [-82.4452338, 34.9322404], [-82.4452716, 34.9322112], [-82.4452892, 34.9322265], [-82.4453837, 34.9321534], [-82.4454977, 34.9322525], [-82.4452661, 34.9324316]]]}}, {"type": "Feature", "id": "w1340706653", "properties": {"addr:housenumber": "201", "addr:street": "Golf Vista Court", "building": "house", "on_campus": false}, "geometry": {"type": "Polygon", "coordinates": [[[-82.4451047, 34.9322869], [-82.4450302, 34.9322214], [-82.4451285, 34.9321462], [-82.4450853, 34.9321082], [-82.4450933, 34.9321021], [-82.4450741, 34.9320853], [-82.4451094, 34.9320583], [-82.4451279, 34.9320745], [-82.445217, 34.9320064], [-82.4453354, 34.9321104], [-82.4451047, 34.9322869]]]}}, {"type": "Feature", "id": "w1340706654", "properties": {"addr:housenumber": "300", "addr:street": "Fairway Hill Court", "building": "house", "on_campus": false}, "geometry": {"type": "Polygon", "coordinates": [[[-82.4448416, 34.932063], [-82.4447706, 34.9320011], [-82.4450029, 34.9318223], [-82.4451135, 34.9319189], [-82.4450159, 34.9319941], [-82.4450352, 34.9320109], [-82.4449979, 34.9320397], [-82.4449389, 34.9319881], [-82.4448416, 34.932063]]]}}, {"type": "Feature", "id": "w1340706655", "properties": {"addr:housenumber": "302", "addr:street": "Fairway Hill Court", "building": "house", "on_campus": false}, "geometry": {"type": "Polygon", "coordinates": [[[-82.4446711, 34.9319039], [-82.4446015, 34.9318432], [-82.4448275, 34.931669], [-82.4449354, 34.931763], [-82.4448405, 34.9318362], [-82.4448649, 34.9318574], [-82.4448273, 34.9318864], [-82.4447646, 34.9318318], [-82.4446711, 34.9319039]]]}}, {"type": "Feature", "id": "w1340706656", "properties": {"addr:housenumber": "304", "addr:street": "Fairway Hill Court", "building": "house", "on_campus": false}, "geometry": {"type": "Polygon", "coordinates": [[[-82.4444885, 34.9317531], [-82.4444222, 34.9316936], [-82.444506, 34.9316307], [-82.4445222, 34.9316452], [-82.4446737, 34.9315315], [-82.4447794, 34.9316263], [-82.4446229, 34.9317436], [-82.4445674, 34.9316939], [-82.4444885, 34.9317531]]]}}, {"type": "Feature", "id": "w1340706657", "properties": {"addr:housenumber": "306", "addr:street": "Fairway Hill Court", "building": "house", "on_campus": false}, "geometry": {"type": "Polygon", "coordinates": [[[-82.444378, 34.9316531], [-82.4443066, 34.9315893], [-82.4444088, 34.9315125], [-82.4443486, 34.9314587], [-82.4443856, 34.9314309], [-82.4443996, 34.9314435], [-82.4444981, 34.9313694], [-82.4446156, 34.9314746], [-82.444378, 34.9316531]]]}}, {"type": "Feature", "id": "w1340706658", "properties": {"addr:housenumber": "308", "addr:street": "Fairway Hill Court", "building": "house", "on_campus": false}, "geometry": {"type": "Polygon", "coordinates": [[[-82.4441743, 34.9314798], [-82.4440969, 34.9314121], [-82.4441778, 34.93135], [-82.4441214, 34.9313007], [-82.4442656, 34.9311898], [-82.4443402, 34.931255], [-82.4443625, 34.9312379], [-82.4444087, 34.9312783], [-82.444253, 34.9313979], [-82.444266, 34.9314093], [-82.4441743, 34.9314798]]]}}, {"type": "Feature", "id": "w1340706659", "properties": {"addr:housenumber": "310", "addr:street": "Fairway Hill Court", "building": "house", "on_campus": false}, "geometry": {"type": "Polygon", "coordinates": [[[-82.4439881, 34.9313039], [-82.4439189, 34.9312437], [-82.4439993, 34.9311815], [-82.4439364, 34.9311269], [-82.4440729, 34.9310214], [-82.4441463, 34.9310852], [-82.4441753, 34.9310628], [-82.444221, 34.9311025], [-82.4440618, 34.9312255], [-82.4440748, 34.9312369], [-82.4439881, 34.9313039]]]}}, {"type": "Feature", "id": "w1340706660", "properties": {"addr:housenumber": "312", "addr:street": "Fairway Hill Court", "building": "house", "on_campus": false}, "geometry": {"type": "Polygon", "coordinates": [[[-82.4437916, 34.931173], [-82.4437244, 34.9311131], [-82.4438261, 34.9310364], [-82.4437577, 34.9309755], [-82.4437908, 34.9309505], [-82.4438103, 34.9309679], [-82.4439131, 34.9308903], [-82.4440292, 34.9309938], [-82.4437916, 34.931173]]]}}, {"type": "Feature", "id": "w1340706661", "properties": {"addr:housenumber": "314", "addr:street": "Fairway Hill Court", "building": "house", "on_campus": false}, "geometry": {"type": "Polygon", "coordinates": [[[-82.443643, 34.9309707], [-82.4435298, 34.9309434], [-82.4435625, 34.9308521], [-82.443589, 34.9308585], [-82.4436375, 34.9307234], [-82.4438169, 34.9307667], [-82.4437615, 34.9309209], [-82.4436688, 34.9308986], [-82.443643, 34.9309707]]]}}, {"type": "Feature", "id": "w1340706690", "properties": {"addr:housenumber": "301", "addr:street": "Fairway Hill Court", "building": "house", "on_campus": false}, "geometry": {"type": "Polygon", "coordinates": [[[-82.4444553, 34.9324661], [-82.4443519, 34.9323761], [-82.4445032, 34.9322592], [-82.4444868, 34.9322449], [-82.4445661, 34.9321836], [-82.4446266, 34.9322362], [-82.4445509, 34.9322947], [-82.4446103, 34.9323463], [-82.4444553, 34.9324661]]]}}, {"type": "Feature", "id": "w1340706691", "properties": {"addr:housenumber": "303", "addr:street": "Fairway Hill Court", "building": "house", "on_campus": false}, "geometry": {"type": "Polygon", "coordinates": [[[-82.4442859, 34.9323232], [-82.4441718, 34.9322286], [-82.4442696, 34.9321492], [-82.4442499, 34.9321329], [-82.444293, 34.9320978], [-82.4443584, 34.9321519], [-82.4444482, 34.932079], [-82.4445168, 34.9321359], [-82.4442859, 34.9323232]]]}}, {"type": "Feature", "id": "w1340706692", "properties": {"addr:housenumber": "305", "addr:street": "Fairway Hill Court", "building": "house", "on_campus": false}, "geometry": {"type": "Polygon", "coordinates": [[[-82.4441003, 34.9321555], [-82.4439906, 34.9320621], [-82.4441472, 34.9319386], [-82.4441292, 34.9319233], [-82.4442089, 34.9318604], [-82.4442782, 34.9319194], [-82.4441921, 34.9319874], [-82.4442505, 34.9320371], [-82.4441003, 34.9321555]]]}}, {"type": "Feature", "id": "w1340706693", "properties": {"addr:housenumber": "307", "addr:street": "Fairway Hill Court", "building": "house", "on_campus": false}, "geometry": {"type": "Polygon", "coordinates": [[[-82.4439019, 34.9319782], [-82.443802, 34.9318908], [-82.4439528, 34.9317749], [-82.4439287, 34.9317539], [-82.4440162, 34.9316866], [-82.4440833, 34.9317453], [-82.4440011, 34.9318085], [-82.444058, 34.9318582], [-82.4439019, 34.9319782]]]}}, {"type": "Feature", "id": "w1340870536", "properties": {"building": "yes", "on_campus": false}, "geometry": {"type": "Polygon", "coordinates": [[[-82.4463886, 34.9345615], [-82.4464715, 34.9344919], [-82.4463185, 34.9343693], [-82.4462301, 34.9344435], [-82.4462576, 34.9344656], [-82.4462451, 34.9344761], [-82.4462615, 34.9344892], [-82.4462491, 34.9344996], [-82.4462856, 34.9345288], [-82.4463169, 34.9345539], [-82.4463304, 34.9345426], [-82.4463439, 34.9345534], [-82.4463608, 34.9345392], [-82.4463886, 34.9345615]]]}}, {"type": "Feature", "id": "w1340870537", "properties": {"building": "yes", "on_campus": false}, "geometry": {"type": "Polygon", "coordinates": [[[-82.4461919, 34.9344044], [-82.4462494, 34.9343548], [-82.4462263, 34.9343368], [-82.4462617, 34.9343063], [-82.4461487, 34.9342181], [-82.4461174, 34.934245], [-82.4460946, 34.9342272], [-82.4460347, 34.9342788], [-82.4460592, 34.9342979], [-82.4460237, 34.9343285], [-82.4460794, 34.934372], [-82.4461293, 34.934411], [-82.4461631, 34.9343819], [-82.4461919, 34.9344044]]]}}, {"type": "Feature", "id": "w1342323805", "properties": {"building": "yes", "on_campus": false}, "geometry": {"type": "Polygon", "coordinates": [[[-82.4467718, 34.9169334], [-82.4466386, 34.9169407], [-82.4466296, 34.9168301], [-82.4467291, 34.9168247], [-82.4467306, 34.9168437], [-82.4467644, 34.9168418], [-82.4467718, 34.9169334]]]}}, {"type": "Feature", "id": "w1342323806", "properties": {"building": "yes", "on_campus": false}, "geometry": {"type": "Polygon", "coordinates": [[[-82.4469808, 34.9168729], [-82.446911, 34.9168774], [-82.4469033, 34.9167977], [-82.4467822, 34.9168055], [-82.44678, 34.9167824], [-82.4467283, 34.9167857], [-82.446724, 34.9167406], [-82.4467813, 34.9167369], [-82.4467826, 34.9167505], [-82.446981, 34.9167377], [-82.4469873, 34.916804], [-82.4469743, 34.9168049], [-82.4469808, 34.9168729]]]}}, {"type": "Feature", "id": "w1342323807", "properties": {"building": "house", "on_campus": false}, "geometry": {"type": "Polygon", "coordinates": [[[-82.4401117, 34.9161125], [-82.4400153, 34.9160577], [-82.4400453, 34.9160222], [-82.4400042, 34.9159988], [-82.4400557, 34.9159379], [-82.4401021, 34.9159643], [-82.4401513, 34.9159061], [-82.4402348, 34.9159537], [-82.4401796, 34.916019], [-82.4401973, 34.9160291], [-82.4401902, 34.9160375], [-82.4401501, 34.9160849], [-82.4401399, 34.9160791], [-82.4401117, 34.9161125]]]}}, {"type": "Feature", "id": "w1342323810", "properties": {"building": "house", "on_campus": false}, "geometry": {"type": "Polygon", "coordinates": [[[-82.4402135, 34.915845], [-82.4402775, 34.915787], [-82.4402465, 34.9157641], [-82.4403215, 34.915696], [-82.4403562, 34.9157216], [-82.4403899, 34.915691], [-82.4404665, 34.9157477], [-82.4402938, 34.9159045], [-82.4402135, 34.915845]]]}}, {"type": "Feature", "id": "w1342323812", "properties": {"building": "house", "on_campus": false}, "geometry": {"type": "Polygon", "coordinates": [[[-82.4405384, 34.9156863], [-82.4404415, 34.9155987], [-82.440606, 34.9154763], [-82.440691, 34.9155532], [-82.4405942, 34.9156252], [-82.4406061, 34.9156359], [-82.4405384, 34.9156863]]]}}, {"type": "Feature", "id": "w1342323814", "properties": {"building": "house", "on_campus": false}, "geometry": {"type": "Polygon", "coordinates": [[[-82.4408637, 34.9154255], [-82.4409345, 34.9153706], [-82.4408273, 34.9152778], [-82.4407095, 34.9153692], [-82.4406987, 34.9153599], [-82.4406409, 34.9154047], [-82.4407179, 34.9154714], [-82.4408227, 34.91539], [-82.4408316, 34.9153977], [-82.4408637, 34.9154255]]]}}, {"type": "Feature", "id": "w1342323815", "properties": {"building": "house", "on_campus": false}, "geometry": {"type": "Polygon", "coordinates": [[[-82.441013, 34.9153206], [-82.440913, 34.915238], [-82.4410962, 34.9150891], [-82.4411763, 34.9151553], [-82.4410559, 34.9152532], [-82.4410758, 34.9152696], [-82.441013, 34.9153206]]]}}, {"type": "Feature", "id": "w1342323817", "properties": {"building": "house", "on_campus": false}, "geometry": {"type": "Polygon", "coordinates": [[[-82.4412502, 34.9151183], [-82.4411687, 34.9150491], [-82.4412508, 34.9149841], [-82.4412017, 34.9149424], [-82.4412479, 34.9149058], [-82.441301, 34.9149508], [-82.4413519, 34.9149105], [-82.4414303, 34.914977], [-82.4413719, 34.9150232], [-82.4413788, 34.9150291], [-82.4413257, 34.9150711], [-82.441318, 34.9150646], [-82.4412502, 34.9151183]]]}}, {"type": "Feature", "id": "w1342323819", "properties": {"building": "house", "on_campus": false}, "geometry": {"type": "Polygon", "coordinates": [[[-82.4414913, 34.9149315], [-82.4414133, 34.914866], [-82.4414954, 34.9148003], [-82.4414819, 34.914789], [-82.4415273, 34.9147526], [-82.4415369, 34.9147606], [-82.4415885, 34.9147193], [-82.4416707, 34.9147884], [-82.44161, 34.9148369], [-82.4416191, 34.9148446], [-82.441611, 34.914851], [-82.4415499, 34.9148999], [-82.4415406, 34.9148921], [-82.4414913, 34.9149315]]]}}, {"type": "Feature", "id": "w1342323821", "properties": {"building": "yes", "on_campus": false}, "geometry": {"type": "Polygon", "coordinates": [[[-82.4410424, 34.9149887], [-82.4409944, 34.9149438], [-82.4410385, 34.9149121], [-82.4410865, 34.914957], [-82.4410424, 34.9149887]]]}}, {"type": "Feature", "id": "w1342323822", "properties": {"building": "yes", "on_campus": false}, "geometry": {"type": "Polygon", "coordinates": [[[-82.4410237, 34.914993], [-82.4409744, 34.9149494], [-82.4409329, 34.9149809], [-82.4409822, 34.9150245], [-82.4410237, 34.914993]]]}}, {"type": "Feature", "id": "w1342323824", "properties": {"building": "yes", "on_campus": false}, "geometry": {"type": "Polygon", "coordinates": [[[-82.4397581, 34.9160368], [-82.439734, 34.9160374], [-82.4397324, 34.9159929], [-82.4397565, 34.9159924], [-82.4397581, 34.9160368]]]}}, {"type": "Feature", "id": "w1342323825", "properties": {"building": "house", "on_campus": false}, "geometry": {"type": "Polygon", "coordinates": [[[-82.4396342, 34.9158576], [-82.4395411, 34.915821], [-82.4396194, 34.9156869], [-82.4396035, 34.9156807], [-82.4396114, 34.9156673], [-82.4396498, 34.9156016], [-82.4397634, 34.9156463], [-82.4397236, 34.9157143], [-82.4397686, 34.915732], [-82.4397374, 34.9157855], [-82.4396878, 34.915766], [-82.4396342, 34.9158576]]]}}, {"type": "Feature", "id": "w1342323827", "properties": {"building": "yes", "on_campus": false}, "geometry": {"type": "Polygon", "coordinates": [[[-82.4398876, 34.9157565], [-82.4398479, 34.9157256], [-82.4398684, 34.9157079], [-82.4399081, 34.9157388], [-82.4398876, 34.9157565]]]}}, {"type": "Feature", "id": "w1342323828", "properties": {"building": "house", "on_campus": false}, "geometry": {"type": "Polygon", "coordinates": [[[-82.4398282, 34.9155367], [-82.4397494, 34.9154698], [-82.4397886, 34.9154388], [-82.4397768, 34.9154287], [-82.4398183, 34.9153959], [-82.4398499, 34.915371], [-82.4398645, 34.9153834], [-82.4399069, 34.9153499], [-82.4399176, 34.915359], [-82.4399784, 34.9153109], [-82.4400436, 34.9153664], [-82.4398282, 34.9155367]]]}}, {"type": "Feature", "id": "w1342323830", "properties": {"building": "house", "on_campus": false}, "geometry": {"type": "Polygon", "coordinates": [[[-82.4400971, 34.9153376], [-82.4400143, 34.9152684], [-82.4400888, 34.9152084], [-82.4401989, 34.9151199], [-82.4402812, 34.9151887], [-82.440194, 34.9152588], [-82.4402023, 34.9152658], [-82.4401534, 34.9153051], [-82.4401456, 34.9152986], [-82.4400971, 34.9153376]]]}}, {"type": "Feature", "id": "w1342323835", "properties": {"building": "house", "on_campus": false}, "geometry": {"type": "Polygon", "coordinates": [[[-82.4402596, 34.9150643], [-82.440339, 34.9150021], [-82.4403575, 34.915018], [-82.4404638, 34.9149348], [-82.4405278, 34.9149898], [-82.4403421, 34.9151351], [-82.4402596, 34.9150643]]]}}, {"type": "Feature", "id": "w1342323837", "properties": {"building": "house", "on_campus": false}, "geometry": {"type": "Polygon", "coordinates": [[[-82.4406175, 34.9149842], [-82.4405034, 34.9148865], [-82.4405746, 34.9148306], [-82.440705, 34.9147281], [-82.4407827, 34.9147947], [-82.4407138, 34.9148488], [-82.4407281, 34.9148611], [-82.4406657, 34.9149101], [-82.4406877, 34.914929], [-82.4406175, 34.9149842]]]}}, {"type": "Feature", "id": "w1342323840", "properties": {"building": "yes", "on_campus": false}, "geometry": {"type": "Polygon", "coordinates": [[[-82.4408982, 34.9149474], [-82.4408774, 34.9149316], [-82.4409129, 34.9149001], [-82.4409337, 34.9149158], [-82.4408982, 34.9149474]]]}}, {"type": "Feature", "id": "w1342323841", "properties": {"building": "house", "on_campus": false}, "geometry": {"type": "Polygon", "coordinates": [[[-82.4408289, 34.9147631], [-82.4407565, 34.9147], [-82.4408001, 34.9146664], [-82.4407842, 34.9146525], [-82.4408513, 34.9146007], [-82.4408637, 34.9146115], [-82.440943, 34.9145504], [-82.4410167, 34.9146146], [-82.440939, 34.9146745], [-82.4409737, 34.9147048], [-82.4409285, 34.9147397], [-82.440896, 34.9147114], [-82.4408289, 34.9147631]]]}}, {"type": "Feature", "id": "w1342323843", "properties": {"building": "yes", "on_campus": false}, "geometry": {"type": "Polygon", "coordinates": [[[-82.4411347, 34.9147225], [-82.4410749, 34.914674], [-82.4411054, 34.9146487], [-82.4411652, 34.9146973], [-82.4411347, 34.9147225]]]}}, {"type": "Feature", "id": "w1342323844", "properties": {"building": "yes", "on_campus": false}, "geometry": {"type": "Polygon", "coordinates": [[[-82.4412201, 34.9147219], [-82.4412037, 34.9147061], [-82.4412263, 34.9146903], [-82.4412428, 34.9147061], [-82.4412201, 34.9147219]]]}}, {"type": "Feature", "id": "w1342323845", "properties": {"building": "house", "on_campus": false}, "geometry": {"type": "Polygon", "coordinates": [[[-82.4410844, 34.9145559], [-82.4410134, 34.9144906], [-82.4410851, 34.9144381], [-82.4410688, 34.9144231], [-82.4410858, 34.9144106], [-82.4411659, 34.914352], [-82.4412503, 34.9144296], [-82.4411951, 34.9144699], [-82.4412081, 34.9144819], [-82.4411626, 34.9145152], [-82.4411526, 34.914506], [-82.4410844, 34.9145559]]]}}, {"type": "Feature", "id": "w1342323848", "properties": {"building": "house", "on_campus": false}, "geometry": {"type": "Polygon", "coordinates": [[[-82.4413588, 34.9143708], [-82.4412448, 34.9142742], [-82.4413211, 34.9142211], [-82.4413095, 34.9142104], [-82.4413243, 34.9141989], [-82.4414004, 34.9141396], [-82.4414852, 34.9142192], [-82.441365, 34.9143089], [-82.4414027, 34.9143411], [-82.4413588, 34.9143708]]]}}, {"type": "Feature", "id": "w1342323850", "properties": {"building": "house", "on_campus": false}, "geometry": {"type": "Polygon", "coordinates": [[[-82.441664, 34.9143676], [-82.4416354, 34.9143428], [-82.4416082, 34.9143639], [-82.4416368, 34.9143887], [-82.441664, 34.9143676]]]}}, {"type": "Feature", "id": "w1342323851", "properties": {"building": "yes", "on_campus": false}, "geometry": {"type": "Polygon", "coordinates": [[[-82.4415152, 34.9145703], [-82.4414939, 34.9145508], [-82.4415237, 34.9145289], [-82.441545, 34.9145483], [-82.4415152, 34.9145703]]]}}, {"type": "Feature", "id": "w1342323852", "properties": {"building": "house", "on_campus": false}, "geometry": {"type": "Polygon", "coordinates": [[[-82.4417148, 34.9147513], [-82.4416184, 34.9146685], [-82.4417365, 34.9145761], [-82.4417565, 34.9145933], [-82.4418325, 34.9145337], [-82.4419025, 34.9145938], [-82.4418284, 34.9146518], [-82.4418472, 34.914668], [-82.4418388, 34.9146747], [-82.4418142, 34.9146939], [-82.4418018, 34.9146833], [-82.4417148, 34.9147513]]]}}, {"type": "Feature", "id": "w1342323855", "properties": {"building": "house", "on_campus": false}, "geometry": {"type": "Polygon", "coordinates": [[[-82.4419673, 34.9145544], [-82.4418723, 34.9144903], [-82.4419218, 34.914441], [-82.4418854, 34.9144164], [-82.4419335, 34.9143686], [-82.4419747, 34.9143965], [-82.4420177, 34.9143537], [-82.4421045, 34.9144124], [-82.4420499, 34.9144668], [-82.442069, 34.9144798], [-82.4420277, 34.9145209], [-82.4420118, 34.9145102], [-82.4419673, 34.9145544]]]}}, {"type": "Feature", "id": "w1342323857", "properties": {"building": "yes", "on_campus": false}, "geometry": {"type": "Polygon", "coordinates": [[[-82.4417607, 34.9143977], [-82.4417254, 34.914372], [-82.4417816, 34.9143203], [-82.4418169, 34.914346], [-82.4417607, 34.9143977]]]}}, {"type": "Feature", "id": "w1342323858", "properties": {"building": "yes", "on_campus": false}, "geometry": {"type": "Polygon", "coordinates": [[[-82.4418576, 34.9142925], [-82.4418347, 34.9142716], [-82.441861, 34.9142523], [-82.4418839, 34.9142733], [-82.4418576, 34.9142925]]]}}, {"type": "Feature", "id": "w1342323860", "properties": {"building": "yes", "on_campus": false}, "geometry": {"type": "Polygon", "coordinates": [[[-82.4417085, 34.9143497], [-82.4416716, 34.914319], [-82.4417016, 34.9142947], [-82.4417386, 34.9143253], [-82.4417085, 34.9143497]]]}}, {"type": "Feature", "id": "w1342323861", "properties": {"building": "house", "on_campus": false}, "geometry": {"type": "Polygon", "coordinates": [[[-82.4415298, 34.9141747], [-82.441446, 34.9141016], [-82.4415401, 34.914029], [-82.4415563, 34.9140432], [-82.4415753, 34.9140286], [-82.4416509, 34.9139703], [-82.4417214, 34.9140317], [-82.4416675, 34.9140733], [-82.44169, 34.9140929], [-82.4416277, 34.914141], [-82.4415993, 34.9141162], [-82.441578, 34.9141326], [-82.4415889, 34.9141421], [-82.4415608, 34.9141637], [-82.4415529, 34.9141568], [-82.4415298, 34.9141747]]]}}, {"type": "Feature", "id": "w1342323871", "properties": {"building": "house", "on_campus": false}, "geometry": {"type": "Polygon", "coordinates": [[[-82.4423292, 34.9141991], [-82.4422464, 34.9141447], [-82.4422583, 34.9141325], [-82.4422474, 34.9141253], [-82.4422236, 34.9141496], [-82.4421824, 34.9141226], [-82.442226, 34.914078], [-82.4422769, 34.9141114], [-82.4423518, 34.9140347], [-82.4424295, 34.9140857], [-82.4423975, 34.9141186], [-82.4424122, 34.9141283], [-82.4423638, 34.9141778], [-82.4423553, 34.9141723], [-82.4423292, 34.9141991]]]}}, {"type": "Feature", "id": "w1342323873", "properties": {"building": "house", "on_campus": false}, "geometry": {"type": "Polygon", "coordinates": [[[-82.4420525, 34.9139321], [-82.4419914, 34.9137882], [-82.4420174, 34.9137807], [-82.4419895, 34.9137149], [-82.4420978, 34.913684], [-82.4421545, 34.9138178], [-82.442189, 34.913808], [-82.44221, 34.9138574], [-82.4421753, 34.9138673], [-82.4421865, 34.9138938], [-82.4420525, 34.9139321]]]}}, {"type": "Feature", "id": "w1342323876", "properties": {"building": "house", "on_campus": false}, "geometry": {"type": "Polygon", "coordinates": [[[-82.44192, 34.9136543], [-82.4418997, 34.9136198], [-82.4418816, 34.913627], [-82.441866, 34.9136005], [-82.4418809, 34.9135946], [-82.4418277, 34.9135043], [-82.4419197, 34.9134678], [-82.441958, 34.9135327], [-82.442, 34.913516], [-82.4420156, 34.9135425], [-82.4419835, 34.9135552], [-82.4420189, 34.9136152], [-82.44192, 34.9136543]]]}}, {"type": "Feature", "id": "w1342323878", "properties": {"building": "house", "on_campus": false}, "geometry": {"type": "Polygon", "coordinates": [[[-82.4419259, 34.9133616], [-82.4418831, 34.9132933], [-82.4418317, 34.913315], [-82.4417813, 34.9132346], [-82.4417173, 34.9132616], [-82.4417255, 34.9132747], [-82.4416718, 34.9132974], [-82.4417271, 34.9133855], [-82.4417542, 34.9133741], [-82.4417838, 34.9134214], [-82.4419259, 34.9133616]]]}}, {"type": "Feature", "id": "w1342323882", "properties": {"building": "house", "on_campus": false}, "geometry": {"type": "Polygon", "coordinates": [[[-82.441599, 34.9132119], [-82.4415589, 34.9131484], [-82.4415915, 34.9131345], [-82.4415717, 34.9131033], [-82.4415457, 34.9130622], [-82.4416733, 34.9130079], [-82.4416929, 34.9130388], [-82.4417311, 34.9130225], [-82.4417614, 34.9130705], [-82.4417238, 34.9130866], [-82.4417598, 34.9131434], [-82.441599, 34.9132119]]]}}, {"type": "Feature", "id": "w1342323885", "properties": {"building": "house", "on_campus": false}, "geometry": {"type": "Polygon", "coordinates": [[[-82.4415277, 34.9129996], [-82.44145, 34.9128804], [-82.4415291, 34.9128458], [-82.4416067, 34.912965], [-82.4415277, 34.9129996]]]}}, {"type": "Feature", "id": "w1342323887", "properties": {"building": "yes", "on_campus": false}, "geometry": {"type": "Polygon", "coordinates": [[[-82.4416984, 34.9128073], [-82.4416778, 34.9127707], [-82.4417297, 34.912751], [-82.4417503, 34.9127876], [-82.4416984, 34.9128073]]]}}, {"type": "Feature", "id": "w1342323888", "properties": {"building": "house", "on_campus": false}, "geometry": {"type": "Polygon", "coordinates": [[[-82.4414525, 34.9127998], [-82.4414331, 34.9127684], [-82.4414013, 34.9127815], [-82.4413733, 34.9127359], [-82.4413254, 34.9127558], [-82.4412902, 34.9126985], [-82.4414566, 34.9126296], [-82.4415392, 34.9127639], [-82.4414525, 34.9127998]]]}}, {"type": "Feature", "id": "w1342323891", "properties": {"building": "house", "on_campus": false}, "geometry": {"type": "Polygon", "coordinates": [[[-82.4411975, 34.9125675], [-82.4411601, 34.9125117], [-82.4413175, 34.9124406], [-82.4414023, 34.9125667], [-82.4412957, 34.9126149], [-82.4412484, 34.9125445], [-82.4411975, 34.9125675]]]}}, {"type": "Feature", "id": "w1342323894", "properties": {"building": "house", "on_campus": false}, "geometry": {"type": "Polygon", "coordinates": [[[-82.4411424, 34.9124245], [-82.4410945, 34.9123645], [-82.4410897, 34.9123585], [-82.4410634, 34.9123726], [-82.4410177, 34.9123155], [-82.4412026, 34.9122161], [-82.4412291, 34.9122491], [-82.441159, 34.9122868], [-82.4411851, 34.9123195], [-82.4412182, 34.9123017], [-82.4412641, 34.9123592], [-82.4411424, 34.9124245]]]}}, {"type": "Feature", "id": "w1342323897", "properties": {"building": "house", "on_campus": false}, "geometry": {"type": "Polygon", "coordinates": [[[-82.440953, 34.9122402], [-82.4409035, 34.9121855], [-82.4409272, 34.9121711], [-82.4409013, 34.9121424], [-82.4409857, 34.9120911], [-82.4410611, 34.9121744], [-82.440953, 34.9122402]]]}}, {"type": "Feature", "id": "w1342323899", "properties": {"building": "house", "on_campus": false}, "geometry": {"type": "Polygon", "coordinates": [[[-82.4408059, 34.9120668], [-82.4407567, 34.9120091], [-82.4407872, 34.9119916], [-82.4407529, 34.9119514], [-82.4408573, 34.9118914], [-82.4409409, 34.9119892], [-82.4408059, 34.9120668]]]}}, {"type": "Feature", "id": "w1348444943", "properties": {"building": "house", "on_campus": false}, "geometry": {"type": "Polygon", "coordinates": [[[-82.4391326, 34.915627], [-82.4390292, 34.9155835], [-82.439078, 34.9155056], [-82.4390551, 34.915496], [-82.4390702, 34.9154718], [-82.439094, 34.9154818], [-82.439106, 34.9154625], [-82.4392085, 34.9155056], [-82.4391326, 34.915627]]]}}, {"type": "Feature", "id": "w1348444944", "properties": {"building": "yes", "on_campus": false}, "geometry": {"type": "Polygon", "coordinates": [[[-82.4392023, 34.9154771], [-82.4391636, 34.9154613], [-82.439181, 34.9154326], [-82.4392197, 34.9154484], [-82.4392023, 34.9154771]]]}}, {"type": "Feature", "id": "w1348444947", "properties": {"building": "house", "on_campus": false}, "geometry": {"type": "Polygon", "coordinates": [[[-82.4393789, 34.9152434], [-82.4392751, 34.9151634], [-82.4393191, 34.915125], [-82.4393492, 34.9151481], [-82.4394353, 34.9150729], [-82.4395091, 34.9151297], [-82.4393789, 34.9152434]]]}}, {"type": "Feature", "id": "w1348444948", "properties": {"building": "house", "on_campus": false}, "geometry": {"type": "Polygon", "coordinates": [[[-82.4397261, 34.9149262], [-82.4396624, 34.914866], [-82.4397074, 34.9148339], [-82.439701, 34.9148278], [-82.43984, 34.9147288], [-82.4399192, 34.9148035], [-82.4397808, 34.9149021], [-82.4397718, 34.9148937], [-82.4397261, 34.9149262]]]}}, {"type": "Feature", "id": "w1348444950", "properties": {"building": "house", "on_campus": false}, "geometry": {"type": "Polygon", "coordinates": [[[-82.4400178, 34.9147341], [-82.4399307, 34.9146607], [-82.4399856, 34.9146157], [-82.4399355, 34.914576], [-82.4399896, 34.914535], [-82.4400323, 34.9145747], [-82.4401058, 34.9145211], [-82.4401953, 34.9145886], [-82.4400178, 34.9147341]]]}}, {"type": "Feature", "id": "w1348444952", "properties": {"building": "house", "on_campus": false}, "geometry": {"type": "Polygon", "coordinates": [[[-82.4402372, 34.9145506], [-82.440159, 34.9144822], [-82.4402427, 34.9144178], [-82.440193, 34.9143743], [-82.4402905, 34.9142993], [-82.4404186, 34.9144112], [-82.4402372, 34.9145506]]]}}, {"type": "Feature", "id": "w1348444954", "properties": {"building": "house", "on_campus": false}, "geometry": {"type": "Polygon", "coordinates": [[[-82.4404794, 34.9143525], [-82.4404086, 34.914289], [-82.4404801, 34.9142353], [-82.4404409, 34.9142001], [-82.4405141, 34.9141452], [-82.4405551, 34.9141821], [-82.4406058, 34.9141441], [-82.4406749, 34.914206], [-82.4405515, 34.9142985], [-82.4404794, 34.9143525]]]}}, {"type": "Feature", "id": "w1348444956", "properties": {"building": "house", "on_campus": false}, "geometry": {"type": "Polygon", "coordinates": [[[-82.4408948, 34.9140065], [-82.4407869, 34.9140856], [-82.440809, 34.9141058], [-82.4407198, 34.9141711], [-82.4406359, 34.9140942], [-82.440833, 34.9139498], [-82.4408948, 34.9140065]]]}}, {"type": "Feature", "id": "w1348444958", "properties": {"building": "house", "on_campus": false}, "geometry": {"type": "Polygon", "coordinates": [[[-82.4412245, 34.9137948], [-82.4411426, 34.9137207], [-82.4411952, 34.9136817], [-82.4411581, 34.9136481], [-82.4412063, 34.9136122], [-82.441241, 34.9136435], [-82.4413281, 34.9135787], [-82.4414031, 34.9136466], [-82.4413096, 34.913716], [-82.4413191, 34.9137246], [-82.4413106, 34.9137309], [-82.4412245, 34.9137948]]]}}, {"type": "Feature", "id": "w1362774117", "properties": {"building": "yes", "on_campus": false}, "geometry": {"type": "Polygon", "coordinates": [[[-82.4520518, 34.9120146], [-82.4522256, 34.9120844], [-82.4522468, 34.912049], [-82.4521906, 34.9120264], [-82.4522277, 34.9119643], [-82.4521101, 34.911917], [-82.4520518, 34.9120146]]]}}, {"type": "Feature", "id": "w1362774118", "properties": {"building": "yes", "on_campus": false}, "geometry": {"type": "Polygon", "coordinates": [[[-82.4521656, 34.9120899], [-82.452045, 34.9120409], [-82.4519863, 34.912138], [-82.4521069, 34.912187], [-82.4521656, 34.9120899]]]}}, {"type": "Feature", "id": "w1362774123", "properties": {"building": "yes", "on_campus": false}, "geometry": {"type": "Polygon", "coordinates": [[[-82.4517227, 34.9119873], [-82.4515908, 34.9119343], [-82.4515547, 34.9119946], [-82.4516867, 34.9120476], [-82.4517227, 34.9119873]]]}}, {"type": "Feature", "id": "w1362774124", "properties": {"building": "yes", "on_campus": false}, "geometry": {"type": "Polygon", "coordinates": [[[-82.4514303, 34.9121086], [-82.4515283, 34.9121962], [-82.4515918, 34.9121484], [-82.4514938, 34.9120608], [-82.4514303, 34.9121086]]]}}, {"type": "Feature", "id": "w1362774125", "properties": {"building": "yes", "on_campus": false}, "geometry": {"type": "Polygon", "coordinates": [[[-82.4519602, 34.9121869], [-82.4518843, 34.9122759], [-82.4519866, 34.9123346], [-82.4520625, 34.9122456], [-82.4519602, 34.9121869]]]}}, {"type": "Feature", "id": "w1362774126", "properties": {"building": "yes", "on_campus": false}, "geometry": {"type": "Polygon", "coordinates": [[[-82.4518255, 34.9122877], [-82.4517684, 34.9123371], [-82.4518795, 34.9124234], [-82.4519366, 34.9123741], [-82.4518255, 34.9122877]]]}}, {"type": "Feature", "id": "w1362774127", "properties": {"building": "yes", "on_campus": false}, "geometry": {"type": "Polygon", "coordinates": [[[-82.4517937, 34.9124858], [-82.4517174, 34.9124039], [-82.4516124, 34.9124697], [-82.4516887, 34.9125516], [-82.4517937, 34.9124858]]]}}, {"type": "Feature", "id": "w1362774128", "properties": {"building": "yes", "on_campus": false}, "geometry": {"type": "Polygon", "coordinates": [[[-82.4514842, 34.9125806], [-82.4515349, 34.9125613], [-82.4515739, 34.91263], [-82.4516136, 34.9126149], [-82.4515921, 34.9125769], [-82.4516252, 34.9125643], [-82.4515759, 34.9124775], [-82.4514524, 34.9125246], [-82.4514842, 34.9125806]]]}}, {"type": "Feature", "id": "w1362774129", "properties": {"building": "yes", "on_campus": false}, "geometry": {"type": "Polygon", "coordinates": [[[-82.4514398, 34.91256], [-82.4513651, 34.9125941], [-82.4514262, 34.9126841], [-82.4515009, 34.9126501], [-82.4514398, 34.91256]]]}}, {"type": "Feature", "id": "w1362774130", "properties": {"building": "yes", "on_campus": false}, "geometry": {"type": "Polygon", "coordinates": [[[-82.4511884, 34.9122037], [-82.4511157, 34.912237], [-82.4511893, 34.9123454], [-82.4512621, 34.9123122], [-82.4511884, 34.9122037]]]}}, {"type": "Feature", "id": "w1362774131", "properties": {"building": "yes", "on_campus": false}, "geometry": {"type": "Polygon", "coordinates": [[[-82.4512542, 34.912159], [-82.4513445, 34.9122854], [-82.4514174, 34.9122504], [-82.4513271, 34.912124], [-82.4512542, 34.912159]]]}}, {"type": "Feature", "id": "w1424883514", "properties": {"building": "greenhouse", "on_campus": true}, "geometry": {"type": "Polygon", "coordinates": [[[-82.4381898, 34.9293591], [-82.4381878, 34.9292436], [-82.4381235, 34.9292444], [-82.4381254, 34.9293586], [-82.4381249, 34.9293598], [-82.4381898, 34.9293591]]]}}, {"type": "Feature", "id": "w1425708674", "properties": {"building": "yes", "on_campus": true}, "geometry": {"type": "Polygon", "coordinates": [[[-82.4389154, 34.9270216], [-82.4388634, 34.9270101], [-82.4388802, 34.9269587], [-82.4389322, 34.9269701], [-82.4389154, 34.9270216]]]}}, {"type": "Feature", "id": "w1473478478", "properties": {"addr:housenumber": "201", "addr:street": "Shallons Drive", "building": "terrace", "on_campus": false}, "geometry": {"type": "Polygon", "coordinates": [[[-82.4266758, 34.9143681], [-82.4267357, 34.914398], [-82.426649, 34.9145147], [-82.4265891, 34.9144847], [-82.4266758, 34.9143681]]]}}, {"type": "Feature", "id": "w1473478479", "properties": {"addr:housenumber": "171", "addr:street": "Shallons Drive", "building": "terrace", "on_campus": false}, "geometry": {"type": "Polygon", "coordinates": [[[-82.4261875, 34.9141557], [-82.4262475, 34.9141806], [-82.4261717, 34.9143036], [-82.4261117, 34.9142787], [-82.4261875, 34.9141557]]]}}, {"type": "Feature", "id": "w1473478480", "properties": {"addr:housenumber": "161", "addr:street": "Shallons Drive", "building": "terrace", "on_campus": false}, "geometry": {"type": "Polygon", "coordinates": [[[-82.4259251, 34.913992], [-82.4259773, 34.9140271], [-82.425867, 34.9141375], [-82.4258148, 34.9141024], [-82.4259251, 34.913992]]]}}, {"type": "Feature", "id": "w1473478481", "properties": {"addr:housenumber": "68", "addr:street": "Mardale Lane", "building": "terrace", "on_campus": false}, "geometry": {"type": "Polygon", "coordinates": [[[-82.4241693, 34.9132922], [-82.4241484, 34.9132386], [-82.4243124, 34.9131956], [-82.4243333, 34.9132493], [-82.4241693, 34.9132922]]]}}, {"type": "Feature", "id": "w1473478482", "properties": {"addr:housenumber": "54", "addr:street": "Mardale Lane", "building": "terrace", "on_campus": false}, "geometry": {"type": "Polygon", "coordinates": [[[-82.4240347, 34.9129236], [-82.4240142, 34.9128703], [-82.4241718, 34.9128295], [-82.4241923, 34.9128828], [-82.4240347, 34.9129236]]]}}, {"type": "Feature", "id": "w1473479148", "properties": {"addr:housenumber": "207", "addr:street": "Shallons Drive", "building": "terrace", "on_campus": false}, "geometry": {"type": "Polygon", "coordinates": [[[-82.4268555, 34.9144579], [-82.4269154, 34.9144878], [-82.4268287, 34.9146045], [-82.4267688, 34.9145745], [-82.4268555, 34.9144579]]]}}, {"type": "Feature", "id": "w1473479149", "properties": {"addr:housenumber": "205", "addr:street": "Shallons Drive", "building": "terrace", "on_campus": false}, "geometry": {"type": "Polygon", "coordinates": [[[-82.4267956, 34.914428], [-82.4268555, 34.9144579], [-82.4267688, 34.9145745], [-82.4267089, 34.9145446], [-82.4267956, 34.914428]]]}}, {"type": "Feature", "id": "w1473479150", "properties": {"addr:housenumber": "203", "addr:street": "Shallons Drive", "building": "terrace", "on_campus": false}, "geometry": {"type": "Polygon", "coordinates": [[[-82.4267357, 34.914398], [-82.4267956, 34.914428], [-82.4267089, 34.9145446], [-82.426649, 34.9145147], [-82.4267357, 34.914398]]]}}, {"type": "Feature", "id": "w1473479151", "properties": {"addr:housenumber": "179", "addr:street": "Shallons Drive", "building": "terrace", "on_campus": false}, "geometry": {"type": "Polygon", "coordinates": [[[-82.4264276, 34.9142553], [-82.4264876, 34.9142802], [-82.4264117, 34.9144031], [-82.4263517, 34.9143782], [-82.4264276, 34.9142553]]]}}, {"type": "Feature", "id": "w1473479152", "properties": {"addr:housenumber": "177", "addr:street": "Shallons Drive", "building": "terrace", "on_campus": false}, "geometry": {"type": "Polygon", "coordinates": [[[-82.4263676, 34.9142304], [-82.4264276, 34.9142553], [-82.4263517, 34.9143782], [-82.4262917, 34.9143534], [-82.4263676, 34.9142304]]]}}, {"type": "Feature", "id": "w1473479153", "properties": {"addr:housenumber": "175", "addr:street": "Shallons Drive", "building": "terrace", "on_campus": false}, "geometry": {"type": "Polygon", "coordinates": [[[-82.4263076, 34.9142055], [-82.4263676, 34.9142304], [-82.4262917, 34.9143534], [-82.4262317, 34.9143285], [-82.4263076, 34.9142055]]]}}, {"type": "Feature", "id": "w1473479154", "properties": {"addr:housenumber": "173", "addr:street": "Shallons Drive", "building": "terrace", "on_campus": false}, "geometry": {"type": "Polygon", "coordinates": [[[-82.4262475, 34.9141806], [-82.4263076, 34.9142055], [-82.4262317, 34.9143285], [-82.4261717, 34.9143036], [-82.4262475, 34.9141806]]]}}, {"type": "Feature", "id": "w1473479155", "properties": {"addr:housenumber": "167", "addr:street": "Shallons Drive", "building": "terrace", "on_campus": false}, "geometry": {"type": "Polygon", "coordinates": [[[-82.4260817, 34.9140973], [-82.4261339, 34.9141323], [-82.4260236, 34.9142427], [-82.4259714, 34.9142076], [-82.4260817, 34.9140973]]]}}, {"type": "Feature", "id": "w1473479156", "properties": {"addr:housenumber": "165", "addr:street": "Shallons Drive", "building": "terrace", "on_campus": false}, "geometry": {"type": "Polygon", "coordinates": [[[-82.4260295, 34.9140622], [-82.4260817, 34.9140973], [-82.4259714, 34.9142076], [-82.4259192, 34.9141725], [-82.4260295, 34.9140622]]]}}, {"type": "Feature", "id": "w1473479157", "properties": {"addr:housenumber": "163", "addr:street": "Shallons Drive", "building": "terrace", "on_campus": false}, "geometry": {"type": "Polygon", "coordinates": [[[-82.4259773, 34.9140271], [-82.4260295, 34.9140622], [-82.4259192, 34.9141725], [-82.425867, 34.9141375], [-82.4259773, 34.9140271]]]}}, {"type": "Feature", "id": "w1473479158", "properties": {"addr:housenumber": "151", "addr:street": "Shallons Drive", "building": "terrace", "on_campus": false}, "geometry": {"type": "Polygon", "coordinates": [[[-82.4257393, 34.9138358], [-82.4256852, 34.9137956], [-82.4255677, 34.9139019], [-82.4256219, 34.9139421], [-82.4257393, 34.9138358]]]}}, {"type": "Feature", "id": "w1473479159", "properties": {"addr:housenumber": "153", "addr:street": "Shallons Drive", "building": "terrace", "on_campus": false}, "geometry": {"type": "Polygon", "coordinates": [[[-82.4257935, 34.913876], [-82.4257393, 34.9138358], [-82.4256219, 34.9139421], [-82.425676, 34.9139823], [-82.4257935, 34.913876]]]}}, {"type": "Feature", "id": "w1473479160", "properties": {"addr:housenumber": "155", "addr:street": "Shallons Drive", "building": "terrace", "on_campus": false}, "geometry": {"type": "Polygon", "coordinates": [[[-82.4258476, 34.9139163], [-82.4257935, 34.913876], [-82.425676, 34.9139823], [-82.4257302, 34.9140226], [-82.4258476, 34.9139163]]]}}, {"type": "Feature", "id": "w1473479161", "properties": {"addr:housenumber": "139", "addr:street": "Shallons Drive", "building": "terrace", "on_campus": false}, "geometry": {"type": "Polygon", "coordinates": [[[-82.4253981, 34.913432], [-82.4253727, 34.9133799], [-82.4252038, 34.9134353], [-82.4252292, 34.9134874], [-82.4253981, 34.913432]]]}}, {"type": "Feature", "id": "w1473479162", "properties": {"addr:housenumber": "141", "addr:street": "Shallons Drive", "building": "terrace", "on_campus": false}, "geometry": {"type": "Polygon", "coordinates": [[[-82.4254235, 34.913484], [-82.4253981, 34.913432], [-82.4252292, 34.9134874], [-82.4252546, 34.9135395], [-82.4254235, 34.913484]]]}}, {"type": "Feature", "id": "w1473479163", "properties": {"addr:housenumber": "143", "addr:street": "Shallons Drive", "building": "terrace", "on_campus": false}, "geometry": {"type": "Polygon", "coordinates": [[[-82.425449, 34.9135361], [-82.4254235, 34.913484], [-82.4252546, 34.9135395], [-82.42528, 34.9135916], [-82.425449, 34.9135361]]]}}, {"type": "Feature", "id": "w1473479164", "properties": {"addr:housenumber": "145", "addr:street": "Shallons Drive", "building": "terrace", "on_campus": false}, "geometry": {"type": "Polygon", "coordinates": [[[-82.4254744, 34.9135882], [-82.425449, 34.9135361], [-82.42528, 34.9135916], [-82.4253054, 34.9136437], [-82.4254744, 34.9135882]]]}}, {"type": "Feature", "id": "w1473479165", "properties": {"addr:housenumber": "147", "addr:street": "Shallons Drive", "building": "terrace", "on_campus": false}, "geometry": {"type": "Polygon", "coordinates": [[[-82.4254998, 34.9136403], [-82.4254744, 34.9135882], [-82.4253054, 34.9136437], [-82.4253309, 34.9136957], [-82.4254998, 34.9136403]]]}}, {"type": "Feature", "id": "w1473479166", "properties": {"addr:housenumber": "125", "addr:street": "Shallons Drive", "building": "terrace", "on_campus": false}, "geometry": {"type": "Polygon", "coordinates": [[[-82.425261, 34.9130612], [-82.4252424, 34.9130069], [-82.4250684, 34.9130471], [-82.425087, 34.9131014], [-82.425261, 34.9130612]]]}}, {"type": "Feature", "id": "w1473479167", "properties": {"addr:housenumber": "127", "addr:street": "Shallons Drive", "building": "terrace", "on_campus": false}, "geometry": {"type": "Polygon", "coordinates": [[[-82.4252797, 34.9131156], [-82.425261, 34.9130612], [-82.425087, 34.9131014], [-82.4251057, 34.9131558], [-82.4252797, 34.9131156]]]}}, {"type": "Feature", "id": "w1473479168", "properties": {"addr:housenumber": "129", "addr:street": "Shallons Drive", "building": "terrace", "on_campus": false}, "geometry": {"type": "Polygon", "coordinates": [[[-82.4252983, 34.9131699], [-82.4252797, 34.9131156], [-82.4251057, 34.9131558], [-82.4251244, 34.9132101], [-82.4252983, 34.9131699]]]}}, {"type": "Feature", "id": "w1473479169", "properties": {"addr:housenumber": "131", "addr:street": "Shallons Drive", "building": "terrace", "on_campus": false}, "geometry": {"type": "Polygon", "coordinates": [[[-82.425317, 34.9132243], [-82.4252983, 34.9131699], [-82.4251244, 34.9132101], [-82.425143, 34.9132645], [-82.425317, 34.9132243]]]}}, {"type": "Feature", "id": "w1473479170", "properties": {"addr:housenumber": "133", "addr:street": "Shallons Drive", "building": "terrace", "on_campus": false}, "geometry": {"type": "Polygon", "coordinates": [[[-82.4253357, 34.9132786], [-82.425317, 34.9132243], [-82.425143, 34.9132645], [-82.4251617, 34.9133188], [-82.4253357, 34.9132786]]]}}, {"type": "Feature", "id": "w1473479171", "properties": {"addr:housenumber": "113", "addr:street": "Shallons Drive", "building": "terrace", "on_campus": false}, "geometry": {"type": "Polygon", "coordinates": [[[-82.4251402, 34.9127479], [-82.4251207, 34.9126944], [-82.4249664, 34.9127322], [-82.4249858, 34.9127857], [-82.4251402, 34.9127479]]]}}, {"type": "Feature", "id": "w1473479172", "properties": {"addr:housenumber": "115", "addr:street": "Shallons Drive", "building": "terrace", "on_campus": false}, "geometry": {"type": "Polygon", "coordinates": [[[-82.4251596, 34.9128014], [-82.4251402, 34.9127479], [-82.4249858, 34.9127857], [-82.4250052, 34.9128392], [-82.4251596, 34.9128014]]]}}, {"type": "Feature", "id": "w1473479173", "properties": {"addr:housenumber": "117", "addr:street": "Shallons Drive", "building": "terrace", "on_campus": false}, "geometry": {"type": "Polygon", "coordinates": [[[-82.425179, 34.912855], [-82.4251596, 34.9128014], [-82.4250052, 34.9128392], [-82.4250247, 34.9128927], [-82.425179, 34.912855]]]}}, {"type": "Feature", "id": "w1473479174", "properties": {"addr:housenumber": "119", "addr:street": "Shallons Drive", "building": "terrace", "on_campus": false}, "geometry": {"type": "Polygon", "coordinates": [[[-82.4251984, 34.9129085], [-82.425179, 34.912855], [-82.4250247, 34.9128927], [-82.4250441, 34.9129462], [-82.4251984, 34.9129085]]]}}, {"type": "Feature", "id": "w1473479175", "properties": {"addr:housenumber": "101", "addr:street": "Shallons Drive", "building": "terrace", "on_campus": false}, "geometry": {"type": "Polygon", "coordinates": [[[-82.4250175, 34.9124382], [-82.4249977, 34.9123849], [-82.4248415, 34.9124238], [-82.4248612, 34.9124771], [-82.4250175, 34.9124382]]]}}, {"type": "Feature", "id": "w1473479176", "properties": {"addr:housenumber": "103", "addr:street": "Shallons Drive", "building": "terrace", "on_campus": false}, "geometry": {"type": "Polygon", "coordinates": [[[-82.4250372, 34.9124915], [-82.4250175, 34.9124382], [-82.4248612, 34.9124771], [-82.4248809, 34.9125304], [-82.4250372, 34.9124915]]]}}, {"type": "Feature", "id": "w1473479177", "properties": {"addr:housenumber": "105", "addr:street": "Shallons Drive", "building": "terrace", "on_campus": false}, "geometry": {"type": "Polygon", "coordinates": [[[-82.425057, 34.9125448], [-82.4250372, 34.9124915], [-82.4248809, 34.9125304], [-82.4249006, 34.9125837], [-82.425057, 34.9125448]]]}}, {"type": "Feature", "id": "w1473479178", "properties": {"addr:housenumber": "107", "addr:street": "Shallons Drive", "building": "terrace", "on_campus": false}, "geometry": {"type": "Polygon", "coordinates": [[[-82.4250767, 34.9125981], [-82.425057, 34.9125448], [-82.4249006, 34.9125837], [-82.4249204, 34.912637], [-82.4250767, 34.9125981]]]}}, {"type": "Feature", "id": "w1473479179", "properties": {"addr:housenumber": "65", "addr:street": "Mardale Lane", "building": "terrace", "on_campus": false}, "geometry": {"type": "Polygon", "coordinates": [[[-82.4247441, 34.913087], [-82.4247259, 34.9130334], [-82.4245517, 34.9130734], [-82.42457, 34.9131269], [-82.4247441, 34.913087]]]}}, {"type": "Feature", "id": "w1473479180", "properties": {"addr:housenumber": "67", "addr:street": "Mardale Lane", "building": "terrace", "on_campus": false}, "geometry": {"type": "Polygon", "coordinates": [[[-82.4247624, 34.9131405], [-82.4247441, 34.913087], [-82.42457, 34.9131269], [-82.4245882, 34.9131805], [-82.4247624, 34.9131405]]]}}, {"type": "Feature", "id": "w1473479181", "properties": {"addr:housenumber": "69", "addr:street": "Mardale Lane", "building": "terrace", "on_campus": false}, "geometry": {"type": "Polygon", "coordinates": [[[-82.4247806, 34.9131941], [-82.4247624, 34.9131405], [-82.4245882, 34.9131805], [-82.4246065, 34.913234], [-82.4247806, 34.9131941]]]}}, {"type": "Feature", "id": "w1473479182", "properties": {"addr:housenumber": "71", "addr:street": "Mardale Lane", "building": "terrace", "on_campus": false}, "geometry": {"type": "Polygon", "coordinates": [[[-82.4247989, 34.9132476], [-82.4247806, 34.9131941], [-82.4246065, 34.913234], [-82.4246248, 34.9132875], [-82.4247989, 34.9132476]]]}}, {"type": "Feature", "id": "w1473479183", "properties": {"addr:housenumber": "73", "addr:street": "Mardale Lane", "building": "terrace", "on_campus": false}, "geometry": {"type": "Polygon", "coordinates": [[[-82.4248171, 34.9133012], [-82.4247989, 34.9132476], [-82.4246248, 34.9132875], [-82.424643, 34.9133411], [-82.4248171, 34.9133012]]]}}, {"type": "Feature", "id": "w1473479184", "properties": {"addr:housenumber": "51", "addr:street": "Mardale Lane", "building": "terrace", "on_campus": false}, "geometry": {"type": "Polygon", "coordinates": [[[-82.4246024, 34.9127157], [-82.4245812, 34.9126619], [-82.4244066, 34.9127082], [-82.4244279, 34.9127619], [-82.4246024, 34.9127157]]]}}, {"type": "Feature", "id": "w1473479185", "properties": {"addr:housenumber": "53", "addr:street": "Mardale Lane", "building": "terrace", "on_campus": false}, "geometry": {"type": "Polygon", "coordinates": [[[-82.4246236, 34.9127694], [-82.4246024, 34.9127157], [-82.4244279, 34.9127619], [-82.4244491, 34.9128157], [-82.4246236, 34.9127694]]]}}, {"type": "Feature", "id": "w1473479186", "properties": {"addr:housenumber": "55", "addr:street": "Mardale Lane", "building": "terrace", "on_campus": false}, "geometry": {"type": "Polygon", "coordinates": [[[-82.4246448, 34.9128232], [-82.4246236, 34.9127694], [-82.4244491, 34.9128157], [-82.4244703, 34.9128695], [-82.4246448, 34.9128232]]]}}, {"type": "Feature", "id": "w1473479187", "properties": {"addr:housenumber": "57", "addr:street": "Mardale Lane", "building": "terrace", "on_campus": false}, "geometry": {"type": "Polygon", "coordinates": [[[-82.424666, 34.9128769], [-82.4246448, 34.9128232], [-82.4244703, 34.9128695], [-82.4244915, 34.9129232], [-82.424666, 34.9128769]]]}}, {"type": "Feature", "id": "w1473479188", "properties": {"addr:housenumber": "59", "addr:street": "Mardale Lane", "building": "terrace", "on_campus": false}, "geometry": {"type": "Polygon", "coordinates": [[[-82.4246872, 34.9129306], [-82.424666, 34.9128769], [-82.4244915, 34.9129232], [-82.4245127, 34.912977], [-82.4246872, 34.9129306]]]}}, {"type": "Feature", "id": "w1473479189", "properties": {"addr:housenumber": "37", "addr:street": "Mardale Lane", "building": "terrace", "on_campus": false}, "geometry": {"type": "Polygon", "coordinates": [[[-82.424456, 34.9123444], [-82.4244364, 34.9122905], [-82.4242622, 34.912333], [-82.4242818, 34.912387], [-82.424456, 34.9123444]]]}}, {"type": "Feature", "id": "w1473479190", "properties": {"addr:housenumber": "39", "addr:street": "Mardale Lane", "building": "terrace", "on_campus": false}, "geometry": {"type": "Polygon", "coordinates": [[[-82.4244756, 34.9123983], [-82.424456, 34.9123444], [-82.4242818, 34.912387], [-82.4243014, 34.9124409], [-82.4244756, 34.9123983]]]}}, {"type": "Feature", "id": "w1473479191", "properties": {"addr:housenumber": "41", "addr:street": "Mardale Lane", "building": "terrace", "on_campus": false}, "geometry": {"type": "Polygon", "coordinates": [[[-82.4244952, 34.9124523], [-82.4244756, 34.9123983], [-82.4243014, 34.9124409], [-82.424321, 34.9124948], [-82.4244952, 34.9124523]]]}}, {"type": "Feature", "id": "w1473479192", "properties": {"addr:housenumber": "43", "addr:street": "Mardale Lane", "building": "terrace", "on_campus": false}, "geometry": {"type": "Polygon", "coordinates": [[[-82.4245147, 34.9125062], [-82.4244952, 34.9124523], [-82.424321, 34.9124948], [-82.4243405, 34.9125487], [-82.4245147, 34.9125062]]]}}, {"type": "Feature", "id": "w1473479193", "properties": {"addr:housenumber": "45", "addr:street": "Mardale Lane", "building": "terrace", "on_campus": false}, "geometry": {"type": "Polygon", "coordinates": [[[-82.4245343, 34.9125601], [-82.4245147, 34.9125062], [-82.4243405, 34.9125487], [-82.4243601, 34.9126026], [-82.4245343, 34.9125601]]]}}, {"type": "Feature", "id": "w1473479194", "properties": {"addr:housenumber": "5", "addr:street": "Mardale Lane", "building": "terrace", "on_campus": false}, "geometry": {"type": "Polygon", "coordinates": [[[-82.4248449, 34.9121408], [-82.4249019, 34.9121228], [-82.4248406, 34.9119913], [-82.4247835, 34.9120092], [-82.4248449, 34.9121408]]]}}, {"type": "Feature", "id": "w1473479195", "properties": {"addr:housenumber": "7", "addr:street": "Mardale Lane", "building": "terrace", "on_campus": false}, "geometry": {"type": "Polygon", "coordinates": [[[-82.4247878, 34.9121587], [-82.4248449, 34.9121408], [-82.4247835, 34.9120092], [-82.4247264, 34.9120272], [-82.4247878, 34.9121587]]]}}, {"type": "Feature", "id": "w1473479196", "properties": {"addr:housenumber": "9", "addr:street": "Mardale Lane", "building": "terrace", "on_campus": false}, "geometry": {"type": "Polygon", "coordinates": [[[-82.4247307, 34.9121766], [-82.4247878, 34.9121587], [-82.4247264, 34.9120272], [-82.4246694, 34.9120451], [-82.4247307, 34.9121766]]]}}, {"type": "Feature", "id": "w1473479197", "properties": {"addr:housenumber": "11", "addr:street": "Mardale Lane", "building": "terrace", "on_campus": false}, "geometry": {"type": "Polygon", "coordinates": [[[-82.4246737, 34.9121945], [-82.4247307, 34.9121766], [-82.4246694, 34.9120451], [-82.4246123, 34.912063], [-82.4246737, 34.9121945]]]}}, {"type": "Feature", "id": "w1473479198", "properties": {"addr:housenumber": "13", "addr:street": "Mardale Lane", "building": "terrace", "on_campus": false}, "geometry": {"type": "Polygon", "coordinates": [[[-82.4246166, 34.9122125], [-82.4246737, 34.9121945], [-82.4246123, 34.912063], [-82.4245552, 34.9120809], [-82.4246166, 34.9122125]]]}}, {"type": "Feature", "id": "w1473479199", "properties": {"addr:housenumber": "15", "addr:street": "Mardale Lane", "building": "terrace", "on_campus": false}, "geometry": {"type": "Polygon", "coordinates": [[[-82.4245595, 34.9122304], [-82.4246166, 34.9122125], [-82.4245552, 34.9120809], [-82.4244981, 34.9120988], [-82.4245595, 34.9122304]]]}}, {"type": "Feature", "id": "w1473479200", "properties": {"addr:housenumber": "58", "addr:street": "Mardale Lane", "building": "terrace", "on_campus": false}, "geometry": {"type": "Polygon", "coordinates": [[[-82.4240648, 34.9130241], [-82.4240439, 34.9129704], [-82.4242078, 34.9129274], [-82.4242287, 34.9129811], [-82.4240648, 34.9130241]]]}}, {"type": "Feature", "id": "w1473479201", "properties": {"addr:housenumber": "60", "addr:street": "Mardale Lane", "building": "terrace", "on_campus": false}, "geometry": {"type": "Polygon", "coordinates": [[[-82.4240857, 34.9130777], [-82.4240648, 34.9130241], [-82.4242287, 34.9129811], [-82.4242496, 34.9130347], [-82.4240857, 34.9130777]]]}}, {"type": "Feature", "id": "w1473479202", "properties": {"addr:housenumber": "62", "addr:street": "Mardale Lane", "building": "terrace", "on_campus": false}, "geometry": {"type": "Polygon", "coordinates": [[[-82.4241066, 34.9131313], [-82.4240857, 34.9130777], [-82.4242496, 34.9130347], [-82.4242705, 34.9130883], [-82.4241066, 34.9131313]]]}}, {"type": "Feature", "id": "w1473479203", "properties": {"addr:housenumber": "64", "addr:street": "Mardale Lane", "building": "terrace", "on_campus": false}, "geometry": {"type": "Polygon", "coordinates": [[[-82.4241275, 34.913185], [-82.4241066, 34.9131313], [-82.4242705, 34.9130883], [-82.4242915, 34.913142], [-82.4241275, 34.913185]]]}}, {"type": "Feature", "id": "w1473479204", "properties": {"addr:housenumber": "66", "addr:street": "Mardale Lane", "building": "terrace", "on_campus": false}, "geometry": {"type": "Polygon", "coordinates": [[[-82.4241484, 34.9132386], [-82.4241275, 34.913185], [-82.4242915, 34.913142], [-82.4243124, 34.9131956], [-82.4241484, 34.9132386]]]}}, {"type": "Feature", "id": "w1473479205", "properties": {"addr:housenumber": "44", "addr:street": "Mardale Lane", "building": "terrace", "on_campus": false}, "geometry": {"type": "Polygon", "coordinates": [[[-82.4239321, 34.912657], [-82.4239115, 34.9126037], [-82.4240691, 34.9125629], [-82.4240896, 34.9126162], [-82.4239321, 34.912657]]]}}, {"type": "Feature", "id": "w1473479206", "properties": {"addr:housenumber": "46", "addr:street": "Mardale Lane", "building": "terrace", "on_campus": false}, "geometry": {"type": "Polygon", "coordinates": [[[-82.4239526, 34.9127103], [-82.4239321, 34.912657], [-82.4240896, 34.9126162], [-82.4241102, 34.9126695], [-82.4239526, 34.9127103]]]}}, {"type": "Feature", "id": "w1473479207", "properties": {"addr:housenumber": "48", "addr:street": "Mardale Lane", "building": "terrace", "on_campus": false}, "geometry": {"type": "Polygon", "coordinates": [[[-82.4239731, 34.9127637], [-82.4239526, 34.9127103], [-82.4241102, 34.9126695], [-82.4241307, 34.9127229], [-82.4239731, 34.9127637]]]}}, {"type": "Feature", "id": "w1473479208", "properties": {"addr:housenumber": "50", "addr:street": "Mardale Lane", "building": "terrace", "on_campus": false}, "geometry": {"type": "Polygon", "coordinates": [[[-82.4239937, 34.912817], [-82.4239731, 34.9127637], [-82.4241307, 34.9127229], [-82.4241512, 34.9127762], [-82.4239937, 34.912817]]]}}, {"type": "Feature", "id": "w1473479209", "properties": {"addr:housenumber": "52", "addr:street": "Mardale Lane", "building": "terrace", "on_campus": false}, "geometry": {"type": "Polygon", "coordinates": [[[-82.4240142, 34.9128703], [-82.4239937, 34.912817], [-82.4241512, 34.9127762], [-82.4241718, 34.9128295], [-82.4240142, 34.9128703]]]}}, {"type": "Feature", "id": "w1473479210", "properties": {"addr:housenumber": "30", "addr:street": "Mardale Lane", "building": "terrace", "on_campus": false}, "geometry": {"type": "Polygon", "coordinates": [[[-82.423955, 34.9122474], [-82.4239343, 34.9121939], [-82.4237699, 34.9122367], [-82.4237906, 34.9122902], [-82.423955, 34.9122474]]]}}, {"type": "Feature", "id": "w1473479211", "properties": {"addr:housenumber": "32", "addr:street": "Mardale Lane", "building": "terrace", "on_campus": false}, "geometry": {"type": "Polygon", "coordinates": [[[-82.4239757, 34.9123008], [-82.423955, 34.9122474], [-82.4237906, 34.9122902], [-82.4238112, 34.9123436], [-82.4239757, 34.9123008]]]}}, {"type": "Feature", "id": "w1473479212", "properties": {"addr:housenumber": "34", "addr:street": "Mardale Lane", "building": "terrace", "on_campus": false}, "geometry": {"type": "Polygon", "coordinates": [[[-82.4239964, 34.9123543], [-82.4239757, 34.9123008], [-82.4238112, 34.9123436], [-82.4238319, 34.9123971], [-82.4239964, 34.9123543]]]}}, {"type": "Feature", "id": "w1473479213", "properties": {"addr:housenumber": "36", "addr:street": "Mardale Lane", "building": "terrace", "on_campus": false}, "geometry": {"type": "Polygon", "coordinates": [[[-82.424017, 34.9124078], [-82.4239964, 34.9123543], [-82.4238319, 34.9123971], [-82.4238526, 34.9124506], [-82.424017, 34.9124078]]]}}, {"type": "Feature", "id": "w1473479214", "properties": {"addr:housenumber": "38", "addr:street": "Mardale Lane", "building": "terrace", "on_campus": false}, "geometry": {"type": "Polygon", "coordinates": [[[-82.4240377, 34.9124612], [-82.424017, 34.9124078], [-82.4238526, 34.9124506], [-82.4238732, 34.912504], [-82.4240377, 34.9124612]]]}}, {"type": "Feature", "id": "w1528828216", "properties": {"addr:housenumber": "3", "addr:street": "Bayberry Mill Drive", "building": "detached", "on_campus": false}, "geometry": {"type": "Polygon", "coordinates": [[[-82.4441048, 34.9324235], [-82.4442524, 34.932559], [-82.4442688, 34.9325471], [-82.4443162, 34.9325906], [-82.4442353, 34.9326498], [-82.444198, 34.9326156], [-82.4441322, 34.9326638], [-82.4439988, 34.9325413], [-82.4440766, 34.9324844], [-82.4440522, 34.932462], [-82.4441048, 34.9324235]]]}}, {"type": "Feature", "id": "w1530128276", "properties": {"addr:housenumber": "370", "addr:street": "Galloway Drive", "amenity": "car_wash", "building": "yes", "name": "ModWash", "on_campus": false}, "geometry": {"type": "Polygon", "coordinates": [[[-82.4256508, 34.9122169], [-82.4259755, 34.9121159], [-82.4259935, 34.9121549], [-82.4260602, 34.9121341], [-82.4260698, 34.912155], [-82.4260837, 34.912185], [-82.4256923, 34.9123068], [-82.4256758, 34.9122711], [-82.4256508, 34.9122169]]]}}, {"type": "Feature", "id": "w303491803", "properties": {"building": "yes", "name": "Guardhouse", "on_campus": true}, "geometry": {"type": "Polygon", "coordinates": [[[-82.4346165, 34.9254441], [-82.4346232, 34.9254506], [-82.4346271, 34.9254586], [-82.4346277, 34.9254671], [-82.4346251, 34.9254754], [-82.4346194, 34.9254825], [-82.4346113, 34.9254879], [-82.4346006, 34.925491], [-82.4345892, 34.925491], [-82.4345786, 34.9254878], [-82.4345699, 34.9254818], [-82.4345642, 34.9254738], [-82.4345622, 34.9254646], [-82.4345641, 34.9254554], [-82.4345697, 34.9254473], [-82.4345775, 34.9254417], [-82.4345871, 34.9254383], [-82.4345975, 34.9254376], [-82.4346077, 34.9254396], [-82.4346165, 34.9254441]]]}}, {"type": "Feature", "id": "w303491804", "properties": {"building": "yes", "name": "Guardhouse", "on_campus": true}, "geometry": {"type": "Polygon", "coordinates": [[[-82.4346945, 34.9253056], [-82.4346834, 34.9253007], [-82.4346709, 34.9252992], [-82.4346586, 34.9253013], [-82.4346478, 34.9253067], [-82.43464, 34.9253148], [-82.434636, 34.9253246], [-82.434636, 34.9253339], [-82.4346395, 34.9253427], [-82.4346462, 34.9253503], [-82.4346554, 34.9253558], [-82.4346662, 34.9253587], [-82.4346775, 34.9253587], [-82.4346883, 34.9253559], [-82.4346976, 34.9253505], [-82.4347043, 34.925343], [-82.4347081, 34.9253331], [-82.4347077, 34.9253228], [-82.4347029, 34.9253133], [-82.4346945, 34.9253056]]]}}, {"type": "Feature", "id": "w303790663", "properties": {"building": "greenhouse", "on_campus": true}, "geometry": {"type": "Polygon", "coordinates": [[[-82.4398865, 34.9225003], [-82.439816, 34.9225617], [-82.4395424, 34.9223507], [-82.4396129, 34.9222892], [-82.4398865, 34.9225003]]]}}, {"type": "Feature", "id": "w303958491", "properties": {"building": "yes", "name": "Place of Peace", "on_campus": true}, "geometry": {"type": "Polygon", "coordinates": [[[-82.4364801, 34.9281695], [-82.4365702, 34.9282067], [-82.4365804, 34.92819], [-82.4366024, 34.9281991], [-82.4366267, 34.9281595], [-82.4366006, 34.9281487], [-82.4366109, 34.9281318], [-82.436525, 34.9280964], [-82.4364801, 34.9281695]]]}}, {"type": "Feature", "id": "w303958523", "properties": {"amenity": "theatre", "building": "yes", "name": "Furman Theatre", "on_campus": true}, "geometry": {"type": "Polygon", "coordinates": [[[-82.4342683, 34.9287024], [-82.4341309, 34.928656], [-82.4344008, 34.9281184], [-82.4345382, 34.9281648], [-82.4342683, 34.9287024]]]}}, {"type": "Feature", "id": "w303958524", "properties": {"building": "university", "on_campus": true}, "geometry": {"type": "Polygon", "coordinates": [[[-82.43404, 34.9285802], [-82.4338974, 34.9285323], [-82.4340542, 34.9282188], [-82.4341968, 34.9282667], [-82.43404, 34.9285802]]]}}, {"type": "Feature", "id": "w303995655", "properties": {"addr:housenumber": "B", "addr:street": "3300 Poinsett Highway", "building": "dormitory", "name": "B", "on_campus": true}, "geometry": {"type": "Polygon", "coordinates": [[[-82.4347069, 34.9303666], [-82.4345579, 34.9303912], [-82.4345431, 34.9303307], [-82.4345167, 34.9303351], [-82.4344908, 34.9302294], [-82.4345865, 34.9302136], [-82.4345575, 34.9300954], [-82.4344956, 34.9301056], [-82.4344977, 34.9301138], [-82.4344353, 34.9301241], [-82.4344277, 34.9300932], [-82.4343529, 34.9301056], [-82.4343224, 34.9299816], [-82.434395, 34.9299696], [-82.4343881, 34.9299417], [-82.4344595, 34.9299299], [-82.4344612, 34.9299367], [-82.4345113, 34.9299285], [-82.4344844, 34.929819], [-82.4343961, 34.9298335], [-82.4343699, 34.9297265], [-82.4343942, 34.9297225], [-82.4343792, 34.9296614], [-82.434525, 34.9296374], [-82.4345395, 34.9296965], [-82.4345728, 34.929691], [-82.4345843, 34.9297376], [-82.4345768, 34.9297389], [-82.4346041, 34.9298499], [-82.4346377, 34.9298444], [-82.43465, 34.9298945], [-82.4346205, 34.9298994], [-82.4346356, 34.9299608], [-82.4346501, 34.9299584], [-82.4346671, 34.9300277], [-82.4346521, 34.9300302], [-82.4346673, 34.9300922], [-82.4346988, 34.930087], [-82.4347107, 34.9301356], [-82.4346752, 34.9301415], [-82.434703, 34.9302545], [-82.4347133, 34.9302528], [-82.4347235, 34.9302943], [-82.4346905, 34.9302997], [-82.4347069, 34.9303666]]]}}, {"type": "Feature", "id": "w303995656", "properties": {"building": "dormitory", "name": "C", "on_campus": true}, "geometry": {"type": "Polygon", "coordinates": [[[-82.4342902, 34.9314323], [-82.4341446, 34.9313844], [-82.434173, 34.9313265], [-82.4341413, 34.931316], [-82.4341645, 34.9312691], [-82.4341728, 34.9312718], [-82.4342032, 34.931211], [-82.4343034, 34.9312446], [-82.4343581, 34.9311396], [-82.4342944, 34.9311174], [-82.4342922, 34.9311218], [-82.4342451, 34.9311062], [-82.4342581, 34.9310796], [-82.4341816, 34.9310546], [-82.4342357, 34.9309431], [-82.4343127, 34.9309682], [-82.4343267, 34.9309397], [-82.4343774, 34.9309566], [-82.4343746, 34.9309622], [-82.4344389, 34.9309846], [-82.4344945, 34.9308779], [-82.4344079, 34.9308503], [-82.4344358, 34.9307926], [-82.4344266, 34.9307896], [-82.4344482, 34.9307449], [-82.4344823, 34.9307557], [-82.4345117, 34.9306955], [-82.4346451, 34.9307393], [-82.4346157, 34.9307996], [-82.4346402, 34.9308074], [-82.4346501, 34.9308105], [-82.4346293, 34.9308551], [-82.4346176, 34.9308515], [-82.4345882, 34.9309089], [-82.4345651, 34.9309541], [-82.4346007, 34.9309661], [-82.4345768, 34.9310134], [-82.4345409, 34.9310013], [-82.4345084, 34.9310648], [-82.4345219, 34.9310694], [-82.4344913, 34.9311298], [-82.4344776, 34.9311251], [-82.4344472, 34.9311843], [-82.4344831, 34.9311964], [-82.4344573, 34.9312464], [-82.4344217, 34.9312341], [-82.4343998, 34.931277], [-82.4343687, 34.9313376], [-82.434373, 34.9313389], [-82.4343506, 34.9313849], [-82.4343186, 34.9313744], [-82.4342902, 34.9314323]]]}}, {"type": "Feature", "id": "w304036799", "properties": {"building": "dormitory", "on_campus": true}, "geometry": {"type": "Polygon", "coordinates": [[[-82.4388246, 34.9287142], [-82.438824, 34.9287364], [-82.4387746, 34.9287355], [-82.4387723, 34.9288187], [-82.4388508, 34.9288201], [-82.4388504, 34.9288376], [-82.4389442, 34.9288393], [-82.4389469, 34.9287426], [-82.4388958, 34.9287416], [-82.4388965, 34.9287155], [-82.4388246, 34.9287142]]]}}, {"type": "Feature", "id": "w304079106", "properties": {"building": "dormitory", "on_campus": true}, "geometry": {"type": "Polygon", "coordinates": [[[-82.4384938, 34.9287578], [-82.4385087, 34.9288247], [-82.4385871, 34.928813], [-82.4385856, 34.9288064], [-82.4386547, 34.9287961], [-82.4386452, 34.9287534], [-82.4385682, 34.928765], [-82.4385643, 34.9287473], [-82.4384938, 34.9287578]]]}}, {"type": "Feature", "id": "w304123544", "properties": {"addr:housenumber": "K", "building": "dormitory", "name": "K", "on_campus": true}, "geometry": {"type": "Polygon", "coordinates": [[[-82.4372103, 34.9342947], [-82.4372184, 34.9342745], [-82.4372387, 34.9342245], [-82.4372542, 34.9341861], [-82.4371563, 34.9341598], [-82.4371783, 34.9341044], [-82.4371712, 34.9341026], [-82.4371927, 34.9340482], [-82.4371997, 34.9340501], [-82.4372277, 34.9340575], [-82.4372492, 34.9340027], [-82.4373208, 34.9340216], [-82.4373943, 34.9340409], [-82.4373727, 34.934096], [-82.437394, 34.9341016], [-82.4374008, 34.9341033], [-82.4373808, 34.9341565], [-82.4373725, 34.9341544], [-82.4373491, 34.9342119], [-82.4373332, 34.9342509], [-82.4373698, 34.934261], [-82.4373495, 34.9343111], [-82.4373128, 34.934301], [-82.4372855, 34.9343679], [-82.4373008, 34.9343721], [-82.4372755, 34.9344348], [-82.43726, 34.9344306], [-82.4372311, 34.9345015], [-82.4372683, 34.9345114], [-82.4372503, 34.9345557], [-82.4372131, 34.9345457], [-82.4371935, 34.9345938], [-82.4371704, 34.9346505], [-82.4371813, 34.9346533], [-82.4371624, 34.9347011], [-82.437151, 34.9346981], [-82.4371316, 34.9346931], [-82.4371091, 34.9347493], [-82.4370345, 34.9347292], [-82.4369599, 34.9347091], [-82.4369825, 34.9346529], [-82.4369647, 34.934648], [-82.436954, 34.9346451], [-82.4369727, 34.9345984], [-82.4369831, 34.9346013], [-82.4370056, 34.934544], [-82.4370994, 34.9345689], [-82.4371189, 34.9345207], [-82.4371367, 34.9344767], [-82.437146, 34.9344537], [-82.437079, 34.9344354], [-82.4370756, 34.9344438], [-82.4370218, 34.9344287], [-82.4370341, 34.9343996], [-82.4369607, 34.9343794], [-82.4369847, 34.9343209], [-82.4370087, 34.9342632], [-82.437082, 34.9342837], [-82.4370943, 34.9342549], [-82.4371468, 34.9342698], [-82.437144, 34.9342765], [-82.4372103, 34.9342947]]]}}, {"type": "Feature", "id": "w304225506", "properties": {"building": "shed", "on_campus": true}, "geometry": {"type": "Polygon", "coordinates": [[[-82.4407222, 34.9193379], [-82.4406015, 34.9193203], [-82.4406267, 34.9192044], [-82.4407474, 34.9192221], [-82.4407222, 34.9193379]]]}}, {"type": "Feature", "id": "w304698326", "properties": {"building": "shed", "on_campus": true}, "geometry": {"type": "Polygon", "coordinates": [[[-82.4419906, 34.9211895], [-82.4419248, 34.9212335], [-82.4417115, 34.9210191], [-82.4417773, 34.9209751], [-82.4419906, 34.9211895]]]}}, {"type": "Feature", "id": "w304698333", "properties": {"building": "yes", "on_campus": true}, "geometry": {"type": "Polygon", "coordinates": [[[-82.4437848, 34.92391], [-82.4443538, 34.9241148], [-82.4444248, 34.9239823], [-82.4445574, 34.92403], [-82.4445766, 34.9239942], [-82.4446141, 34.9240077], [-82.4448242, 34.9236153], [-82.4447473, 34.9235876], [-82.444716, 34.9236459], [-82.4446159, 34.9236098], [-82.4445351, 34.9237606], [-82.4445059, 34.9237501], [-82.4444349, 34.9238827], [-82.4439021, 34.923691], [-82.4437848, 34.92391]]]}}, {"type": "Feature", "id": "w306150263", "properties": {"building": "yes", "name": "Cliffs Cottage", "on_campus": true}, "geometry": {"type": "Polygon", "coordinates": [[[-82.438756, 34.9291718], [-82.4388303, 34.9291712], [-82.4388302, 34.9291612], [-82.4388594, 34.9291609], [-82.4388591, 34.9291299], [-82.4389719, 34.9291289], [-82.4389723, 34.9291578], [-82.4390201, 34.9291574], [-82.4390198, 34.9291346], [-82.4390842, 34.9291341], [-82.4390839, 34.9291097], [-82.4391462, 34.9291091], [-82.4391468, 34.9291527], [-82.4391719, 34.9291525], [-82.4391734, 34.929271], [-82.4391482, 34.9292712], [-82.4391483, 34.9292807], [-82.4390602, 34.9292815], [-82.43906, 34.9292717], [-82.4390255, 34.929272], [-82.4390254, 34.9292594], [-82.4389601, 34.92926], [-82.4389606, 34.9292884], [-82.4388804, 34.9292892], [-82.4388801, 34.9292695], [-82.4387936, 34.9292704], [-82.4387941, 34.9293048], [-82.4387788, 34.929305], [-82.4387657, 34.9293051], [-82.4387659, 34.9293207], [-82.4387562, 34.9293208], [-82.4386631, 34.9293217], [-82.438663, 34.9293119], [-82.4386296, 34.9293122], [-82.4386285, 34.929219], [-82.4387281, 34.9292181], [-82.4387566, 34.9292179], [-82.438756, 34.9291718]]]}}, {"type": "Feature", "id": "w306150272", "properties": {"building": "dormitory", "on_campus": true}, "geometry": {"type": "Polygon", "coordinates": [[[-82.4381712, 34.9287835], [-82.438111, 34.9288013], [-82.4381028, 34.9287825], [-82.4380254, 34.9288054], [-82.4380527, 34.9288673], [-82.4380689, 34.9288625], [-82.4380864, 34.9289023], [-82.4382077, 34.9288664], [-82.4381712, 34.9287835]]]}}, {"type": "Feature", "id": "w306150273", "properties": {"building": "dormitory", "on_campus": true}, "geometry": {"type": "Polygon", "coordinates": [[[-82.4390726, 34.9287595], [-82.4390622, 34.9287864], [-82.4390486, 34.9287829], [-82.4390273, 34.9288375], [-82.4390945, 34.9288551], [-82.4390874, 34.9288731], [-82.4391414, 34.9288873], [-82.439147, 34.9288728], [-82.4391899, 34.928884], [-82.439218, 34.9288118], [-82.4391845, 34.928803], [-82.4391975, 34.9287698], [-82.439127, 34.9287513], [-82.439119, 34.9287717], [-82.4390726, 34.9287595]]]}}, {"type": "Feature", "id": "w306150280", "properties": {"building": "yes", "on_campus": true}, "geometry": {"type": "Polygon", "coordinates": [[[-82.439503, 34.9289511], [-82.4393913, 34.9289162], [-82.4393697, 34.9289629], [-82.4394814, 34.9289978], [-82.439503, 34.9289511]]]}}, {"type": "Feature", "id": "w306185610", "properties": {"building": "yes", "on_campus": false}, "geometry": {"type": "Polygon", "coordinates": [[[-82.4499877, 34.9318886], [-82.4498873, 34.9318708], [-82.4498809, 34.9318949], [-82.4498024, 34.9318809], [-82.449809, 34.9318561], [-82.4497178, 34.9318399], [-82.4497434, 34.9317432], [-82.4500135, 34.9317912], [-82.4499877, 34.9318886]]]}}, {"type": "Feature", "id": "w308974906", "properties": {"building": "yes", "name": "Herring Center for Continuing Education", "on_campus": true}, "geometry": {"type": "Polygon", "coordinates": [[[-82.4395029, 34.9165637], [-82.439259, 34.9164796], [-82.4392194, 34.9165568], [-82.4390839, 34.9165101], [-82.4390642, 34.9165487], [-82.4389369, 34.9165048], [-82.4388938, 34.9165888], [-82.4388381, 34.9165697], [-82.4387833, 34.9166766], [-82.4390719, 34.9167761], [-82.4390493, 34.9168203], [-82.4392037, 34.9168735], [-82.4392249, 34.9168321], [-82.4393442, 34.9168733], [-82.4395029, 34.9165637]]]}}, {"type": "Feature", "id": "w309842778", "properties": {"building": "yes", "on_campus": false}, "geometry": {"type": "Polygon", "coordinates": [[[-82.4298802, 34.9167972], [-82.4302222, 34.9161256], [-82.4299644, 34.9160373], [-82.4296505, 34.9166537], [-82.4295935, 34.9166342], [-82.4295654, 34.9166894], [-82.4298802, 34.9167972]]]}}, {"type": "Feature", "id": "w309842779", "properties": {"building": "yes", "on_campus": false}, "geometry": {"type": "Polygon", "coordinates": [[[-82.4314176, 34.9176428], [-82.4312798, 34.9176183], [-82.4312875, 34.917589], [-82.4311966, 34.9175728], [-82.4312868, 34.9172318], [-82.4315156, 34.9172726], [-82.4314176, 34.9176428]]]}}, {"type": "Feature", "id": "w309842780", "properties": {"building": "yes", "on_campus": false}, "geometry": {"type": "Polygon", "coordinates": [[[-82.4311695, 34.9172733], [-82.4312771, 34.9168691], [-82.4311592, 34.916848], [-82.4311204, 34.9169935], [-82.43098, 34.9169684], [-82.4309112, 34.917227], [-82.4311695, 34.9172733]]]}}, {"type": "Feature", "id": "w309842783", "properties": {"addr:housenumber": "402", "addr:street": "Duncan Chapel Road", "building": "yes", "on_campus": false}, "geometry": {"type": "Polygon", "coordinates": [[[-82.4304093, 34.9136003], [-82.4304764, 34.9134125], [-82.4303112, 34.9133728], [-82.4302498, 34.9135615], [-82.4304093, 34.9136003]]]}}, {"type": "Feature", "id": "w315968551", "properties": {"building": "yes", "name": "Thoreau Cabin", "on_campus": true}, "geometry": {"type": "Polygon", "coordinates": [[[-82.4422203, 34.9288029], [-82.4422155, 34.9287782], [-82.4421519, 34.9287864], [-82.4421566, 34.9288111], [-82.4422203, 34.9288029]]]}}, {"type": "Feature", "id": "w316162212", "properties": {"addr:housenumber": "5050", "addr:street": "Old Buncombe Road", "amenity": "fast_food", "building": "restaurant", "name": "McDonald's", "on_campus": false}, "geometry": {"type": "Polygon", "coordinates": [[[-82.4288842, 34.9117995], [-82.4288484, 34.9118644], [-82.4288203, 34.9118539], [-82.4287808, 34.9119255], [-82.4288232, 34.9119412], [-82.4287764, 34.912026], [-82.4287868, 34.9120523], [-82.4288116, 34.912075], [-82.4288439, 34.9120851], [-82.4288563, 34.9120554], [-82.428951, 34.9120908], [-82.4290731, 34.9118696], [-82.4288842, 34.9117995]]]}}, {"type": "Feature", "id": "w333930210", "properties": {"building": "university", "name": "McAlister Auditorium", "on_campus": true}, "geometry": {"type": "Polygon", "coordinates": [[[-82.4347976, 34.9264798], [-82.4347807, 34.9265133], [-82.4348406, 34.9265335], [-82.4348107, 34.9265923], [-82.4347609, 34.9265751], [-82.4347044, 34.9266899], [-82.4347527, 34.9267066], [-82.4347073, 34.9267958], [-82.4346436, 34.9267743], [-82.4345911, 34.9268884], [-82.4346506, 34.9269101], [-82.4346487, 34.9269147], [-82.4347363, 34.9269492], [-82.4347158, 34.9269968], [-82.4349808, 34.9270838], [-82.4352112, 34.9266169], [-82.4352336, 34.9266259], [-82.4352509, 34.9266193], [-82.4352632, 34.926607], [-82.435264, 34.9265917], [-82.4352591, 34.9265773], [-82.4352364, 34.9265663], [-82.4352623, 34.9265142], [-82.4352156, 34.9264987], [-82.4350571, 34.926446], [-82.4349099, 34.9263972], [-82.4348587, 34.9263814], [-82.4348336, 34.9264236], [-82.4348128, 34.9264217], [-82.4347948, 34.926429], [-82.4347855, 34.926439], [-82.434783, 34.9264529], [-82.4347899, 34.9264678], [-82.4347976, 34.9264798]]]}}, {"type": "Feature", "id": "w334442736", "properties": {"building": "yes", "on_campus": false}, "geometry": {"type": "Polygon", "coordinates": [[[-82.4474568, 34.9316715], [-82.4475408, 34.9314591], [-82.4473061, 34.9313967], [-82.4472221, 34.9316091], [-82.4474568, 34.9316715]]]}}, {"type": "Feature", "id": "w334587303", "properties": {"building": "yes", "on_campus": false}, "geometry": {"type": "Polygon", "coordinates": [[[-82.4484222, 34.9315741], [-82.4484328, 34.9314631], [-82.4481987, 34.9314481], [-82.4481882, 34.9315591], [-82.4484222, 34.9315741]]]}}, {"type": "Feature", "id": "w349863582", "properties": {"building": "retail", "on_campus": false}, "geometry": {"type": "Polygon", "coordinates": [[[-82.4292713, 34.9184885], [-82.4292784, 34.9185519], [-82.4291395, 34.9185624], [-82.4291324, 34.918499], [-82.4292713, 34.9184885]]]}}, {"type": "Feature", "id": "w368354042", "properties": {"addr:housenumber": "151", "addr:street": "Berea Middle School Road", "building": "school", "on_campus": false}, "geometry": {"type": "Polygon", "coordinates": [[[-82.4543348, 34.9141196], [-82.4542003, 34.9142511], [-82.454165, 34.9142849], [-82.4540353, 34.9144121], [-82.4539951, 34.9144507], [-82.4538788, 34.9145645], [-82.4542462, 34.9148157], [-82.4543264, 34.9148688], [-82.4545001, 34.9149917], [-82.4547203, 34.9151333], [-82.454962, 34.9153029], [-82.4550043, 34.9152729], [-82.4552198, 34.9154244], [-82.4552352, 34.9154007], [-82.4553295, 34.9154465], [-82.4556816, 34.9150978], [-82.455597, 34.9150426], [-82.4556335, 34.9150126], [-82.4555027, 34.9149369], [-82.4554449, 34.9148375], [-82.4553603, 34.9147823], [-82.4553988, 34.914746], [-82.4551737, 34.9145866], [-82.4551063, 34.914645], [-82.4549485, 34.9145456], [-82.4550255, 34.9144793], [-82.4547119, 34.9142616], [-82.4546484, 34.9143231], [-82.4545656, 34.9142742], [-82.4546214, 34.9142048], [-82.4545291, 34.9141433], [-82.4544694, 34.9141985], [-82.4543348, 34.9141196]]]}}, {"type": "Feature", "id": "w368354043", "properties": {"building": "roof", "on_campus": false}, "geometry": {"type": "Polygon", "coordinates": [[[-82.4545001, 34.9149917], [-82.4544316, 34.9150633], [-82.4546518, 34.9152049], [-82.4547203, 34.9151333], [-82.4545001, 34.9149917]]]}}, {"type": "Feature", "id": "w368354044", "properties": {"building": "roof", "on_campus": false}, "geometry": {"type": "Polygon", "coordinates": [[[-82.4542462, 34.9148157], [-82.4541758, 34.9148872], [-82.4541424, 34.9148651], [-82.4540834, 34.914925], [-82.4542407, 34.9150291], [-82.4543016, 34.9149672], [-82.454258, 34.9149383], [-82.4543264, 34.9148688], [-82.4542462, 34.9148157]]]}}, {"type": "Feature", "id": "w368354045", "properties": {"building": "roof", "on_campus": false}, "geometry": {"type": "Polygon", "coordinates": [[[-82.4539951, 34.9144507], [-82.4538274, 34.9143332], [-82.4540343, 34.9141348], [-82.4542003, 34.9142511], [-82.454165, 34.9142849], [-82.4540354, 34.9141941], [-82.453904, 34.91432], [-82.4540353, 34.9144121], [-82.4539951, 34.9144507]]]}}, {"type": "Feature", "id": "w37017956", "properties": {"building": "yes", "name": "Furman University Bell Tower", "on_campus": true}, "geometry": {"type": "Polygon", "coordinates": [[[-82.4399936, 34.9278541], [-82.4399634, 34.9278449], [-82.4399347, 34.9278361], [-82.4399581, 34.9277847], [-82.440017, 34.9278028], [-82.4399936, 34.9278541]]]}}, {"type": "Feature", "id": "w372744447", "properties": {"addr:housenumber": "415", "addr:street": "Duncan Chapel Road", "amenity": "doctors", "building": "office", "name": "Prisma Health Pediatric", "on_campus": false}, "geometry": {"type": "Polygon", "coordinates": [[[-82.4312536, 34.9130689], [-82.430984, 34.9129997], [-82.4309613, 34.9130591], [-82.4309, 34.9130434], [-82.4308673, 34.9131291], [-82.4309233, 34.9131434], [-82.4309029, 34.9131966], [-82.4311778, 34.9132672], [-82.4312536, 34.9130689]]]}}, {"type": "Feature", "id": "w372744448", "properties": {"addr:housenumber": "5009", "addr:street": "Old Buncombe Road", "building": "retail", "name": "Walmart Neighborhood Market", "operator": "Walmart", "on_campus": false}, "geometry": {"type": "Polygon", "coordinates": [[[-82.4307038, 34.9120767], [-82.431235, 34.9121883], [-82.4313171, 34.9119257], [-82.4313992, 34.9119429], [-82.4314808, 34.9116818], [-82.4313985, 34.9116645], [-82.4314392, 34.9115342], [-82.4309081, 34.9114227], [-82.4307038, 34.9120767]]]}}, {"type": "Feature", "id": "w37299210", "properties": {"amenity": "toilets", "building": "yes", "on_campus": true}, "geometry": {"type": "Polygon", "coordinates": [[[-82.4425145, 34.9270691], [-82.442398, 34.9270373], [-82.4424205, 34.9269818], [-82.4424412, 34.9269875], [-82.442537, 34.9270136], [-82.4425145, 34.9270691]]]}}, {"type": "Feature", "id": "w453793598", "properties": {"addr:housenumber": "5101", "addr:street": "Old Buncombe Road", "amenity": "bank", "building": "office", "name": "Bank of Travelers Rest", "operator": "Bank of Travelers Rest", "on_campus": false}, "geometry": {"type": "Polygon", "coordinates": [[[-82.4293653, 34.9133849], [-82.4295102, 34.913414], [-82.4295433, 34.9133033], [-82.4296851, 34.9133318], [-82.4297766, 34.9133501], [-82.4298082, 34.9132443], [-82.429713, 34.9132252], [-82.42958, 34.9131985], [-82.4295926, 34.9131564], [-82.4294433, 34.9131265], [-82.4294306, 34.913169], [-82.429401, 34.913163], [-82.4293696, 34.9132679], [-82.4293985, 34.9132737], [-82.4293653, 34.9133849]]]}}, {"type": "Feature", "id": "w453793605", "properties": {"addr:housenumber": "5055", "addr:street": "Old Buncombe Road", "building": "yes", "name": "7-Eleven", "on_campus": false}, "geometry": {"type": "Polygon", "coordinates": [[[-82.4296388, 34.912724], [-82.4296302, 34.912564], [-82.4297844, 34.9125584], [-82.429793, 34.9127185], [-82.4296388, 34.912724]]]}}, {"type": "Feature", "id": "w49292205", "properties": {"building": "yes", "on_campus": false}, "geometry": {"type": "Polygon", "coordinates": [[[-82.4286566, 34.9124957], [-82.4284165, 34.9123976], [-82.4283184, 34.9125589], [-82.4285621, 34.912648], [-82.4286566, 34.9124957]]]}}, {"type": "Feature", "id": "w49292206", "properties": {"addr:housenumber": "5054", "addr:street": "Old Buncombe Road", "amenity": "restaurant", "building": "yes", "name": "Jade Express", "on_campus": false}, "geometry": {"type": "Polygon", "coordinates": [[[-82.4287363, 34.9125849], [-82.4286837, 34.9126801], [-82.4287907, 34.9127202], [-82.4287868, 34.9127272], [-82.4288363, 34.9127458], [-82.4288402, 34.9127387], [-82.4289243, 34.9127702], [-82.4289768, 34.9126749], [-82.4287363, 34.9125849]]]}}, {"type": "Feature", "id": "w533382291", "properties": {"addr:housenumber": "1500", "addr:street": "Trailhead Court", "amenity": "social_facility", "building": "yes", "name": "The Woodlands at Furman", "on_campus": false}, "geometry": {"type": "Polygon", "coordinates": [[[-82.4438916, 34.9342662], [-82.4438668, 34.9346898], [-82.4443904, 34.9347105], [-82.4443767, 34.9349424], [-82.4436957, 34.9349154], [-82.4436873, 34.9350578], [-82.4437924, 34.935062], [-82.4437891, 34.9351183], [-82.4438342, 34.9351201], [-82.4438303, 34.9351863], [-82.4439928, 34.9351927], [-82.4439856, 34.9353152], [-82.4437998, 34.9353078], [-82.4437821, 34.9356069], [-82.4440336, 34.9356168], [-82.4440386, 34.9355327], [-82.4441941, 34.9355389], [-82.4441893, 34.9356203], [-82.4446427, 34.9356383], [-82.4446339, 34.9357859], [-82.444277, 34.9357717], [-82.4442725, 34.9358488], [-82.4441848, 34.9358453], [-82.4441638, 34.9362023], [-82.4439904, 34.9361954], [-82.4440148, 34.9357811], [-82.4439042, 34.9357767], [-82.4439027, 34.9358017], [-82.4437432, 34.9357954], [-82.4437443, 34.9357765], [-82.4436311, 34.935772], [-82.4435939, 34.9364024], [-82.443543, 34.9364004], [-82.4435395, 34.9364606], [-82.4434254, 34.936456], [-82.4434291, 34.936393], [-82.4433879, 34.9363914], [-82.4434213, 34.9358257], [-82.4432243, 34.9358179], [-82.4432222, 34.935854], [-82.4430853, 34.9358486], [-82.4430879, 34.9358046], [-82.4428372, 34.9357947], [-82.4428454, 34.9356558], [-82.4434528, 34.9356799], [-82.4434688, 34.9354098], [-82.4434058, 34.9354073], [-82.4434276, 34.935037], [-82.4436288, 34.935045], [-82.4436361, 34.9349207], [-82.4428163, 34.9348882], [-82.4428281, 34.9346885], [-82.4436132, 34.9347197], [-82.4436094, 34.9347837], [-82.4437192, 34.934788], [-82.4437245, 34.9346976], [-82.4436029, 34.9346927], [-82.4436614, 34.9337029], [-82.4444648, 34.9337348], [-82.4444517, 34.933958], [-82.4439113, 34.9339366], [-82.4438947, 34.9342285], [-82.4440702, 34.9342382], [-82.4440804, 34.9341129], [-82.4442734, 34.9341235], [-82.4442649, 34.9342271], [-82.4441682, 34.9342218], [-82.4441563, 34.9343668], [-82.4444252, 34.9343816], [-82.4444159, 34.934495], [-82.4443309, 34.9344903], [-82.4443265, 34.9345446], [-82.4442088, 34.9345381], [-82.4442132, 34.9344838], [-82.444147, 34.9344802], [-82.4441424, 34.9345363], [-82.4439913, 34.934528], [-82.4440046, 34.9343651], [-82.4439463, 34.9343619], [-82.4439538, 34.9342697], [-82.4438916, 34.9342662]]]}}, {"type": "Feature", "id": "w555491954", "properties": {"building": "office", "on_campus": false}, "geometry": {"type": "Polygon", "coordinates": [[[-82.4325147, 34.9130714], [-82.4324209, 34.9130461], [-82.4323981, 34.913089], [-82.4323632, 34.9130637], [-82.4323203, 34.9131055], [-82.4323444, 34.9131319], [-82.4322908, 34.913156], [-82.432323, 34.9132], [-82.4323525, 34.9131879], [-82.4323404, 34.913244], [-82.4324436, 34.9132638], [-82.4324638, 34.9132066], [-82.4324825, 34.9132506], [-82.4325509, 34.9132308], [-82.4325228, 34.9131791], [-82.4325751, 34.9131824], [-82.4325737, 34.9131176], [-82.4324906, 34.9131253], [-82.4325147, 34.9130714]]]}}, {"type": "Feature", "id": "w555491955", "properties": {"building": "yes", "on_campus": false}, "geometry": {"type": "Polygon", "coordinates": [[[-82.431736, 34.912664], [-82.43165, 34.912647], [-82.4315641, 34.9129388], [-82.4316501, 34.9129558], [-82.431736, 34.912664]]]}}, {"type": "Feature", "id": "w555491956", "properties": {"addr:housenumber": "421", "addr:street": "Duncan Chapel Road", "building": "apartments", "name": "Building 2", "on_campus": false}, "geometry": {"type": "Polygon", "coordinates": [[[-82.4328268, 34.9129557], [-82.4326367, 34.9133578], [-82.4328363, 34.9134213], [-82.4330264, 34.9130192], [-82.4328268, 34.9129557]]]}}, {"type": "Feature", "id": "w555491957", "properties": {"addr:housenumber": "421", "addr:street": "Duncan Chapel Road", "building": "apartments", "name": "Building 1", "on_campus": false}, "geometry": {"type": "Polygon", "coordinates": [[[-82.4319605, 34.9127377], [-82.4319454, 34.9131695], [-82.4321671, 34.9131747], [-82.4321822, 34.9127429], [-82.4319605, 34.9127377]]]}}, {"type": "Feature", "id": "w555491958", "properties": {"addr:housenumber": "421", "addr:street": "Duncan Chapel Road", "building": "apartments", "name": "Building 3", "on_campus": false}, "geometry": {"type": "Polygon", "coordinates": [[[-82.4318675, 34.9124404], [-82.4318305, 34.9122462], [-82.4323406, 34.9121808], [-82.4323776, 34.9123751], [-82.4318675, 34.9124404]]]}}, {"type": "Feature", "id": "w555491959", "properties": {"addr:housenumber": "421", "addr:street": "Duncan Chapel Road", "building": "apartments", "name": "Building 4", "on_campus": false}, "geometry": {"type": "Polygon", "coordinates": [[[-82.4331482, 34.9127346], [-82.4328517, 34.9123462], [-82.4330379, 34.9122506], [-82.4333344, 34.912639], [-82.4331482, 34.9127346]]]}}, {"type": "Feature", "id": "w555491960", "properties": {"addr:housenumber": "421", "addr:street": "Duncan Chapel Road", "building": "apartments", "name": "Building 5", "on_campus": false}, "geometry": {"type": "Polygon", "coordinates": [[[-82.434236, 34.9125473], [-82.4336437, 34.9126697], [-82.4336922, 34.9128278], [-82.4342846, 34.9127055], [-82.434236, 34.9125473]]]}}, {"type": "Feature", "id": "w555491961", "properties": {"addr:housenumber": "421", "addr:street": "Duncan Chapel Road", "building": "apartments", "name": "Building 6", "on_campus": false}, "geometry": {"type": "Polygon", "coordinates": [[[-82.4333521, 34.9130862], [-82.4331813, 34.9134941], [-82.4333906, 34.9135531], [-82.4335615, 34.9131452], [-82.4333521, 34.9130862]]]}}, {"type": "Feature", "id": "w555491962", "properties": {"building": "yes", "on_campus": false}, "geometry": {"type": "Polygon", "coordinates": [[[-82.4341969, 34.9129518], [-82.434057, 34.9132746], [-82.4342494, 34.9133306], [-82.434275, 34.9132715], [-82.4341619, 34.9132385], [-82.4342761, 34.9129748], [-82.4341969, 34.9129518]]]}}, {"type": "Feature", "id": "w555491963", "properties": {"addr:housenumber": "421", "addr:street": "Duncan Chapel Road", "building": "apartments", "name": "Building 7", "on_campus": false}, "geometry": {"type": "Polygon", "coordinates": [[[-82.4335985, 34.9138783], [-82.4337825, 34.9134187], [-82.4340065, 34.9134791], [-82.4338226, 34.9139386], [-82.4335985, 34.9138783]]]}}, {"type": "Feature", "id": "w567617289", "properties": {"building": "residential", "on_campus": false}, "geometry": {"type": "Polygon", "coordinates": [[[-82.4507436, 34.923336], [-82.4505334, 34.9234398], [-82.450608, 34.9235412], [-82.4508182, 34.9234374], [-82.4508051, 34.9234181], [-82.4507436, 34.923336]]]}}, {"type": "Feature", "id": "w567617290", "properties": {"building": "residential", "on_campus": false}, "geometry": {"type": "Polygon", "coordinates": [[[-82.4511275, 34.9230729], [-82.4509173, 34.9231767], [-82.4509408, 34.9232128], [-82.4509919, 34.9232782], [-82.4512021, 34.9231743], [-82.4511275, 34.9230729]]]}}, {"type": "Feature", "id": "w567617291", "properties": {"building": "residential", "on_campus": false}, "geometry": {"type": "Polygon", "coordinates": [[[-82.4509408, 34.9232128], [-82.4507306, 34.9233166], [-82.4507436, 34.923336], [-82.4508051, 34.9234181], [-82.4510153, 34.9233143], [-82.4509919, 34.9232782], [-82.4509408, 34.9232128]]]}}, {"type": "Feature", "id": "w567617292", "properties": {"building": "residential", "on_campus": false}, "geometry": {"type": "Polygon", "coordinates": [[[-82.4510939, 34.9229262], [-82.4509743, 34.9227495], [-82.4510837, 34.9226998], [-82.4512025, 34.9228752], [-82.4511336, 34.9229066], [-82.4511344, 34.9229078], [-82.4510939, 34.9229262]]]}}, {"type": "Feature", "id": "w567617293", "properties": {"building": "residential", "on_campus": false}, "geometry": {"type": "Polygon", "coordinates": [[[-82.4512527, 34.9230821], [-82.4511344, 34.9229078], [-82.4511336, 34.9229066], [-82.4512025, 34.9228752], [-82.4512412, 34.922855], [-82.4513619, 34.9230321], [-82.4512922, 34.923062], [-82.4512527, 34.9230821]]]}}, {"type": "Feature", "id": "w567617294", "properties": {"building": "residential", "on_campus": false}, "geometry": {"type": "Polygon", "coordinates": [[[-82.4515806, 34.9233963], [-82.4514599, 34.9232192], [-82.4515222, 34.923189], [-82.4515691, 34.9231692], [-82.4516898, 34.9233463], [-82.4515806, 34.9233963]]]}}, {"type": "Feature", "id": "w567617295", "properties": {"building": "residential", "on_campus": false}, "geometry": {"type": "Polygon", "coordinates": [[[-82.4514129, 34.9232391], [-82.4512922, 34.923062], [-82.4513619, 34.9230321], [-82.4514015, 34.9230119], [-82.4515222, 34.923189], [-82.4514599, 34.9232192], [-82.4514129, 34.9232391]]]}}, {"type": "Feature", "id": "w567617308", "properties": {"building": "residential", "on_campus": false}, "geometry": {"type": "Polygon", "coordinates": [[[-82.4506616, 34.9232832], [-82.4505409, 34.9231061], [-82.4506032, 34.9230759], [-82.4506501, 34.923056], [-82.4507708, 34.9232331], [-82.4506616, 34.9232832]]]}}, {"type": "Feature", "id": "w567617309", "properties": {"building": "residential", "on_campus": false}, "geometry": {"type": "Polygon", "coordinates": [[[-82.4504939, 34.9231259], [-82.4503733, 34.9229488], [-82.4504429, 34.9229189], [-82.4504825, 34.9228988], [-82.4506032, 34.9230759], [-82.4505409, 34.9231061], [-82.4504939, 34.9231259]]]}}, {"type": "Feature", "id": "w567617310", "properties": {"building": "residential", "on_campus": false}, "geometry": {"type": "Polygon", "coordinates": [[[-82.4503337, 34.922969], [-82.450213, 34.9227919], [-82.4503222, 34.9227418], [-82.4504429, 34.9229189], [-82.4503733, 34.9229488], [-82.4503337, 34.922969]]]}}, {"type": "Feature", "id": "w567617315", "properties": {"building": "residential", "on_campus": false}, "geometry": {"type": "Polygon", "coordinates": [[[-82.4507103, 34.9226986], [-82.4505001, 34.9228024], [-82.4505746, 34.9229039], [-82.4507848, 34.9228001], [-82.4507717, 34.9227807], [-82.4507103, 34.9226986]]]}}, {"type": "Feature", "id": "w567617316", "properties": {"building": "residential", "on_campus": false}, "geometry": {"type": "Polygon", "coordinates": [[[-82.4509074, 34.9225754], [-82.4506972, 34.9226793], [-82.4507103, 34.9226986], [-82.4507717, 34.9227807], [-82.450982, 34.9226769], [-82.4509585, 34.9226408], [-82.4509074, 34.9225754]]]}}, {"type": "Feature", "id": "w567617317", "properties": {"building": "residential", "on_campus": false}, "geometry": {"type": "Polygon", "coordinates": [[[-82.4510942, 34.9224355], [-82.450884, 34.9225394], [-82.4509074, 34.9225754], [-82.4509585, 34.9226408], [-82.4511687, 34.922537], [-82.4510942, 34.9224355]]]}}, {"type": "Feature", "id": "w567617318", "properties": {"building": "apartments", "on_campus": false}, "geometry": {"type": "Polygon", "coordinates": [[[-82.4524343, 34.922677], [-82.4525468, 34.9227915], [-82.4529222, 34.9225384], [-82.4528097, 34.922424], [-82.4524343, 34.922677]]]}}, {"type": "Feature", "id": "w567617319", "properties": {"building": "apartments", "on_campus": false}, "geometry": {"type": "Polygon", "coordinates": [[[-82.4527383, 34.9222483], [-82.4530267, 34.9225514], [-82.4531573, 34.9224679], [-82.4528689, 34.9221648], [-82.4527383, 34.9222483]]]}}, {"type": "Feature", "id": "w567617320", "properties": {"building": "apartments", "on_campus": false}, "geometry": {"type": "Polygon", "coordinates": [[[-82.4521858, 34.9216886], [-82.4524742, 34.9219917], [-82.4526047, 34.9219082], [-82.4523164, 34.9216051], [-82.4521858, 34.9216886]]]}}, {"type": "Feature", "id": "w567617321", "properties": {"building": "apartments", "on_campus": false}, "geometry": {"type": "Polygon", "coordinates": [[[-82.4519006, 34.9224882], [-82.452262, 34.9228564], [-82.4523911, 34.9227712], [-82.4520296, 34.922403], [-82.4519006, 34.9224882]]]}}, {"type": "Feature", "id": "w567617322", "properties": {"building": "apartments", "on_campus": false}, "geometry": {"type": "Polygon", "coordinates": [[[-82.4514961, 34.9218526], [-82.4517772, 34.9221393], [-82.4519063, 34.9220542], [-82.4516252, 34.9217675], [-82.4514961, 34.9218526]]]}}, {"type": "Feature", "id": "w567617323", "properties": {"building": "apartments", "on_campus": false}, "geometry": {"type": "Polygon", "coordinates": [[[-82.4515733, 34.9223933], [-82.4516858, 34.9225078], [-82.4521121, 34.9222261], [-82.4519997, 34.9221117], [-82.4515733, 34.9223933]]]}}, {"type": "Feature", "id": "w567617324", "properties": {"building": "apartments", "on_campus": false}, "geometry": {"type": "Polygon", "coordinates": [[[-82.4528058, 34.9229882], [-82.4529183, 34.9231027], [-82.4533446, 34.922821], [-82.4532321, 34.9227066], [-82.4528058, 34.9229882]]]}}, {"type": "Feature", "id": "w567617325", "properties": {"building": "apartments", "on_campus": false}, "geometry": {"type": "Polygon", "coordinates": [[[-82.451853, 34.9218071], [-82.4517434, 34.9217009], [-82.4521704, 34.9214048], [-82.45228, 34.921511], [-82.451853, 34.9218071]]]}}, {"type": "Feature", "id": "w567617326", "properties": {"building": "apartments", "on_campus": false}, "geometry": {"type": "Polygon", "coordinates": [[[-82.4526322, 34.9221618], [-82.4525226, 34.9220555], [-82.4529496, 34.9217594], [-82.4530592, 34.9218657], [-82.4526322, 34.9221618]]]}}, {"type": "Feature", "id": "w567833971", "properties": {"building": "apartments", "on_campus": false}, "geometry": {"type": "Polygon", "coordinates": [[[-82.453502, 34.9272475], [-82.4533989, 34.9267105], [-82.4532439, 34.9267305], [-82.4533469, 34.9272675], [-82.453502, 34.9272475]]]}}, {"type": "Feature", "id": "w567833972", "properties": {"building": "apartments", "on_campus": false}, "geometry": {"type": "Polygon", "coordinates": [[[-82.4540059, 34.9270973], [-82.4538235, 34.9265816], [-82.4536666, 34.9266179], [-82.4538517, 34.9271347], [-82.4540059, 34.9270973]]]}}, {"type": "Feature", "id": "w567837035", "properties": {"building": "yes", "on_campus": false}, "geometry": {"type": "Polygon", "coordinates": [[[-82.4565592, 34.9254964], [-82.4564872, 34.9255344], [-82.4565448, 34.9256078], [-82.4566168, 34.9255699], [-82.4565592, 34.9254964]]]}}, {"type": "Feature", "id": "w567837036", "properties": {"building": "yes", "on_campus": false}, "geometry": {"type": "Polygon", "coordinates": [[[-82.4561784, 34.9254972], [-82.4561208, 34.9255289], [-82.4562424, 34.9256769], [-82.4562999, 34.9256452], [-82.4561784, 34.9254972]]]}}, {"type": "Feature", "id": "w567837037", "properties": {"building": "yes", "on_campus": false}, "geometry": {"type": "Polygon", "coordinates": [[[-82.4566026, 34.925214], [-82.4566375, 34.9252646], [-82.4567703, 34.925203], [-82.4567354, 34.9251525], [-82.4566026, 34.925214]]]}}, {"type": "Feature", "id": "w567837038", "properties": {"addr:housenumber": "307", "addr:street": "Highway 25 North", "building": "yes", "name": "University Inn", "on_campus": false}, "geometry": {"type": "Polygon", "coordinates": [[[-82.4564909, 34.9252076], [-82.4564027, 34.9252576], [-82.4563401, 34.9251835], [-82.4562831, 34.9252158], [-82.4563459, 34.9252903], [-82.4560616, 34.9254515], [-82.4561075, 34.9255059], [-82.4563594, 34.925363], [-82.4563855, 34.925394], [-82.4564723, 34.9253447], [-82.4564493, 34.9253175], [-82.4565402, 34.925266], [-82.4564909, 34.9252076]]]}}, {"type": "Feature", "id": "w58710083", "properties": {"amenity": "shelter", "building": "yes", "on_campus": true}, "geometry": {"type": "Polygon", "coordinates": [[[-82.4418447, 34.9272667], [-82.4418456, 34.927266], [-82.4418625, 34.9272603], [-82.4418793, 34.927266], [-82.441886, 34.9272768], [-82.4418863, 34.9272799], [-82.4418793, 34.9272937], [-82.4418625, 34.9272994], [-82.4418576, 34.927299], [-82.4418456, 34.9272937], [-82.4418386, 34.9272799], [-82.4418447, 34.9272667]]]}}, {"type": "Feature", "id": "w59433884", "properties": {"building": "dormitory", "on_campus": true}, "geometry": {"type": "Polygon", "coordinates": [[[-82.4406524, 34.9233374], [-82.440379, 34.9230806], [-82.4405211, 34.9229752], [-82.4407992, 34.9232365], [-82.4406524, 34.9233374]]]}}, {"type": "Feature", "id": "w59433890", "properties": {"building": "university", "name": "Townes Center for Science", "on_campus": true}, "geometry": {"type": "Polygon", "coordinates": [[[-82.4390084, 34.9228586], [-82.4392925, 34.9230733], [-82.4392778, 34.9230864], [-82.4394588, 34.9232233], [-82.4395391, 34.923152], [-82.4395593, 34.9231673], [-82.4395837, 34.9231456], [-82.4396011, 34.9231302], [-82.439608, 34.9231241], [-82.4395942, 34.9231137], [-82.4396811, 34.9230367], [-82.439458, 34.9228673], [-82.4394434, 34.9228802], [-82.4391851, 34.9226839], [-82.4391292, 34.9226414], [-82.4390851, 34.9226081], [-82.4390518, 34.9226378], [-82.4391626, 34.9227214], [-82.4390084, 34.9228586]]]}}, {"type": "Feature", "id": "w59433898", "properties": {"addr:housenumber": "410", "addr:street": "Furman Mall Avenue", "building": "university", "layer": "1", "name": "Furman Hall", "on_campus": true}, "geometry": {"type": "Polygon", "coordinates": [[[-82.4371744, 34.9249006], [-82.4371307, 34.9248785], [-82.4371119, 34.9249076], [-82.4370837, 34.9248939], [-82.4367853, 34.92536], [-82.4365778, 34.9252783], [-82.4369062, 34.924774], [-82.4368664, 34.9247528], [-82.4369746, 34.9246049], [-82.4370107, 34.9246208], [-82.4373835, 34.9240983], [-82.4375907, 34.9242075], [-82.4372124, 34.9247148], [-82.4372873, 34.9247505], [-82.4371744, 34.9249006]]]}}, {"type": "Feature", "id": "w59433903", "properties": {"addr:housenumber": "D", "building": "dormitory", "name": "D", "on_campus": true}, "geometry": {"type": "Polygon", "coordinates": [[[-82.4352646, 34.9316531], [-82.4353162, 34.9316192], [-82.4352945, 34.931597], [-82.4354484, 34.9314957], [-82.4354297, 34.9314766], [-82.4354814, 34.9314425], [-82.4354993, 34.9314607], [-82.4356855, 34.9313382], [-82.4356636, 34.9313159], [-82.4357174, 34.9312805], [-82.4357364, 34.9312998], [-82.4358807, 34.9312048], [-82.4359028, 34.9312273], [-82.4359596, 34.9311899], [-82.4360508, 34.9312832], [-82.436, 34.9313166], [-82.4360258, 34.931343], [-82.4359743, 34.931377], [-82.4359658, 34.9313683], [-82.4359086, 34.931406], [-82.4358521, 34.9313483], [-82.4357467, 34.9314176], [-82.4358213, 34.9314937], [-82.4357982, 34.9315089], [-82.4358416, 34.9315533], [-82.4357263, 34.9316292], [-82.435681, 34.9315829], [-82.4356616, 34.9315956], [-82.4355853, 34.9315177], [-82.4354704, 34.9315933], [-82.4355337, 34.931658], [-82.4354761, 34.9316959], [-82.4354854, 34.9317054], [-82.4354344, 34.931739], [-82.4354089, 34.931713], [-82.4353568, 34.9317473], [-82.4352646, 34.9316531]]]}}, {"type": "Feature", "id": "w59433912", "properties": {"amenity": "library", "building": "yes", "name": "James Buchanan Duke Library", "operator": "Furman University", "on_campus": true}, "geometry": {"type": "Polygon", "coordinates": [[[-82.4385248, 34.9246906], [-82.4392158, 34.9250889], [-82.4393162, 34.924965], [-82.4393397, 34.9249785], [-82.43939, 34.9249536], [-82.4394364, 34.9249248], [-82.4394745, 34.9248942], [-82.439508, 34.9248568], [-82.4395362, 34.9248183], [-82.4395573, 34.924783], [-82.4395724, 34.9247391], [-82.4395828, 34.9246973], [-82.4395627, 34.9246856], [-82.4396645, 34.9245656], [-82.4389959, 34.9241802], [-82.4388482, 34.9243524], [-82.4387779, 34.9243119], [-82.4387664, 34.9243235], [-82.438633, 34.9244826], [-82.4385682, 34.9245565], [-82.4386161, 34.9245841], [-82.4385248, 34.9246906]]]}}, {"type": "Feature", "id": "w59433917", "properties": {"building": "dormitory", "name": "McGlothlin Hall", "on_campus": true}, "geometry": {"type": "Polygon", "coordinates": [[[-82.4422491, 34.922244], [-82.4420476, 34.9223723], [-82.4420612, 34.9223866], [-82.4420044, 34.9224228], [-82.4416856, 34.9226302], [-82.4415822, 34.9226971], [-82.4416008, 34.9227164], [-82.4416725, 34.922792], [-82.44216, 34.9224817], [-82.4421436, 34.9224644], [-82.4423396, 34.9223397], [-82.4422491, 34.922244]]]}}, {"type": "Feature", "id": "w59433920", "properties": {"building": "university", "name": "Richard W Riley Hall", "on_campus": true}, "geometry": {"type": "Polygon", "coordinates": [[[-82.4387117, 34.9236012], [-82.4384712, 34.9238229], [-82.438655, 34.923957], [-82.4389836, 34.9236541], [-82.4389937, 34.9236615], [-82.439038, 34.9236582], [-82.4390621, 34.9236329], [-82.4390587, 34.9236038], [-82.4390483, 34.9235961], [-82.4392493, 34.9234136], [-82.439066, 34.9232778], [-82.4388831, 34.9234439], [-82.4387117, 34.9236012]]]}}, {"type": "Feature", "id": "w59433922", "properties": {"building": "university", "name": "Hipp Hall", "on_campus": true}, "geometry": {"type": "Polygon", "coordinates": [[[-82.4396618, 34.9235883], [-82.4399539, 34.9233819], [-82.440097, 34.9235181], [-82.4400555, 34.9235474], [-82.4403209, 34.9237999], [-82.4401699, 34.9239065], [-82.4401019, 34.9238418], [-82.4400566, 34.9238738], [-82.4399494, 34.9237718], [-82.4399246, 34.9237893], [-82.4398145, 34.9236846], [-82.4397849, 34.9237055], [-82.4396618, 34.9235883]]]}}, {"type": "Feature", "id": "w59433923", "properties": {"addr:housenumber": "H", "building": "dormitory", "name": "H", "on_campus": true}, "geometry": {"type": "Polygon", "coordinates": [[[-82.4373459, 34.9327353], [-82.4372882, 34.9327684], [-82.4372731, 34.9327507], [-82.4371113, 34.9328437], [-82.4370977, 34.9328278], [-82.4370466, 34.9328572], [-82.4370682, 34.9328824], [-82.4368703, 34.9329962], [-82.4368501, 34.9329726], [-82.4367974, 34.9330029], [-82.4368127, 34.9330207], [-82.4366481, 34.9331153], [-82.4366644, 34.9331343], [-82.4366086, 34.9331663], [-82.4366995, 34.9332726], [-82.4367584, 34.9332387], [-82.436772, 34.9332546], [-82.4368833, 34.9331906], [-82.436825, 34.9331225], [-82.4369443, 34.9330539], [-82.4370619, 34.9331913], [-82.437229, 34.9330952], [-82.4371105, 34.9329567], [-82.4372225, 34.9328922], [-82.4372831, 34.932963], [-82.4373969, 34.9328976], [-82.4373807, 34.9328787], [-82.4374396, 34.9328448], [-82.4373459, 34.9327353]]]}}, {"type": "Feature", "id": "w59433928", "properties": {"building": "yes", "name": "Younts Conference Center", "on_campus": true}, "geometry": {"type": "Polygon", "coordinates": [[[-82.4402525, 34.9174932], [-82.4403149, 34.9173813], [-82.4403437, 34.9173919], [-82.4403973, 34.917296], [-82.4403688, 34.9172849], [-82.440201, 34.9172197], [-82.4402104, 34.9172027], [-82.4401758, 34.9171899], [-82.4401858, 34.9171719], [-82.4402235, 34.9171037], [-82.4401262, 34.9170675], [-82.4400701, 34.9171689], [-82.4400645, 34.9171667], [-82.4400517, 34.9171618], [-82.4400056, 34.9172489], [-82.4400178, 34.9172534], [-82.4399514, 34.9173767], [-82.4399372, 34.9173713], [-82.4398946, 34.9174521], [-82.4399081, 34.9174571], [-82.4398905, 34.9174896], [-82.4399787, 34.9175221], [-82.4399864, 34.917508], [-82.4400213, 34.9175209], [-82.4400311, 34.917503], [-82.4402091, 34.9175703], [-82.4402374, 34.917581], [-82.4402808, 34.9175037], [-82.4402525, 34.9174932]]]}}, {"type": "Feature", "id": "w59433941", "properties": {"building": "university", "name": "Marshall and Vera Lea Rinker Hall", "on_campus": true}, "geometry": {"type": "Polygon", "coordinates": [[[-82.4384441, 34.9233825], [-82.4386396, 34.9235275], [-82.4387912, 34.9233897], [-82.4385936, 34.9232435], [-82.4384441, 34.9233825]]]}}, {"type": "Feature", "id": "w59433945", "properties": {"building": "dormitory", "name": "Ramsay Hall", "on_campus": true}, "geometry": {"type": "Polygon", "coordinates": [[[-82.4376294, 34.927203], [-82.4377326, 34.9269906], [-82.4376602, 34.926966], [-82.4376031, 34.9269472], [-82.4375759, 34.9270025], [-82.4375422, 34.9269913], [-82.4374283, 34.9272289], [-82.4375898, 34.9272827], [-82.4376294, 34.927203]]]}}, {"type": "Feature", "id": "w59433955", "properties": {"building": "yes", "on_campus": true}, "geometry": {"type": "Polygon", "coordinates": [[[-82.4442371, 34.9235198], [-82.4442114, 34.9235697], [-82.4441479, 34.9235476], [-82.4442819, 34.9232876], [-82.4445222, 34.9233708], [-82.4444139, 34.923581], [-82.4442371, 34.9235198]]]}}, {"type": "Feature", "id": "w59433965", "properties": {"building": "yes", "name": "Furman Athletics", "on_campus": true}, "geometry": {"type": "Polygon", "coordinates": [[[-82.4438869, 34.9212617], [-82.4439117, 34.9212857], [-82.4438724, 34.921313], [-82.4439183, 34.9213574], [-82.443896, 34.9213729], [-82.4439495, 34.9214246], [-82.4439748, 34.921407], [-82.4440951, 34.9215233], [-82.4441274, 34.9215008], [-82.4442983, 34.9216661], [-82.4445685, 34.9214783], [-82.4441531, 34.9210766], [-82.4438869, 34.9212617]]]}}, {"type": "Feature", "id": "w59433967", "properties": {"building": "dormitory", "name": "McBee Hall", "on_campus": true}, "geometry": {"type": "Polygon", "coordinates": [[[-82.4379526, 34.9263141], [-82.4379757, 34.926267], [-82.4383718, 34.926398], [-82.4383077, 34.9265284], [-82.4380157, 34.9264319], [-82.4380571, 34.9263493], [-82.4379526, 34.9263141]]]}}, {"type": "Feature", "id": "w59433970", "properties": {"addr:housenumber": "700", "addr:street": "Mary Peace Sterling Circle", "building": "university", "name": "John E Johns Hall", "on_campus": true}, "geometry": {"type": "Polygon", "coordinates": [[[-82.4379185, 34.9244827], [-82.4375799, 34.9249899], [-82.4375016, 34.9251071], [-82.4373133, 34.9250239], [-82.4372139, 34.9251752], [-82.4373953, 34.9252553], [-82.4373724, 34.9252903], [-82.4374127, 34.9253081], [-82.4373941, 34.9253365], [-82.4375285, 34.9253955], [-82.437547, 34.925367], [-82.4375848, 34.925384], [-82.4376078, 34.925349], [-82.4376585, 34.9253715], [-82.437758, 34.9252205], [-82.4376992, 34.9251945], [-82.4381154, 34.9245711], [-82.4379185, 34.9244827]]]}}, {"type": "Feature", "id": "w59433971", "properties": {"building": "dormitory", "name": "Poteat Hall", "on_campus": true}, "geometry": {"type": "Polygon", "coordinates": [[[-82.4412216, 34.9223027], [-82.4417168, 34.9219961], [-82.4417285, 34.9220088], [-82.4419162, 34.9218925], [-82.4420004, 34.9219839], [-82.4418071, 34.9221041], [-82.4417365, 34.9221482], [-82.4413172, 34.9224066], [-82.4412216, 34.9223027]]]}}, {"type": "Feature", "id": "w59433973", "properties": {"addr:housenumber": "I", "building": "dormitory", "name": "I", "on_campus": true}, "geometry": {"type": "Polygon", "coordinates": [[[-82.4355668, 34.9328365], [-82.4354823, 34.9329314], [-82.435541, 34.9329665], [-82.4355188, 34.9329914], [-82.4356331, 34.9330598], [-82.4356892, 34.9329968], [-82.4357908, 34.9330575], [-82.4357231, 34.9331336], [-82.4357539, 34.933152], [-82.4357121, 34.933199], [-82.4358329, 34.9332713], [-82.4358735, 34.9332257], [-82.4359006, 34.9332419], [-82.4359692, 34.9331648], [-82.4360664, 34.933223], [-82.4360043, 34.9332928], [-82.4361387, 34.9333732], [-82.4361599, 34.9333493], [-82.4362108, 34.9333797], [-82.4363091, 34.9332693], [-82.4362511, 34.9332345], [-82.4362685, 34.9332149], [-82.4361092, 34.9331196], [-82.4361287, 34.9330977], [-82.4360672, 34.9330609], [-82.4360437, 34.9330873], [-82.4358502, 34.9329715], [-82.4358682, 34.9329513], [-82.435818, 34.9329212], [-82.4357992, 34.9329423], [-82.4356455, 34.9328504], [-82.4356262, 34.9328721], [-82.4355668, 34.9328365]]]}}, {"type": "Feature", "id": "w59433978", "properties": {"building": "dormitory", "name": "Chiles Hall", "on_campus": true}, "geometry": {"type": "Polygon", "coordinates": [[[-82.4371926, 34.9275875], [-82.4373599, 34.9272628], [-82.4374038, 34.9272781], [-82.4375059, 34.9273135], [-82.4373379, 34.9276388], [-82.4371926, 34.9275875]]]}}, {"type": "Feature", "id": "w59433992", "properties": {"building": "yes", "name": "Cherrydale House", "on_campus": true}, "geometry": {"type": "Polygon", "coordinates": [[[-82.4407925, 34.917607], [-82.4407062, 34.9175731], [-82.4407635, 34.917472], [-82.4406874, 34.9174447], [-82.4406365, 34.9175365], [-82.4406108, 34.9175262], [-82.4405869, 34.9175692], [-82.4406129, 34.9175797], [-82.440587, 34.9176269], [-82.4406334, 34.9176449], [-82.4406154, 34.9176774], [-82.4406918, 34.9177049], [-82.4407092, 34.9176747], [-82.4407568, 34.9176928], [-82.4407863, 34.9176381], [-82.4407779, 34.9176342], [-82.4407925, 34.917607]]]}}, {"type": "Feature", "id": "w59433994", "properties": {"addr:housenumber": "E", "building": "dormitory", "name": "E", "on_campus": true}, "geometry": {"type": "Polygon", "coordinates": [[[-82.4359149, 34.930324], [-82.4359159, 34.9303803], [-82.4358739, 34.9303808], [-82.4358768, 34.9305387], [-82.4358397, 34.9305391], [-82.4358408, 34.9305981], [-82.435876, 34.9305977], [-82.435877, 34.9306543], [-82.4358664, 34.9306544], [-82.4358675, 34.9307342], [-82.4358797, 34.9307341], [-82.4358804, 34.9307934], [-82.4358499, 34.9307936], [-82.4358504, 34.9308438], [-82.4358831, 34.9308436], [-82.4358847, 34.9310015], [-82.4359173, 34.9310013], [-82.4359178, 34.9310492], [-82.4360557, 34.9310482], [-82.4360551, 34.9309883], [-82.4360858, 34.9309881], [-82.4360845, 34.9308784], [-82.4359925, 34.9308791], [-82.4359913, 34.9307831], [-82.4361133, 34.930782], [-82.4361129, 34.9307553], [-82.4361872, 34.9307546], [-82.4361854, 34.9306308], [-82.4361189, 34.9306315], [-82.4361186, 34.9306075], [-82.4359976, 34.9306089], [-82.4359957, 34.9304976], [-82.4360922, 34.9304965], [-82.4360902, 34.9303824], [-82.4360589, 34.9303828], [-82.4360578, 34.9303222], [-82.4359149, 34.930324]]]}}, {"type": "Feature", "id": "w59433999", "properties": {"building": "dormitory", "name": "Gambrell Hall", "on_campus": true}, "geometry": {"type": "Polygon", "coordinates": [[[-82.4373692, 34.9276497], [-82.4373426, 34.9276404], [-82.4373379, 34.9276388], [-82.4371926, 34.9275875], [-82.4370781, 34.9275471], [-82.4368209, 34.9274563], [-82.4367079, 34.9274164], [-82.4366568, 34.927515], [-82.4369309, 34.9276105], [-82.4373194, 34.9277458], [-82.4373692, 34.9276497]]]}}, {"type": "Feature", "id": "w59434000", "properties": {"amenity": "police", "building": "yes", "name": "Estridge Commons", "on_campus": true}, "geometry": {"type": "Polygon", "coordinates": [[[-82.4353837, 34.9287381], [-82.4352226, 34.9288394], [-82.4352253, 34.928923], [-82.4353139, 34.9289956], [-82.4355394, 34.9288328], [-82.4354696, 34.9287535], [-82.4353837, 34.9287381]]]}}, {"type": "Feature", "id": "w59434004", "properties": {"building": "yes", "name": "Minor Herndon Mickel Tennis Center", "on_campus": true}, "geometry": {"type": "Polygon", "coordinates": [[[-82.4424558, 34.9193202], [-82.4424557, 34.9192585], [-82.4423925, 34.919259], [-82.4423921, 34.9192913], [-82.4422721, 34.9192908], [-82.4422731, 34.9191487], [-82.442241, 34.9191482], [-82.4422415, 34.9191188], [-82.4422243, 34.9191191], [-82.4422163, 34.9191193], [-82.4422166, 34.9190385], [-82.442225, 34.9190384], [-82.4422426, 34.9190383], [-82.4422427, 34.9190118], [-82.4422741, 34.9190117], [-82.4422734, 34.9188689], [-82.4423912, 34.9188665], [-82.4423911, 34.9188903], [-82.4424517, 34.9188887], [-82.4424532, 34.9186937], [-82.4429169, 34.9186939], [-82.4429203, 34.9193216], [-82.4424558, 34.9193202]]]}}, {"type": "Feature", "id": "w59434010", "properties": {"building": "dormitory", "name": "Haynsworth Hall", "on_campus": true}, "geometry": {"type": "Polygon", "coordinates": [[[-82.4378357, 34.9274222], [-82.4378997, 34.9272932], [-82.4376294, 34.927203], [-82.4375898, 34.9272827], [-82.4374283, 34.9272289], [-82.4374038, 34.9272781], [-82.4375059, 34.9273135], [-82.4378357, 34.9274222]]]}}, {"type": "Feature", "id": "w59434011", "properties": {"addr:housenumber": "455", "addr:street": "Furman Mall Avenue", "amenity": "place_of_worship", "building": "church", "name": "Charles E Daniel Chapel", "on_campus": true}, "geometry": {"type": "Polygon", "coordinates": [[[-82.436086, 34.9229824], [-82.4363847, 34.9231572], [-82.4363564, 34.9231891], [-82.436494, 34.9232712], [-82.4365231, 34.9232384], [-82.4365584, 34.923259], [-82.4366681, 34.923133], [-82.4366342, 34.9231131], [-82.436663, 34.9230807], [-82.4365258, 34.9229989], [-82.436496, 34.9230325], [-82.4361955, 34.9228566], [-82.436086, 34.9229824]]]}}, {"type": "Feature", "id": "w59434039", "properties": {"building": "yes", "on_campus": true}, "geometry": {"type": "Polygon", "coordinates": [[[-82.4364917, 34.9254253], [-82.4364348, 34.9254034], [-82.4364253, 34.92542], [-82.4364096, 34.925414], [-82.4363982, 34.9254096], [-82.4363652, 34.9253969], [-82.4363779, 34.9253747], [-82.4363469, 34.9253629], [-82.4363571, 34.925345], [-82.4363424, 34.9253394], [-82.4363897, 34.925256], [-82.4364066, 34.9252624], [-82.4364148, 34.925248], [-82.4364288, 34.9252533], [-82.436439, 34.9252352], [-82.4364712, 34.9252474], [-82.4365446, 34.9252753], [-82.4365354, 34.9252915], [-82.436564, 34.9253019], [-82.4364917, 34.9254253]]]}}, {"type": "Feature", "id": "w59434048", "properties": {"building": "dormitory", "name": "Judson Hall", "on_campus": true}, "geometry": {"type": "Polygon", "coordinates": [[[-82.4376602, 34.926966], [-82.4378266, 34.9266195], [-82.4377506, 34.9265941], [-82.4377828, 34.9265295], [-82.4377155, 34.9265078], [-82.4376359, 34.9266735], [-82.4375926, 34.9266595], [-82.4375642, 34.9267187], [-82.4375361, 34.9267772], [-82.4375816, 34.9267919], [-82.4374934, 34.9269758], [-82.4375422, 34.9269913], [-82.4375759, 34.9270025], [-82.4376031, 34.9269472], [-82.4376602, 34.926966]]]}}, {"type": "Feature", "id": "w59434049", "properties": {"addr:housenumber": "J", "building": "dormitory", "name": "J", "on_campus": true}, "geometry": {"type": "Polygon", "coordinates": [[[-82.4346255, 34.9322178], [-82.4346518, 34.93228], [-82.4346303, 34.9322861], [-82.4346954, 34.9324399], [-82.4346622, 34.9324493], [-82.4346848, 34.9325027], [-82.4347135, 34.9324945], [-82.4347904, 34.9326762], [-82.4347548, 34.9326863], [-82.4347791, 34.9327437], [-82.4348095, 34.932735], [-82.4348797, 34.932901], [-82.4349063, 34.9328935], [-82.4349245, 34.9329366], [-82.435078, 34.9328934], [-82.4350546, 34.9328351], [-82.4350811, 34.932828], [-82.4350391, 34.9327236], [-82.4349481, 34.9327495], [-82.4348848, 34.9325999], [-82.4349088, 34.9325931], [-82.4349238, 34.9326285], [-82.4349925, 34.932609], [-82.4349777, 34.9325742], [-82.4349877, 34.9325714], [-82.4349967, 34.9325925], [-82.4350568, 34.9325754], [-82.4350462, 34.9325504], [-82.4350641, 34.9325453], [-82.4350853, 34.9325955], [-82.435194, 34.9325646], [-82.4351741, 34.9325177], [-82.4352371, 34.9324998], [-82.4352011, 34.9324147], [-82.4351432, 34.9324312], [-82.4351195, 34.9323752], [-82.4350067, 34.9324073], [-82.4350278, 34.9324571], [-82.4350045, 34.9324637], [-82.4349946, 34.9324403], [-82.4349436, 34.9324548], [-82.4349543, 34.9324802], [-82.4349394, 34.9324845], [-82.4349251, 34.9324505], [-82.4348674, 34.9324669], [-82.4348819, 34.9325012], [-82.4348415, 34.9325127], [-82.4347788, 34.9323645], [-82.4348701, 34.9323385], [-82.4347983, 34.9321687], [-82.4346255, 34.9322178]]]}}, {"type": "Feature", "id": "w59434053", "properties": {"building": "university", "name": "Roe Art Building", "on_campus": true}, "geometry": {"type": "Polygon", "coordinates": [[[-82.4362346, 34.9268691], [-82.4359244, 34.9267652], [-82.435605, 34.9266582], [-82.4354246, 34.9270203], [-82.4360542, 34.9272311], [-82.4362346, 34.9268691]]]}}, {"type": "Feature", "id": "w59434056", "properties": {"building": "dormitory", "name": "Geer Hall", "on_campus": true}, "geometry": {"type": "Polygon", "coordinates": [[[-82.4401284, 34.9231158], [-82.4403194, 34.9229738], [-82.4402919, 34.9229467], [-82.4407758, 34.9226052], [-82.4408802, 34.9227089], [-82.4405211, 34.9229752], [-82.440379, 34.9230806], [-82.4402186, 34.9231995], [-82.4401284, 34.9231158]]]}}, {"type": "Feature", "id": "w59434057", "properties": {"building": "university", "name": "Daniel Music Building", "on_campus": true}, "geometry": {"type": "Polygon", "coordinates": [[[-82.4347976, 34.9264798], [-82.4346824, 34.9264381], [-82.4342876, 34.9262924], [-82.434131, 34.9265991], [-82.4340969, 34.926666], [-82.4340873, 34.9266847], [-82.4340184, 34.9268196], [-82.4342079, 34.9268843], [-82.4342119, 34.926877], [-82.4342364, 34.9268855], [-82.4342243, 34.9269091], [-82.4342555, 34.92692], [-82.4342516, 34.9269278], [-82.4343749, 34.9269697], [-82.4343784, 34.9269628], [-82.4344092, 34.9269734], [-82.4344212, 34.92695], [-82.43445, 34.9269601], [-82.4345034, 34.9268571], [-82.4344901, 34.9268524], [-82.434519, 34.926798], [-82.4345478, 34.9267419], [-82.4346436, 34.9267743], [-82.4347073, 34.9267958], [-82.4347527, 34.9267066], [-82.4347044, 34.9266899], [-82.434594, 34.9266519], [-82.4346527, 34.9265376], [-82.4347609, 34.9265751], [-82.4348107, 34.9265923], [-82.4348406, 34.9265335], [-82.4347807, 34.9265133], [-82.4347976, 34.9264798]]]}}, {"type": "Feature", "id": "w59434058", "properties": {"addr:housenumber": "80", "addr:street": "Furman Lake Lane", "building": "university", "on_campus": true}, "geometry": {"type": "Polygon", "coordinates": [[[-82.4376567, 34.9257926], [-82.4377189, 34.9258166], [-82.4376637, 34.9259131], [-82.4378209, 34.9259736], [-82.4379551, 34.9257392], [-82.437903, 34.9257192], [-82.4379232, 34.9256838], [-82.4378215, 34.9256447], [-82.4377669, 34.9257401], [-82.4377013, 34.9257148], [-82.4376567, 34.9257926]]]}}, {"type": "Feature", "id": "w59434064", "properties": {"building": "dormitory", "name": "Townes Hall", "on_campus": true}, "geometry": {"type": "Polygon", "coordinates": [[[-82.4377506, 34.9265941], [-82.4377828, 34.9265295], [-82.4379017, 34.9262967], [-82.4379526, 34.9263141], [-82.4380571, 34.9263493], [-82.4380157, 34.9264319], [-82.4379096, 34.926647], [-82.4378266, 34.9266195], [-82.4377506, 34.9265941]]]}}, {"type": "Feature", "id": "w59434073", "properties": {"addr:housenumber": "F", "building": "dormitory", "name": "F", "on_campus": true}, "geometry": {"type": "Polygon", "coordinates": [[[-82.4364224, 34.9295495], [-82.4363025, 34.9294942], [-82.4362635, 34.929551], [-82.4362186, 34.9295303], [-82.4361294, 34.9296602], [-82.4360955, 34.9296446], [-82.4360524, 34.9297071], [-82.4360771, 34.9297185], [-82.435973, 34.929869], [-82.4359376, 34.9298525], [-82.4358868, 34.9299258], [-82.4359204, 34.9299415], [-82.4358245, 34.9300794], [-82.435859, 34.9300956], [-82.4358305, 34.9301364], [-82.4359675, 34.9302007], [-82.4360022, 34.9301509], [-82.4360304, 34.9301641], [-82.4360631, 34.9301174], [-82.4360547, 34.9301135], [-82.4360916, 34.9300609], [-82.4360058, 34.9300205], [-82.436079, 34.9299161], [-82.4361359, 34.9299429], [-82.4361299, 34.9299515], [-82.4361787, 34.9299744], [-82.4361959, 34.9299497], [-82.4362664, 34.9299828], [-82.4363421, 34.9298742], [-82.4362809, 34.9298456], [-82.436301, 34.9298167], [-82.4362391, 34.9297878], [-82.4362338, 34.9297955], [-82.4361848, 34.9297728], [-82.4362553, 34.9296706], [-82.4363368, 34.9297084], [-82.4363746, 34.9296536], [-82.4363835, 34.9296577], [-82.436409, 34.9296205], [-82.4363822, 34.9296082], [-82.4364224, 34.9295495]]]}}, {"type": "Feature", "id": "w59434074", "properties": {"building": "dormitory", "name": "Manly Hall", "on_campus": true}, "geometry": {"type": "Polygon", "coordinates": [[[-82.4404888, 34.92345], [-82.4406524, 34.9233374], [-82.4407992, 34.9232365], [-82.4411773, 34.9229763], [-82.4412812, 34.9230806], [-82.4405899, 34.9235437], [-82.4405374, 34.923495], [-82.4404888, 34.92345]]]}}, {"type": "Feature", "id": "w59434076", "properties": {"building": "yes", "on_campus": true}, "geometry": {"type": "Polygon", "coordinates": [[[-82.4443892, 34.9242651], [-82.443907, 34.9240919], [-82.4438195, 34.9242557], [-82.4443017, 34.9244289], [-82.4443892, 34.9242651]]]}}, {"type": "Feature", "id": "w59434077", "properties": {"building": "yes", "on_campus": true}, "geometry": {"type": "Polygon", "coordinates": [[[-82.440172, 34.9206997], [-82.4400205, 34.9205743], [-82.4399816, 34.920604], [-82.4398797, 34.9205183], [-82.4398421, 34.9205512], [-82.4398113, 34.9205259], [-82.4396906, 34.9206238], [-82.4395967, 34.920538], [-82.4394465, 34.9206744], [-82.4394063, 34.9206403], [-82.439193, 34.9208119], [-82.4392547, 34.9208646], [-82.4391796, 34.9209317], [-82.4393271, 34.9210549], [-82.439276, 34.9211045], [-82.4395421, 34.9213151], [-82.4396678, 34.9212083], [-82.4397527, 34.9212755], [-82.4399963, 34.9210659], [-82.4400996, 34.9211417], [-82.4402364, 34.9210395], [-82.4403732, 34.9209273], [-82.4402082, 34.9207888], [-82.4401358, 34.9207294], [-82.440172, 34.9206997]]]}}, {"type": "Feature", "id": "w59434086", "properties": {"building": "yes", "name": "Alester G Furman Administration", "on_campus": true}, "geometry": {"type": "Polygon", "coordinates": [[[-82.4367853, 34.92536], [-82.4365778, 34.9252783], [-82.436564, 34.9253019], [-82.4364917, 34.9254253], [-82.4363704, 34.9256323], [-82.436578, 34.925714], [-82.4367853, 34.92536]]]}}, {"type": "Feature", "id": "w59434093", "properties": {"addr:housenumber": "A", "addr:street": "3300 Poinsett Highway", "building": "dormitory", "name": "A", "on_campus": true}, "geometry": {"type": "Polygon", "coordinates": [[[-82.4341262, 34.9293899], [-82.4342074, 34.9295059], [-82.4342673, 34.9294777], [-82.4342847, 34.9295025], [-82.434349, 34.9294722], [-82.4343396, 34.9294587], [-82.4344553, 34.9294043], [-82.4344742, 34.9294313], [-82.4345297, 34.9294052], [-82.4345084, 34.9293748], [-82.4347129, 34.9292786], [-82.4347313, 34.9293049], [-82.4347877, 34.9292783], [-82.4347706, 34.9292539], [-82.4348743, 34.929205], [-82.4348834, 34.929218], [-82.4349698, 34.9291773], [-82.4349528, 34.9291531], [-82.4350076, 34.9291273], [-82.4349158, 34.9289963], [-82.434853, 34.9290259], [-82.4348381, 34.9290046], [-82.4347647, 34.9290392], [-82.4347736, 34.9290518], [-82.4347111, 34.9290812], [-82.4347589, 34.9291494], [-82.4346396, 34.9292056], [-82.4346136, 34.9291686], [-82.4346249, 34.9291633], [-82.4345933, 34.9291182], [-82.4345549, 34.9291363], [-82.4345156, 34.9290803], [-82.434389, 34.92914], [-82.4344312, 34.9292003], [-82.4344036, 34.9292133], [-82.4344318, 34.9292534], [-82.4344439, 34.9292477], [-82.4344772, 34.9292953], [-82.4343438, 34.9293581], [-82.434296, 34.9292897], [-82.4342352, 34.9293183], [-82.4342271, 34.9293066], [-82.4341706, 34.9293332], [-82.4341894, 34.9293601], [-82.4341262, 34.9293899]]]}}, {"type": "Feature", "id": "w59434095", "properties": {"building": "dormitory", "on_campus": true}, "geometry": {"type": "Polygon", "coordinates": [[[-82.4420476, 34.9223723], [-82.4420138, 34.9223388], [-82.4420431, 34.9223206], [-82.4418693, 34.9221339], [-82.4418496, 34.9221462], [-82.4418071, 34.9221041], [-82.4417365, 34.9221482], [-82.4417729, 34.9221837], [-82.441736, 34.9222068], [-82.4419184, 34.9224031], [-82.4419612, 34.9223764], [-82.4420044, 34.9224228], [-82.4420612, 34.9223866], [-82.4420476, 34.9223723]]]}}, {"type": "Feature", "id": "w59434099", "properties": {"addr:housenumber": "G", "building": "dormitory", "name": "G", "on_campus": true}, "geometry": {"type": "Polygon", "coordinates": [[[-82.4365972, 34.9321557], [-82.4365657, 34.9322284], [-82.4366106, 34.9322415], [-82.4366685, 34.9322583], [-82.4367069, 34.9321697], [-82.4367428, 34.9321802], [-82.4367659, 34.9321268], [-82.4369017, 34.9321664], [-82.4368774, 34.9322225], [-82.4368978, 34.9322284], [-82.4368541, 34.9323292], [-82.4369251, 34.9323499], [-82.4369903, 34.9323688], [-82.4370323, 34.9322719], [-82.4371615, 34.9323095], [-82.4371493, 34.9323376], [-82.4372174, 34.9323574], [-82.4371612, 34.9324869], [-82.4371131, 34.9324728], [-82.4371012, 34.9325003], [-82.436358, 34.9322836], [-82.4363696, 34.9322569], [-82.436303, 34.9322375], [-82.4363568, 34.9321135], [-82.4364349, 34.9321362], [-82.4364456, 34.9321115], [-82.4365972, 34.9321557]]]}}, {"type": "Feature", "id": "w59434114", "properties": {"building": "yes", "on_campus": true}, "geometry": {"type": "Polygon", "coordinates": [[[-82.4439517, 34.9233416], [-82.4438411, 34.9233094], [-82.4436139, 34.9238336], [-82.4437245, 34.9238659], [-82.4439517, 34.9233416]]]}}, {"type": "Feature", "id": "w60451087", "properties": {"building": "yes", "name": "Montague Village", "on_campus": true}, "geometry": {"type": "Polygon", "coordinates": [[[-82.448446, 34.9214301], [-82.4484516, 34.921572], [-82.4484144, 34.921572], [-82.4484181, 34.9217155], [-82.4486518, 34.9217307], [-82.4486529, 34.921689], [-82.4487374, 34.9216892], [-82.4487367, 34.9217363], [-82.4488183, 34.9217329], [-82.4488463, 34.9220096], [-82.4487655, 34.9220178], [-82.4487866, 34.9221216], [-82.4488632, 34.9221147], [-82.4488717, 34.9221819], [-82.4487774, 34.9221993], [-82.4484889, 34.9222664], [-82.4486303, 34.9225655], [-82.448286, 34.9226892], [-82.4484572, 34.922973], [-82.4485577, 34.9229303], [-82.4484647, 34.922767], [-82.4487848, 34.9226388], [-82.4486787, 34.922361], [-82.4490156, 34.9222862], [-82.4489289, 34.9216395], [-82.4485577, 34.9216285], [-82.4485577, 34.9214346], [-82.448446, 34.9214301]]]}}, {"type": "Feature", "id": "w60451088", "properties": {"building": "yes", "name": "Thomas Spann Farmer Hall", "on_campus": true}, "geometry": {"type": "Polygon", "coordinates": [[[-82.4490495, 34.922793], [-82.4487996, 34.9228708], [-82.4489377, 34.9231689], [-82.4491875, 34.9230911], [-82.4490495, 34.922793]]]}}, {"type": "Feature", "id": "w613145885", "properties": {"building": "yes", "on_campus": false}, "geometry": {"type": "Polygon", "coordinates": [[[-82.4253753, 34.9156535], [-82.4253039, 34.9156807], [-82.4254324, 34.9159075], [-82.4255038, 34.9158803], [-82.4253753, 34.9156535]]]}}, {"type": "Feature", "id": "w613145886", "properties": {"building": "yes", "on_campus": false}, "geometry": {"type": "Polygon", "coordinates": [[[-82.4249482, 34.9152577], [-82.4247257, 34.9150839], [-82.4247819, 34.9150354], [-82.4250045, 34.9152092], [-82.4249482, 34.9152577]]]}}, {"type": "Feature", "id": "w613145887", "properties": {"building": "yes", "on_campus": false}, "geometry": {"type": "Polygon", "coordinates": [[[-82.4244356, 34.9148478], [-82.424213, 34.914674], [-82.4242693, 34.9146255], [-82.4244918, 34.9147993], [-82.4244356, 34.9148478]]]}}, {"type": "Feature", "id": "w613145888", "properties": {"building": "apartments", "on_campus": false}, "geometry": {"type": "Polygon", "coordinates": [[[-82.4247215, 34.9156396], [-82.4250778, 34.9159515], [-82.425273, 34.9158016], [-82.4249166, 34.9154897], [-82.4247215, 34.9156396]]]}}, {"type": "Feature", "id": "w613145889", "properties": {"building": "yes", "on_campus": false}, "geometry": {"type": "Polygon", "coordinates": [[[-82.4243285, 34.9156638], [-82.4245289, 34.9158483], [-82.4245876, 34.9158054], [-82.4243871, 34.9156209], [-82.4243285, 34.9156638]]]}}, {"type": "Feature", "id": "w613145890", "properties": {"building": "yes", "on_campus": false}, "geometry": {"type": "Polygon", "coordinates": [[[-82.4237394, 34.9151798], [-82.42349, 34.9152607], [-82.423456, 34.9151903], [-82.4237054, 34.9151093], [-82.4237394, 34.9151798]]]}}, {"type": "Feature", "id": "w613145891", "properties": {"building": "yes", "on_campus": false}, "geometry": {"type": "Polygon", "coordinates": [[[-82.4276498, 34.9149824], [-82.4274397, 34.9148117], [-82.4273596, 34.914878], [-82.4275697, 34.9150487], [-82.4276498, 34.9149824]]]}}, {"type": "Feature", "id": "w613145892", "properties": {"building": "yes", "on_campus": false}, "geometry": {"type": "Polygon", "coordinates": [[[-82.4277326, 34.9153556], [-82.4277051, 34.9151119], [-82.4275899, 34.9151206], [-82.4276175, 34.9153643], [-82.4277326, 34.9153556]]]}}, {"type": "Feature", "id": "w613145893", "properties": {"building": "yes", "on_campus": false}, "geometry": {"type": "Polygon", "coordinates": [[[-82.4277618, 34.9154539], [-82.4277971, 34.9156879], [-82.4276861, 34.9156991], [-82.4276509, 34.9154651], [-82.4277618, 34.9154539]]]}}, {"type": "Feature", "id": "w613145894", "properties": {"building": "yes", "on_campus": false}, "geometry": {"type": "Polygon", "coordinates": [[[-82.4280857, 34.9161553], [-82.4283588, 34.9162589], [-82.4284069, 34.9161737], [-82.4281259, 34.9160671], [-82.4280857, 34.9161553]]]}}, {"type": "Feature", "id": "w613145895", "properties": {"building": "yes", "on_campus": false}, "geometry": {"type": "Polygon", "coordinates": [[[-82.4284738, 34.9167821], [-82.4282014, 34.9168597], [-82.4282381, 34.9169464], [-82.4285105, 34.9168688], [-82.4284738, 34.9167821]]]}}, {"type": "Feature", "id": "w613145896", "properties": {"building": "yes", "on_campus": false}, "geometry": {"type": "Polygon", "coordinates": [[[-82.4281241, 34.9168835], [-82.4278517, 34.9169612], [-82.4278884, 34.9170479], [-82.4281609, 34.9169703], [-82.4281241, 34.9168835]]]}}, {"type": "Feature", "id": "w613145897", "properties": {"building": "apartments", "on_campus": false}, "geometry": {"type": "Polygon", "coordinates": [[[-82.4285246, 34.9163943], [-82.4285743, 34.9167523], [-82.4288552, 34.9167261], [-82.4288055, 34.9163681], [-82.4285246, 34.9163943]]]}}, {"type": "Feature", "id": "w613145898", "properties": {"building": "apartments", "on_campus": false}, "geometry": {"type": "Polygon", "coordinates": [[[-82.4278079, 34.9163586], [-82.4275544, 34.9165826], [-82.4277681, 34.9167453], [-82.4280216, 34.9165213], [-82.4278079, 34.9163586]]]}}, {"type": "Feature", "id": "w613145899", "properties": {"building": "apartments", "on_campus": false}, "geometry": {"type": "Polygon", "coordinates": [[[-82.4274318, 34.9161357], [-82.427678, 34.9163363], [-82.4278465, 34.9161973], [-82.4276003, 34.9159967], [-82.4274318, 34.9161357]]]}}, {"type": "Feature", "id": "w613145900", "properties": {"building": "apartments", "on_campus": false}, "geometry": {"type": "Polygon", "coordinates": [[[-82.4271656, 34.915526], [-82.4272157, 34.9158723], [-82.4275056, 34.9158441], [-82.4274555, 34.9154978], [-82.4271656, 34.915526]]]}}, {"type": "Feature", "id": "w613145901", "properties": {"building": "apartments", "on_campus": false}, "geometry": {"type": "Polygon", "coordinates": [[[-82.4269714, 34.9152314], [-82.4266785, 34.9149666], [-82.4269041, 34.9147988], [-82.427197, 34.9150635], [-82.4269714, 34.9152314]]]}}, {"type": "Feature", "id": "w613145902", "properties": {"building": "apartments", "on_campus": false}, "geometry": {"type": "Polygon", "coordinates": [[[-82.425806, 34.9158758], [-82.4262453, 34.9160101], [-82.4263421, 34.9157973], [-82.4259027, 34.915663], [-82.425806, 34.9158758]]]}}, {"type": "Feature", "id": "w613145903", "properties": {"building": "apartments", "on_campus": false}, "geometry": {"type": "Polygon", "coordinates": [[[-82.4253878, 34.9153082], [-82.4255852, 34.9156292], [-82.4258428, 34.9155227], [-82.4256455, 34.9152017], [-82.4253878, 34.9153082]]]}}, {"type": "Feature", "id": "w613145904", "properties": {"building": "apartments", "on_campus": false}, "geometry": {"type": "Polygon", "coordinates": [[[-82.4249625, 34.9149446], [-82.4252265, 34.9151538], [-82.4254315, 34.9149799], [-82.4251675, 34.9147707], [-82.4249625, 34.9149446]]]}}, {"type": "Feature", "id": "w613145905", "properties": {"building": "apartments", "on_campus": false}, "geometry": {"type": "Polygon", "coordinates": [[[-82.4245652, 34.9145947], [-82.4248328, 34.9148141], [-82.4250306, 34.9146519], [-82.4247631, 34.9144325], [-82.4245652, 34.9145947]]]}}, {"type": "Feature", "id": "w613145906", "properties": {"building": "apartments", "on_campus": false}, "geometry": {"type": "Polygon", "coordinates": [[[-82.4240469, 34.9152347], [-82.4245063, 34.9154563], [-82.4246424, 34.9152666], [-82.424183, 34.915045], [-82.4240469, 34.9152347]]]}}, {"type": "Feature", "id": "w689168840", "properties": {"building": "yes", "on_campus": false}, "geometry": {"type": "Polygon", "coordinates": [[[-82.428327, 34.9215826], [-82.4284629, 34.9213783], [-82.4283406, 34.9213236], [-82.4282048, 34.921528], [-82.428327, 34.9215826]]]}}, {"type": "Feature", "id": "w689168846", "properties": {"addr:housenumber": "5550", "addr:street": "Old Buncombe Road", "amenity": "place_of_worship", "building": "church", "name": "Paris Mountain Baptist Church", "on_campus": false}, "geometry": {"type": "Polygon", "coordinates": [[[-82.4286521, 34.9214022], [-82.42848, 34.9216545], [-82.4288865, 34.921841], [-82.4289301, 34.9217771], [-82.429042, 34.9218285], [-82.4291218, 34.9217117], [-82.4290211, 34.9216655], [-82.42907, 34.921594], [-82.4286521, 34.9214022]]]}}, {"type": "Feature", "id": "w689246921", "properties": {"building": "yes", "on_campus": true}, "geometry": {"type": "Polygon", "coordinates": [[[-82.4434323, 34.9210867], [-82.4432681, 34.9212454], [-82.4432467, 34.9212304], [-82.4430765, 34.9213948], [-82.4432391, 34.921508], [-82.4432791, 34.9214692], [-82.4433526, 34.9215204], [-82.4434454, 34.9214307], [-82.4433934, 34.9213945], [-82.4435949, 34.9211998], [-82.4434323, 34.9210867]]]}}, {"type": "Feature", "id": "w749786591", "properties": {"building": "yes", "on_campus": false}, "geometry": {"type": "Polygon", "coordinates": [[[-82.4490463, 34.9371472], [-82.4490375, 34.9370255], [-82.4490146, 34.9370266], [-82.4490087, 34.9369441], [-82.4490276, 34.9369432], [-82.4490254, 34.9369118], [-82.4491612, 34.9369052], [-82.449178, 34.9371383], [-82.4491539, 34.9371395], [-82.4491556, 34.9371638], [-82.4490728, 34.9371678], [-82.4490713, 34.937146], [-82.4490463, 34.9371472]]]}}, {"type": "Feature", "id": "w749786592", "properties": {"addr:housenumber": "1101", "addr:street": "Roe Ford Road", "amenity": "place_of_worship", "building": "church", "name": "Mount Sinai Baptist Church", "on_campus": false}, "geometry": {"type": "Polygon", "coordinates": [[[-82.4486088, 34.9368928], [-82.4486036, 34.9371711], [-82.4489531, 34.9371755], [-82.4489583, 34.9368971], [-82.4486088, 34.9368928]]]}}, {"type": "Feature", "id": "w764057686", "properties": {"addr:housenumber": "5013", "addr:street": "Old Buncombe Road", "building": "retail", "on_campus": false}, "geometry": {"type": "Polygon", "coordinates": [[[-82.4308186, 34.9126096], [-82.4310585, 34.9126574], [-82.431135, 34.9123993], [-82.4308951, 34.9123515], [-82.4308186, 34.9126096]]]}}, {"type": "Feature", "id": "w764057690", "properties": {"addr:housenumber": "511", "addr:street": "Old Buncombe Road", "amenity": "fire_station", "building": "yes", "name": "Duncan Chapel Fire Department", "on_campus": false}, "geometry": {"type": "Polygon", "coordinates": [[[-82.42956, 34.9143355], [-82.429474, 34.9145856], [-82.4296933, 34.9146363], [-82.4297793, 34.9143862], [-82.42956, 34.9143355]]]}}, {"type": "Feature", "id": "w814919561", "properties": {"addr:housenumber": "407", "addr:street": "Duncan Chapel Road", "building": "office", "on_campus": false}, "geometry": {"type": "Polygon", "coordinates": [[[-82.4303485, 34.9129362], [-82.4300732, 34.9128776], [-82.4301175, 34.9127375], [-82.4303928, 34.9127961], [-82.4303485, 34.9129362]]]}}, {"type": "Feature", "id": "w827193426", "properties": {"addr:housenumber": "6150", "addr:street": "Old Buncombe Road", "amenity": "place_of_worship", "building": "church", "name": "Redeemer Presbyterian Church", "on_campus": false}, "geometry": {"type": "Polygon", "coordinates": [[[-82.4317618, 34.9381427], [-82.4315624, 34.9379477], [-82.4316666, 34.937876], [-82.4315955, 34.9378065], [-82.4317677, 34.9376882], [-82.4318388, 34.9377577], [-82.4319343, 34.9376921], [-82.4320901, 34.9378445], [-82.4321129, 34.9378288], [-82.4321565, 34.9378715], [-82.4320374, 34.9379533], [-82.4321119, 34.9380262], [-82.4319345, 34.9381481], [-82.43186, 34.9380752], [-82.4317618, 34.9381427]]]}}, {"type": "Feature", "id": "w880748484", "properties": {"addr:housenumber": "140", "addr:street": "Hathaway Circle", "building": "house", "on_campus": false}, "geometry": {"type": "Polygon", "coordinates": [[[-82.4549179, 34.9377829], [-82.4548586, 34.93773], [-82.4547962, 34.9377749], [-82.4547414, 34.9377203], [-82.4546755, 34.9377639], [-82.4547826, 34.9378728], [-82.4549179, 34.9377829]]]}}, {"type": "Feature", "id": "w880787945", "properties": {"addr:housenumber": "156", "addr:street": "Hathaway Circle", "building": "yes", "on_campus": false}, "geometry": {"type": "Polygon", "coordinates": [[[-82.4532961, 34.9376601], [-82.4534089, 34.9376453], [-82.4534036, 34.9376178], [-82.4534907, 34.9376064], [-82.453496, 34.9376338], [-82.4535552, 34.937626], [-82.4535493, 34.9375958], [-82.4536245, 34.9375859], [-82.4536523, 34.937728], [-82.4535503, 34.9377414], [-82.4535478, 34.9377287], [-82.4534064, 34.9377473], [-82.4534026, 34.9377276], [-82.4533117, 34.9377396], [-82.4532961, 34.9376601]]]}}, {"type": "Feature", "id": "w880787946", "properties": {"addr:housenumber": "89", "addr:street": "North Warwick Road", "building": "yes", "on_campus": false}, "geometry": {"type": "Polygon", "coordinates": [[[-82.4526624, 34.9378813], [-82.4525209, 34.9376316], [-82.4526312, 34.9375896], [-82.4526794, 34.9376746], [-82.4527041, 34.9376652], [-82.4527548, 34.9377548], [-82.4527302, 34.9377642], [-82.4527404, 34.9377822], [-82.4527156, 34.9377917], [-82.4527479, 34.9378487], [-82.4526624, 34.9378813]]]}}, {"type": "Feature", "id": "w880787947", "properties": {"addr:housenumber": "1210", "addr:street": "Roe Ford Road", "building": "yes", "on_campus": false}, "geometry": {"type": "Polygon", "coordinates": [[[-82.4533001, 34.9368399], [-82.4532971, 34.936912], [-82.4532388, 34.9369103], [-82.453236, 34.9369772], [-82.4531691, 34.9369753], [-82.4531672, 34.9370202], [-82.4530708, 34.9370174], [-82.4530755, 34.9369056], [-82.4529748, 34.9369028], [-82.4529771, 34.9368494], [-82.4530369, 34.9368511], [-82.4530377, 34.9368324], [-82.4533001, 34.9368399]]]}}, {"type": "Feature", "id": "w880787949", "properties": {"addr:housenumber": "1204", "addr:street": "Roe Ford Road", "building": "yes", "on_campus": false}, "geometry": {"type": "Polygon", "coordinates": [[[-82.4524901, 34.9370868], [-82.4523844, 34.9371053], [-82.452394, 34.9371423], [-82.4523006, 34.9371587], [-82.452291, 34.9371217], [-82.452165, 34.9371438], [-82.4521408, 34.9370513], [-82.452466, 34.9369943], [-82.4524901, 34.9370868]]]}}, {"type": "Feature", "id": "w880787951", "properties": {"addr:housenumber": "1102", "addr:street": "Roe Ford Road", "building": "yes", "on_campus": false}, "geometry": {"type": "Polygon", "coordinates": [[[-82.4490635, 34.9378065], [-82.4488702, 34.9378048], [-82.4488697, 34.9378449], [-82.4487926, 34.9378443], [-82.4487943, 34.9377172], [-82.4490647, 34.9377195], [-82.4490635, 34.9378065]]]}}, {"type": "Feature", "id": "w880787952", "properties": {"addr:housenumber": "1104", "addr:street": "Roe Ford Road", "building": "yes", "on_campus": false}, "geometry": {"type": "Polygon", "coordinates": [[[-82.4496402, 34.9376573], [-82.4496624, 34.9377603], [-82.4495073, 34.9377827], [-82.4494851, 34.9376797], [-82.4496402, 34.9376573]]]}}, {"type": "Feature", "id": "w880787954", "properties": {"addr:housenumber": "1108", "addr:street": "Roe Ford Road", "building": "yes", "on_campus": false}, "geometry": {"type": "Polygon", "coordinates": [[[-82.4503482, 34.9375437], [-82.4502799, 34.937564], [-82.4502847, 34.9375748], [-82.4501939, 34.9376018], [-82.4501891, 34.937591], [-82.4501171, 34.9376124], [-82.4500878, 34.9375461], [-82.4501621, 34.937524], [-82.4501577, 34.937514], [-82.4502448, 34.9374881], [-82.4502492, 34.9374981], [-82.4503188, 34.9374774], [-82.4503482, 34.9375437]]]}}, {"type": "Feature", "id": "w880787955", "properties": {"building": "garage", "on_campus": false}, "geometry": {"type": "Polygon", "coordinates": [[[-82.4500156, 34.9377667], [-82.4499882, 34.9377022], [-82.4500652, 34.9376802], [-82.4500925, 34.9377448], [-82.4500156, 34.9377667]]]}}, {"type": "Feature", "id": "w880787957", "properties": {"addr:housenumber": "1112", "addr:street": "Roe Ford Road", "building": "yes", "on_campus": false}, "geometry": {"type": "Polygon", "coordinates": [[[-82.4509796, 34.9374501], [-82.4509123, 34.9374664], [-82.4509309, 34.9375181], [-82.450865, 34.937534], [-82.4508464, 34.9374823], [-82.4507064, 34.9375161], [-82.4506693, 34.9374127], [-82.4507787, 34.9373863], [-82.4507845, 34.9374023], [-82.4508127, 34.9373955], [-82.4508007, 34.937362], [-82.4509732, 34.9373204], [-82.4510134, 34.9374322], [-82.4509764, 34.9374411], [-82.4509796, 34.9374501]]]}}, {"type": "Feature", "id": "w880787959", "properties": {"addr:housenumber": "1120", "addr:street": "Roe Ford Road", "building": "yes", "on_campus": false}, "geometry": {"type": "Polygon", "coordinates": [[[-82.4516185, 34.9372051], [-82.4514692, 34.937268], [-82.45149, 34.9373013], [-82.4514184, 34.9373315], [-82.4513975, 34.9372983], [-82.4512991, 34.9373398], [-82.4512412, 34.9372475], [-82.4512856, 34.9372288], [-82.4512749, 34.9372118], [-82.4514226, 34.9371495], [-82.4514333, 34.9371665], [-82.4515606, 34.9371128], [-82.4516185, 34.9372051]]]}}, {"type": "Feature", "id": "w880787961", "properties": {"building": "yes", "on_campus": false}, "geometry": {"type": "Polygon", "coordinates": [[[-82.451647, 34.9374908], [-82.4515968, 34.9374048], [-82.4516775, 34.9373731], [-82.4517277, 34.9374592], [-82.451647, 34.9374908]]]}}, {"type": "Feature", "id": "w880787962", "properties": {"addr:housenumber": "88", "addr:street": "North Warwick Road", "building": "yes", "on_campus": false}, "geometry": {"type": "Polygon", "coordinates": [[[-82.4518581, 34.9379594], [-82.4518328, 34.9379071], [-82.4518009, 34.9379174], [-82.4517201, 34.9377499], [-82.4518734, 34.9377002], [-82.4519161, 34.9377887], [-82.4518938, 34.937796], [-82.4519237, 34.937858], [-82.4519429, 34.9378518], [-82.4519763, 34.937921], [-82.4518581, 34.9379594]]]}}, {"type": "Feature", "id": "w898180669", "properties": {"building": "retail", "on_campus": false}, "geometry": {"type": "Polygon", "coordinates": [[[-82.4275844, 34.9122308], [-82.4271459, 34.9120559], [-82.4272595, 34.9118642], [-82.4273442, 34.911898], [-82.4273249, 34.9119305], [-82.4273691, 34.9119482], [-82.4273849, 34.9119216], [-82.4275494, 34.9119872], [-82.4275337, 34.9120138], [-82.4275903, 34.9120363], [-82.4276054, 34.9120108], [-82.4276939, 34.9120461], [-82.4275844, 34.9122308]]]}}, {"type": "Feature", "id": "w898180670", "properties": {"building": "retail", "on_campus": false}, "geometry": {"type": "Polygon", "coordinates": [[[-82.4281226, 34.9124478], [-82.4276841, 34.912273], [-82.4277977, 34.9120813], [-82.4278824, 34.9121151], [-82.4278632, 34.9121476], [-82.4279073, 34.9121652], [-82.4279231, 34.9121386], [-82.4280876, 34.9122042], [-82.4280719, 34.9122308], [-82.4281285, 34.9122534], [-82.4281437, 34.9122279], [-82.4282321, 34.9122632], [-82.4281226, 34.9124478]]]}}, {"type": "Feature", "id": "w898181601", "properties": {"addr:housenumber": "5017", "addr:street": "Old Buncombe Road", "amenity": "fuel", "building": "roof", "name": "Walmart", "on_campus": false}, "geometry": {"type": "Polygon", "coordinates": [[[-82.4298017, 34.9123389], [-82.4296747, 34.9123114], [-82.4297578, 34.912054], [-82.4298848, 34.9120816], [-82.4298017, 34.9123389]]]}}, {"type": "Feature", "id": "w946155487", "properties": {"building": "detached", "on_campus": true}, "geometry": {"type": "Polygon", "coordinates": [[[-82.4418094, 34.9212158], [-82.441707, 34.9212821], [-82.4416541, 34.9212272], [-82.441632, 34.9212415], [-82.4415398, 34.9211458], [-82.4415638, 34.9211302], [-82.4415025, 34.9210666], [-82.4416029, 34.9210016], [-82.4418094, 34.9212158]]]}}, {"type": "Feature", "id": "w946155488", "properties": {"building": "detached", "on_campus": true}, "geometry": {"type": "Polygon", "coordinates": [[[-82.4411499, 34.9188323], [-82.4411798, 34.918933], [-82.441143, 34.9189404], [-82.4411513, 34.9189685], [-82.4410239, 34.9189939], [-82.4410156, 34.9189657], [-82.4409779, 34.9189732], [-82.440948, 34.9188725], [-82.4411499, 34.9188323]]]}}, {"type": "Feature", "id": "w946155491", "properties": {"addr:housenumber": "721", "addr:street": "Old Buncombe Road", "building": "detached", "on_campus": false}, "geometry": {"type": "Polygon", "coordinates": [[[-82.4357343, 34.914399], [-82.4358233, 34.9143513], [-82.435905, 34.9144538], [-82.4358544, 34.9144809], [-82.4358284, 34.9144482], [-82.43579, 34.9144688], [-82.4357343, 34.914399]]]}}, {"type": "Feature", "id": "w946657200", "properties": {"building": "yes", "on_campus": false}, "geometry": {"type": "Polygon", "coordinates": [[[-82.4430096, 34.9363592], [-82.4430255, 34.9361235], [-82.4431561, 34.9361294], [-82.4431401, 34.9363651], [-82.4430096, 34.9363592]]]}}, {"type": "Feature", "id": "w946657203", "properties": {"building": "roof", "on_campus": false}, "geometry": {"type": "Polygon", "coordinates": [[[-82.4433598, 34.9345933], [-82.4428567, 34.9345728], [-82.4428599, 34.9345192], [-82.4433631, 34.9345398], [-82.4433598, 34.9345933]]]}}, {"type": "Feature", "id": "w946657204", "properties": {"building": "roof", "on_campus": false}, "geometry": {"type": "Polygon", "coordinates": [[[-82.4429012, 34.9343259], [-82.4433176, 34.9343436], [-82.4433102, 34.9344607], [-82.4428937, 34.9344429], [-82.4429012, 34.9343259]]]}}, {"type": "Feature", "id": "w946657205", "properties": {"building": "roof", "on_campus": false}, "geometry": {"type": "Polygon", "coordinates": [[[-82.4433347, 34.9341444], [-82.4433273, 34.9342613], [-82.4429086, 34.9342436], [-82.442916, 34.9341266], [-82.4433347, 34.9341444]]]}}, {"type": "Feature", "id": "w946657206", "properties": {"building": "roof", "on_campus": false}, "geometry": {"type": "Polygon", "coordinates": [[[-82.4439394, 34.933514], [-82.4439464, 34.9333982], [-82.4442419, 34.9334104], [-82.4442348, 34.9335262], [-82.4439394, 34.933514]]]}}, {"type": "Feature", "id": "w946657207", "properties": {"building": "roof", "on_campus": false}, "geometry": {"type": "Polygon", "coordinates": [[[-82.4439257, 34.9334037], [-82.4439186, 34.9335186], [-82.4436688, 34.9335083], [-82.4436758, 34.9333934], [-82.4439257, 34.9334037]]]}}, {"type": "Feature", "id": "w946657208", "properties": {"building": "roof", "on_campus": false}, "geometry": {"type": "Polygon", "coordinates": [[[-82.4436256, 34.9333831], [-82.4436195, 34.933501], [-82.4432419, 34.9334879], [-82.443248, 34.93337], [-82.4436256, 34.9333831]]]}}, {"type": "Feature", "id": "w976486682", "properties": {"building": "university", "on_campus": true}, "geometry": {"type": "Polygon", "coordinates": [[[-82.4449753, 34.9212897], [-82.4447779, 34.9212897], [-82.4447779, 34.9212205], [-82.4449753, 34.9212205], [-82.4449753, 34.9212897]]]}}]}