{"type": "FeatureCollection", "features": [{"type": "Feature", "id": "w1118346861", "properties": {"highway": "footway", "walkable": true, "on_campus": true, "nodes": [3082164559, 10228308200, 10228308199, 10228308193, 10228308202]}, "geometry": {"type": "LineString", "coordinates": [[-82.441961, 34.9217954], [-82.4420398, 34.921792], [-82.4420832, 34.9218229], [-82.44212, 34.9218625], [-82.4424938, 34.9222518]]}}, {"type": "Feature", "id": "w1118346862", "properties": {"highway": "footway", "walkable": true, "on_campus": true, "nodes": [10228308206, 10228308201, 3110316807]}, "geometry": {"type": "LineString", "coordinates": [[-82.4427049, 34.9223299], [-82.4428225, 34.9223449], [-82.4428855, 34.9223251]]}}, {"type": "Feature", "id": "w1118346863", "properties": {"highway": "footway", "walkable": true, "on_campus": true, "nodes": [10228308202, 736992398, 10228308206]}, "geometry": {"type": "LineString", "coordinates": [[-82.4424938, 34.9222518], [-82.4426329, 34.9223145], [-82.4427049, 34.9223299]]}}, {"type": "Feature", "id": "w1118346864", "properties": {"highway": "service", "walkable": true, "on_campus": true, "nodes": [10228308204, 10228308192, 10228308203]}, "geometry": {"type": "LineString", "coordinates": [[-82.4429514, 34.9220699], [-82.4430023, 34.922112], [-82.443085, 34.9221823]]}}, {"type": "Feature", "id": "w1118346865", "properties": {"highway": "footway", "walkable": true, "on_campus": true, "nodes": [3092857919, 3092857920]}, "geometry": {"type": "LineString", "coordinates": [[-82.4434688, 34.9216452], [-82.4435436, 34.9217164]]}}, {"type": "Feature", "id": "w1118346866", "properties": {"highway": "footway", "walkable": true, "on_campus": true, "nodes": [3092857937, 10228308205, 3092857919]}, "geometry": {"type": "LineString", "coordinates": [[-82.4434012, 34.9216028], [-82.4434396, 34.9216269], [-82.4434688, 34.9216452]]}}, {"type": "Feature", "id": "w1118346867", "properties": {"highway": "footway", "walkable": true, "on_campus": true, "nodes": [12363348058, 3092857920, 10228308197, 10228308192, 10228308206]}, "geometry": {"type": "LineString", "coordinates": [[-82.4437725, 34.9215439], [-82.4435436, 34.9217164], [-82.4430688, 34.9220657], [-82.4430023, 34.922112], [-82.4427049, 34.9223299]]}}, {"type": "Feature", "id": "w1119066203", "properties": {"highway": "path", "walkable": true, "on_campus": false, "nodes": [7080450847, 10234725128, 10234725127, 10234725126, 10234725125, 10234725124, 10234725123, 10234725122, 10234725121, 10234725120, 10234725119, 10234725118, 10234725117, 10234725116, 10234725115, 10234725114, 10234725113, 10234725112, 10234725111, 10234725110, 10234725109, 10234725108, 10234725107, 10234725106, 10234725105, 10234725104, 10234725103, 10234725102, 10234725101, 10234725100, 10234725099, 10234725098, 10234725097, 10234725096, 10234725095, 10234725094, 10234725093, 10234725092, 10234725091, 10234725090, 10234725088, 10234725087, 10234725086, 10234725085, 10234725084]}, "geometry": {"type": "LineString", "coordinates": [[-82.4218665, 34.9332571], [-82.4218862, 34.93329], [-82.4219216, 34.9333462], [-82.421954, 34.9334125], [-82.4219678, 34.9334814], [-82.4219694, 34.9335369], [-82.4219232, 34.9335799], [-82.4218793, 34.933631], [-82.421813, 34.9336809], [-82.4217699, 34.9336973], [-82.4216982, 34.9337258], [-82.4215504, 34.9337794], [-82.421488, 34.9338041], [-82.4214071, 34.9338173], [-82.4213154, 34.9337883], [-82.4212623, 34.9337428], [-82.4212207, 34.9336898], [-82.4211906, 34.933614], [-82.4211745, 34.9335363], [-82.4211514, 34.9334909], [-82.421082, 34.9334504], [-82.4209958, 34.9334195], [-82.4208825, 34.9333923], [-82.4207531, 34.9333766], [-82.4206114, 34.933362], [-82.420539, 34.9333488], [-82.4204936, 34.9333279], [-82.4204466, 34.9333128], [-82.4204158, 34.9333096], [-82.4203857, 34.9333254], [-82.4203341, 34.9333987], [-82.4202925, 34.9334511], [-82.4202509, 34.9334896], [-82.4202024, 34.9335332], [-82.4201647, 34.9335729], [-82.4201269, 34.933619], [-82.4200437, 34.9337213], [-82.4200098, 34.9337624], [-82.4199166, 34.9338476], [-82.4198542, 34.9339057], [-82.419815, 34.9339594], [-82.4197926, 34.93402], [-82.4197633, 34.9340889], [-82.4197387, 34.934128], [-82.419714, 34.9341394]]}}, {"type": "Feature", "id": "w1119066205", "properties": {"highway": "path", "walkable": true, "on_campus": false, "nodes": [10234725150, 10234725151, 10234725152, 10234725153, 10234725154, 10234725155, 10234725156, 10234725157, 10234725158, 10234725159, 10234725160, 10234725161, 10234725162, 10234725163, 10234725164, 10234725165, 10234725166, 10234725167, 10234725168, 10234725169, 10234725170, 10234725171, 10234725172, 10234725173, 10234725174, 10234725175, 10234725176, 10234725177, 10234725178, 10234725179, 10234725180, 10234725181, 10234725182, 10234725183, 10234725184, 10234725185, 10234725186, 10234725187, 10234725188, 10234725189, 10234725190, 10234725191, 10234725192, 10234725193, 10234725194, 10234725195, 10234725199, 10234725196, 10234725197, 10234725198, 10234725202, 10234725203, 10234725204, 10234725205, 10234725206, 10234725207, 10234725208, 10234725209, 10234725210, 10234725211, 10234725212, 10234725213]}, "geometry": {"type": "LineString", "coordinates": [[-82.4218397, 34.9332352], [-82.4218015, 34.9332215], [-82.421756, 34.9332114], [-82.4216988, 34.9332086], [-82.4216468, 34.9332086], [-82.42161, 34.9332114], [-82.4215558, 34.9332124], [-82.4215056, 34.9332105], [-82.4214437, 34.9332062], [-82.4213713, 34.9331928], [-82.4213036, 34.9331689], [-82.421251, 34.9331459], [-82.4212038, 34.9331224], [-82.4211687, 34.9330918], [-82.4211174, 34.9330435], [-82.4210718, 34.9330014], [-82.42101, 34.9329291], [-82.4209364, 34.9328468], [-82.4208669, 34.9327558], [-82.4207747, 34.9326429], [-82.4206574, 34.9324807], [-82.4206276, 34.9324414], [-82.4205949, 34.9324213], [-82.4205482, 34.9324036], [-82.4204682, 34.9323739], [-82.4203696, 34.9323543], [-82.4202692, 34.9323357], [-82.4201927, 34.9323141], [-82.4200911, 34.9322605], [-82.4199691, 34.9321892], [-82.4199061, 34.9321624], [-82.4198512, 34.932128], [-82.419829, 34.9320863], [-82.4198068, 34.932027], [-82.4197876, 34.931982], [-82.4197636, 34.9319475], [-82.4196994, 34.9319327], [-82.419623, 34.9319408], [-82.419585, 34.9319461], [-82.4195436, 34.9319451], [-82.4194531, 34.931926], [-82.4193994, 34.9319021], [-82.4193107, 34.9318777], [-82.4192499, 34.9318662], [-82.4192138, 34.9318719], [-82.4191735, 34.9318887], [-82.4191381, 34.9318941], [-82.4190386, 34.9319092], [-82.4189581, 34.9319356], [-82.4188658, 34.9319676], [-82.4188135, 34.9319812], [-82.4187565, 34.9320092], [-82.4186727, 34.9320449], [-82.4185896, 34.9320911], [-82.4184984, 34.9321367], [-82.4184447, 34.9321791], [-82.4183683, 34.9322368], [-82.4182999, 34.9322736], [-82.4182114, 34.9323033], [-82.4181597, 34.9323281], [-82.4181135, 34.9323583], [-82.4180887, 34.9323935]]}}, {"type": "Feature", "id": "w1122813991", "properties": {"highway": "path", "walkable": true, "on_campus": false, "nodes": [3414719818, 3414719778, 3414719817, 3414719816, 3414719770]}, "geometry": {"type": "LineString", "coordinates": [[-82.4498669, 34.9322331], [-82.4496679, 34.932105], [-82.4495284, 34.9319599], [-82.4494426, 34.9318675], [-82.4493353, 34.9318059]]}}, {"type": "Feature", "id": "w1122813992", "properties": {"highway": "path", "walkable": true, "on_campus": false, "nodes": [3414719770, 3414719771, 3414719772, 3414719773, 3414719774, 3414719775, 3414719776, 3414719777, 3414719778]}, "geometry": {"type": "LineString", "coordinates": [[-82.4493353, 34.9318059], [-82.4493863, 34.9318103], [-82.4494989, 34.9317861], [-82.4495525, 34.9317861], [-82.4496035, 34.9318103], [-82.449633, 34.9318521], [-82.4496786, 34.9319423], [-82.4496706, 34.9320038], [-82.4496679, 34.932105]]}}, {"type": "Feature", "id": "w1122813993", "properties": {"highway": "path", "walkable": true, "on_campus": false, "nodes": [3414719686, 3414719687, 3414719688, 3414719689, 3414719690, 3414719691, 3414719692, 3414719693, 3414719694, 3414719695, 3414719696, 3414719697, 3414719698, 3414719699, 3414719700, 3414719701, 3414719702, 3414719703, 3414719704, 3414719705, 3414719706, 3414719707, 3414719708, 3414719709, 3414719710, 3414719711, 3414719712, 3414719713, 3414719714, 3414719715, 3414719716, 3414719717, 3414719718, 3414719719, 3414719720, 3414719721, 3414719722, 3414719723, 3414719724, 3414719725, 3414719726, 3414719727, 3414719728, 3414719729, 3414719730, 3414719731, 3414719732, 3414719733, 3414719734, 3414719735, 3414719736, 3414719737, 3414719738, 3414719739, 3414719740, 3414719741, 3414719742, 3414719743, 3414719744, 3414719745, 3414719746, 3414719747, 3414719748, 3414719749, 3414719750, 3414719751, 3414719752, 3414719753, 3414719754, 3414719755, 3414719756, 3414719757, 3414719758, 3414719759, 3414719760, 3414719761, 3414719762, 3414719763, 3414719764, 3414719765, 3414719766, 3414719767, 3414719768, 3414719769, 3414719770]}, "geometry": {"type": "LineString", "coordinates": [[-82.4477662, 34.9310825], [-82.4477313, 34.9310825], [-82.4476375, 34.9310495], [-82.4472378, 34.9308516], [-82.4468542, 34.9305481], [-82.446755, 34.9304448], [-82.4466665, 34.9303128], [-82.4466504, 34.9302424], [-82.4466236, 34.9301545], [-82.4465699, 34.9300907], [-82.4464439, 34.9300291], [-82.4463098, 34.9299962], [-82.4461676, 34.9299786], [-82.4460496, 34.9300225], [-82.4459664, 34.9300863], [-82.4459208, 34.9301611], [-82.4459074, 34.9302161], [-82.4458967, 34.9302864], [-82.4459047, 34.9303414], [-82.4458833, 34.9303656], [-82.4458377, 34.9303612], [-82.4458082, 34.930337], [-82.4457921, 34.9302754], [-82.4457358, 34.929939], [-82.4457116, 34.9296487], [-82.445666, 34.9292419], [-82.4456285, 34.9286416], [-82.4455802, 34.9280874], [-82.4455158, 34.9278037], [-82.445438, 34.9275838], [-82.4454354, 34.9274585], [-82.4453817, 34.9271946], [-82.4452825, 34.9268933], [-82.4452288, 34.9266954], [-82.4452396, 34.9265568], [-82.445261, 34.9263941], [-82.4452852, 34.9262182], [-82.4452476, 34.9261302], [-82.4451752, 34.9260532], [-82.4450786, 34.9260334], [-82.4449499, 34.9260268], [-82.4448614, 34.9260312], [-82.4447541, 34.9260444], [-82.4446361, 34.9260862], [-82.4445556, 34.926205], [-82.4444966, 34.9263677], [-82.4444456, 34.9265392], [-82.4444215, 34.9267372], [-82.4444054, 34.9269197], [-82.4444215, 34.92721], [-82.4443839, 34.9274563], [-82.4442766, 34.9277399], [-82.4442525, 34.9278455], [-82.4441774, 34.9279752], [-82.4441506, 34.928083], [-82.4440701, 34.9282149], [-82.444054, 34.9283007], [-82.4440808, 34.9284612], [-82.4440621, 34.9285536], [-82.443826, 34.9291781], [-82.4438421, 34.9293518], [-82.4440513, 34.9301743], [-82.4441345, 34.9303238], [-82.4443947, 34.9306691], [-82.4445341, 34.9307658], [-82.4447675, 34.930834], [-82.4450089, 34.9311484], [-82.4452476, 34.9314079], [-82.4453334, 34.9316124], [-82.4454327, 34.9316674], [-82.4457867, 34.9318433], [-82.4460254, 34.9318653], [-82.4463473, 34.9319928], [-82.4464653, 34.932017], [-82.4468086, 34.9320104], [-82.447321, 34.9320126], [-82.4476214, 34.932039], [-82.4478225, 34.9320434], [-82.4481524, 34.9320104], [-82.4484555, 34.9320016], [-82.448705, 34.9320016], [-82.4488686, 34.9319708], [-82.4490268, 34.9319027], [-82.449228, 34.9318323], [-82.4493353, 34.9318059]]}}, {"type": "Feature", "id": "w1122813995", "properties": {"highway": "path", "walkable": true, "on_campus": false, "nodes": [3414719769, 10268934209, 10268934210, 10268934211, 10268934212, 10268934213, 10268934214, 10268934215, 10268934216, 3415375611]}, "geometry": {"type": "LineString", "coordinates": [[-82.449228, 34.9318323], [-82.4491595, 34.931804], [-82.4490491, 34.9317874], [-82.4489496, 34.9317867], [-82.4488897, 34.931797], [-82.4487515, 34.9318351], [-82.4486385, 34.9318323], [-82.4484691, 34.9317901], [-82.4481539, 34.9316533], [-82.448078, 34.9316093]]}}, {"type": "Feature", "id": "w1122813996", "properties": {"highway": "path", "walkable": true, "on_campus": false, "nodes": [3415375611, 3415375612]}, "geometry": {"type": "LineString", "coordinates": [[-82.448078, 34.9316093], [-82.4475958, 34.9314849]]}}, {"type": "Feature", "id": "w1127413957", "properties": {"highway": "service", "walkable": true, "on_campus": false, "nodes": [10307977700, 10307977701]}, "geometry": {"type": "LineString", "coordinates": [[-82.4245001, 34.9133159], [-82.4243131, 34.9133583]]}}, {"type": "Feature", "id": "w113473319", "properties": {"highway": "trunk", "name": "Poinsett Highway", "ref": "US 276", "surface": "asphalt", "walkable": false, "on_campus": false, "nodes": [113267258, 113267260, 113267262, 113267265, 113267268, 113267272, 113267274, 113267277, 113267279, 113267282, 113267285, 112666102, 113267291]}, "geometry": {"type": "LineString", "coordinates": [[-82.4342728, 34.9373881], [-82.43355, 34.934796], [-82.433415, 34.93423], [-82.433357, 34.933909], [-82.433302, 34.933529], [-82.433243, 34.933119], [-82.43317, 34.932343], [-82.433151, 34.931923], [-82.433144, 34.930778], [-82.433154, 34.927182], [-82.433175, 34.926645], [-82.4331861, 34.9262128], [-82.43315, 34.9250801]]}}, {"type": "Feature", "id": "w113473326", "properties": {"highway": "trunk", "name": "North Highway 25 Bypass", "ref": "US 25", "surface": "asphalt", "walkable": false, "on_campus": false, "nodes": [113049708, 7344861414, 113049711, 113049712, 113049713, 10906417858, 10906417830, 10906417867, 7344860334, 10906417836, 113049714, 112819384, 113049715, 113049716, 113049717, 113049718, 8140669556, 113049719, 8140669548, 8140669555, 5464588007, 112802386]}, "geometry": {"type": "LineString", "coordinates": [[-82.4609203, 34.9178935], [-82.4605128, 34.9185058], [-82.459993, 34.919287], [-82.459935, 34.919381], [-82.459886, 34.919447], [-82.4597758, 34.9196104], [-82.4597337, 34.919673], [-82.4596864, 34.9197431], [-82.4592096, 34.9204504], [-82.4588572, 34.9209732], [-82.458442, 34.921589], [-82.458333, 34.921764], [-82.458258, 34.921863], [-82.457664, 34.922743], [-82.456795, 34.92403], [-82.456536, 34.924395], [-82.4563801, 34.9246044], [-82.456256, 34.924771], [-82.4562122, 34.9248252], [-82.4556328, 34.9255435], [-82.4543532, 34.9271295], [-82.452894, 34.928938]]}}, {"type": "Feature", "id": "w113473332", "properties": {"highway": "trunk", "name": "Poinsett Highway", "ref": "US 276", "surface": "asphalt", "walkable": false, "on_campus": false, "nodes": [113267141, 113031638, 113267145, 113267148, 113267151, 113267154, 113267157, 113267160, 113267163, 113267165, 113267167, 113267169, 112659517]}, "geometry": {"type": "LineString", "coordinates": [[-82.434128, 34.937432], [-82.434337, 34.938151], [-82.434526, 34.9388], [-82.434636, 34.939207], [-82.435434, 34.941907], [-82.435712, 34.942847], [-82.435793, 34.9431], [-82.435918, 34.943432], [-82.436071, 34.943779], [-82.436247, 34.944129], [-82.436445, 34.944478], [-82.437095, 34.945551], [-82.437326, 34.945978]]}}, {"type": "Feature", "id": "w113473340", "properties": {"highway": "trunk", "name": "Poinsett Highway", "ref": "US 276", "surface": "asphalt", "walkable": false, "on_campus": false, "nodes": [113267016, 113267019, 113267022, 113267025, 113267028, 113267030, 113267032, 113267034, 113267036, 113267038, 112693027, 113267040, 113267042, 113267044, 113267046, 113267048, 113267050, 113267052, 113267055, 113267056, 113267058, 113267060, 113267063, 113267066, 113267069, 113267072, 113267077, 113267080, 113267084, 113267087, 113267090, 112698707, 113267093, 112655289]}, "geometry": {"type": "LineString", "coordinates": [[-82.427469, 34.91387], [-82.427687, 34.914112], [-82.427929, 34.914351], [-82.428106, 34.91451], [-82.428292, 34.914664], [-82.428486, 34.91481], [-82.428921, 34.915095], [-82.429156, 34.915231], [-82.430109, 34.915744], [-82.430418, 34.91592], [-82.430831, 34.916225], [-82.431091, 34.916424], [-82.431349, 34.91664], [-82.431572, 34.916849], [-82.431768, 34.917056], [-82.431961, 34.917282], [-82.432146, 34.91753], [-82.432322, 34.917799], [-82.432467, 34.918056], [-82.432599, 34.918329], [-82.432712, 34.918608], [-82.432806, 34.918892], [-82.432882, 34.91919], [-82.43292, 34.919384], [-82.432952, 34.9196], [-82.432973, 34.919818], [-82.432984, 34.920036], [-82.432993, 34.920642], [-82.432992, 34.921065], [-82.432984, 34.921354], [-82.432966, 34.92169], [-82.432954, 34.922111], [-82.432947, 34.922348], [-82.43295, 34.922408]]}}, {"type": "Feature", "id": "w113473345", "properties": {"highway": "trunk", "name": "Poinsett Highway", "ref": "US 276", "surface": "asphalt", "walkable": false, "on_campus": false, "nodes": [458612443, 458612442, 458612441, 113267358, 113267359, 113267362, 113060979]}, "geometry": {"type": "LineString", "coordinates": [[-82.42756, 34.913776], [-82.427343, 34.91349], [-82.427218, 34.913313], [-82.427095, 34.913122], [-82.426967, 34.912897], [-82.4268173, 34.912633], [-82.4264085, 34.9118514]]}}, {"type": "Feature", "id": "w1136038580", "properties": {"highway": "path", "walkable": true, "on_campus": false, "nodes": [7080450717, 10589997112, 10589997113, 10589997114, 10589997115, 10589997116, 10589997117, 10589997118, 10589997119, 10589997120, 10589997121, 10589997122, 7080450970]}, "geometry": {"type": "LineString", "coordinates": [[-82.4206785, 34.9313093], [-82.4207269, 34.9312992], [-82.4207926, 34.9312882], [-82.4208797, 34.9312761], [-82.4209408, 34.9312651], [-82.4210065, 34.9312491], [-82.4210843, 34.9312228], [-82.421146, 34.9311925], [-82.4212056, 34.931154], [-82.4212868, 34.931087], [-82.4213337, 34.9310485], [-82.421384, 34.9310155], [-82.421459, 34.9309851]]}}, {"type": "Feature", "id": "w1163153649", "properties": {"highway": "path", "walkable": true, "on_campus": false, "nodes": [3414719615, 3414719616, 3414719617, 3414719618, 3414719619, 3414719620, 3414719621, 3414719622, 3414719623, 3414719624, 3414719625, 3414719626, 3414719627, 3414719628, 3414719629, 3414719630, 3414719631, 3414719632, 3414719633, 3414719634, 3414719635, 3414719636, 3110316824]}, "geometry": {"type": "LineString", "coordinates": [[-82.4471518, 34.9238763], [-82.4471168, 34.9238589], [-82.4470224, 34.9238196], [-82.446958, 34.9237606], [-82.4468666, 34.9236869], [-82.4466538, 34.9235174], [-82.4465819, 34.9234375], [-82.446486, 34.9233355], [-82.4463886, 34.923236], [-82.4462493, 34.9231549], [-82.4461354, 34.9231095], [-82.446041, 34.9230751], [-82.4459556, 34.9230628], [-82.4459016, 34.9230738], [-82.4458537, 34.9231021], [-82.4458282, 34.9231598], [-82.4458222, 34.9232164], [-82.4457548, 34.9232901], [-82.4457233, 34.9233368], [-82.4456829, 34.9234129], [-82.4456394, 34.9235026], [-82.4456334, 34.9235604], [-82.4456157, 34.9236163]]}}, {"type": "Feature", "id": "w1163153650", "properties": {"bridge": "yes", "highway": "path", "layer": "1", "walkable": true, "on_campus": false, "nodes": [3414719614, 3414719615]}, "geometry": {"type": "LineString", "coordinates": [[-82.447342, 34.9239061], [-82.4471518, 34.9238763]]}}, {"type": "Feature", "id": "w1163153651", "properties": {"highway": "path", "walkable": true, "on_campus": false, "nodes": [3110316824, 3110316825, 3110316826, 3110316827, 3414719637, 3110316828, 3110316829, 3110316830, 3110316831, 3110316832, 10817341419]}, "geometry": {"type": "LineString", "coordinates": [[-82.4456157, 34.9236163], [-82.445664, 34.9237263], [-82.4458678, 34.9238802], [-82.4462487, 34.9241397], [-82.4463377, 34.9242029], [-82.4464096, 34.9242805], [-82.4469836, 34.9250238], [-82.4471553, 34.9251205], [-82.447386, 34.9251601], [-82.4475254, 34.9251074], [-82.4477722, 34.9252491]]}}, {"type": "Feature", "id": "w1163153652", "properties": {"bridge": "yes", "highway": "path", "layer": "1", "walkable": true, "on_campus": false, "nodes": [10817341419, 10817341418]}, "geometry": {"type": "LineString", "coordinates": [[-82.4477722, 34.9252491], [-82.4478435, 34.9252893]]}}, {"type": "Feature", "id": "w1163153657", "properties": {"highway": "residential", "name": "Montague Road", "surface": "asphalt", "walkable": true, "on_campus": false, "nodes": [112709159, 12088035065, 6976952012, 112709164, 112709167, 112709171, 112709173, 112709175, 112709178, 5463343426, 112709179, 5463343433, 112709181, 112709183]}, "geometry": {"type": "LineString", "coordinates": [[-82.4546152, 34.9189041], [-82.4538376, 34.9196589], [-82.4533409, 34.920141], [-82.453215, 34.920264], [-82.453074, 34.920398], [-82.452956, 34.920511], [-82.452786, 34.92066], [-82.452635, 34.92078], [-82.452477, 34.920895], [-82.4523215, 34.921002], [-82.451508, 34.921562], [-82.450973, 34.9219303], [-82.449942, 34.92264], [-82.449796, 34.922728]]}}, {"type": "Feature", "id": "w1163153658", "properties": {"bridge": "yes", "highway": "residential", "layer": "1", "name": "Montague Road", "surface": "asphalt", "walkable": true, "on_campus": false, "nodes": [112709152, 112709159]}, "geometry": {"type": "LineString", "coordinates": [[-82.4548759, 34.9186528], [-82.4546152, 34.9189041]]}}, {"type": "Feature", "id": "w1164979228", "properties": {"highway": "footway", "walkable": true, "on_campus": true, "nodes": [3078472257, 10836142154, 3078472258, 3078472259]}, "geometry": {"type": "LineString", "coordinates": [[-82.4368661, 34.9274207], [-82.4369232, 34.9273084], [-82.4370047, 34.9271485], [-82.4372537, 34.9272276]]}}, {"type": "Feature", "id": "w1164979229", "properties": {"highway": "footway", "walkable": true, "on_campus": true, "nodes": [3078472259, 10836142153, 3078472260]}, "geometry": {"type": "LineString", "coordinates": [[-82.4372537, 34.9272276], [-82.4371702, 34.9273929], [-82.4371129, 34.9275071]]}}, {"type": "Feature", "id": "w1164979230", "properties": {"highway": "footway", "walkable": true, "on_campus": true, "nodes": [3078472260, 3078472257]}, "geometry": {"type": "LineString", "coordinates": [[-82.4371129, 34.9275071], [-82.4368661, 34.9274207]]}}, {"type": "Feature", "id": "w1164979231", "properties": {"highway": "footway", "walkable": true, "on_campus": true, "nodes": [3078472227, 3078472257]}, "geometry": {"type": "LineString", "coordinates": [[-82.4366981, 34.9273605], [-82.4368661, 34.9274207]]}}, {"type": "Feature", "id": "w117146161", "properties": {"highway": "tertiary", "name": "Old Buncombe Road", "surface": "asphalt", "walkable": true, "on_campus": false, "nodes": [458612464, 11681596015, 458612470]}, "geometry": {"type": "LineString", "coordinates": [[-82.4288194, 34.9146269], [-82.428809, 34.914419], [-82.4288151, 34.9143428]]}}, {"type": "Feature", "id": "w117146244", "properties": {"bridge": "yes", "highway": "tertiary", "layer": "1", "name": "Old Buncombe Road", "surface": "asphalt", "walkable": true, "on_campus": false, "nodes": [1319615206, 458612464]}, "geometry": {"type": "LineString", "coordinates": [[-82.4288931, 34.9152406], [-82.4288194, 34.9146269]]}}, {"type": "Feature", "id": "w1176489856", "properties": {"highway": "tertiary", "name": "Old Buncombe Road", "surface": "asphalt", "walkable": true, "on_campus": false, "nodes": [113031640, 10930806120, 113031864, 10930806122]}, "geometry": {"type": "LineString", "coordinates": [[-82.433895, 34.938386], [-82.4337985, 34.9382851], [-82.4336519, 34.9381317], [-82.433378, 34.9378597]]}}, {"type": "Feature", "id": "w1228561738", "properties": {"highway": "service", "walkable": true, "on_campus": true, "nodes": [11393387747, 736992708]}, "geometry": {"type": "LineString", "coordinates": [[-82.4353274, 34.9326208], [-82.4353786, 34.9327337]]}}, {"type": "Feature", "id": "w1228561739", "properties": {"highway": "service", "walkable": true, "on_campus": true, "nodes": [11393387748, 11393387749]}, "geometry": {"type": "LineString", "coordinates": [[-82.4386899, 34.9299561], [-82.4385351, 34.9297425]]}}, {"type": "Feature", "id": "w1228561740", "properties": {"highway": "service", "walkable": true, "on_campus": true, "nodes": [7953744711, 11393387751]}, "geometry": {"type": "LineString", "coordinates": [[-82.4449179, 34.9235419], [-82.4445227, 34.9234565]]}}, {"type": "Feature", "id": "w1230454446", "properties": {"highway": "footway", "surface": "concrete", "walkable": true, "on_campus": true, "nodes": [3084658895, 3084658896, 3084658897]}, "geometry": {"type": "LineString", "coordinates": [[-82.4353422, 34.9296738], [-82.4352604, 34.9295833], [-82.4351677, 34.9294913]]}}, {"type": "Feature", "id": "w1230454447", "properties": {"bridge": "yes", "highway": "footway", "layer": "1", "surface": "wood", "walkable": true, "on_campus": true, "nodes": [3084658894, 3084658895]}, "geometry": {"type": "LineString", "coordinates": [[-82.4354091, 34.9297096], [-82.4353422, 34.9296738]]}}, {"type": "Feature", "id": "w1230454448", "properties": {"highway": "footway", "surface": "concrete", "walkable": true, "on_campus": true, "nodes": [3084658963, 3084658964, 3084658965, 3084658966, 3084658967]}, "geometry": {"type": "LineString", "coordinates": [[-82.4353046, 34.9304442], [-82.4353958, 34.9303881], [-82.4354964, 34.9303013], [-82.4355568, 34.9302716], [-82.435596, 34.9302329]]}}, {"type": "Feature", "id": "w1230454449", "properties": {"bridge": "yes", "highway": "footway", "layer": "1", "surface": "wood", "walkable": true, "on_campus": true, "nodes": [11410983624, 3084658963]}, "geometry": {"type": "LineString", "coordinates": [[-82.4352436, 34.9304769], [-82.4353046, 34.9304442]]}}, {"type": "Feature", "id": "w1232873531", "properties": {"covered": "yes", "highway": "footway", "walkable": true, "on_campus": true, "nodes": [11437923446, 11437923445]}, "geometry": {"type": "LineString", "coordinates": [[-82.4422243, 34.9191191], [-82.442225, 34.9190384]]}}, {"type": "Feature", "id": "w12389863", "properties": {"highway": "residential", "name": "Fiddlers Court", "surface": "asphalt", "walkable": true, "on_campus": false, "nodes": [112647264, 112647267, 112647270, 112647275, 112647278, 112647281]}, "geometry": {"type": "LineString", "coordinates": [[-82.452757, 34.924012], [-82.452658, 34.923928], [-82.452639, 34.923907], [-82.452612, 34.923865], [-82.452605, 34.92384], [-82.45259, 34.923729]]}}, {"type": "Feature", "id": "w12390208", "properties": {"access": "private", "highway": "service", "walkable": true, "on_campus": true, "nodes": [112655227, 736992540, 8133352725, 3092857833, 736992805]}, "geometry": {"type": "LineString", "coordinates": [[-82.4412602, 34.9167971], [-82.4411422, 34.9169598], [-82.4410051, 34.9171612], [-82.4409866, 34.9171885], [-82.4408333, 34.9174385]]}}, {"type": "Feature", "id": "w12390698", "properties": {"highway": "trunk_link", "surface": "asphalt", "walkable": false, "on_campus": true, "nodes": [112666102, 112666106, 112666110, 112655323, 626034135, 3222447479, 626034136, 3222447480, 626034137, 736992976]}, "geometry": {"type": "LineString", "coordinates": [[-82.4331861, 34.9262128], [-82.4332372, 34.9259362], [-82.4332948, 34.925829], [-82.4333988, 34.9257267], [-82.4335519, 34.9256337], [-82.4336538, 34.9255897], [-82.4337611, 34.9255699], [-82.4339381, 34.9255545], [-82.4341071, 34.9255765], [-82.4343807, 34.9256535]]}}, {"type": "Feature", "id": "w12390819", "properties": {"highway": "service", "name": "Bell Tower Point", "surface": "asphalt", "walkable": true, "on_campus": true, "nodes": [112668250, 112668257, 112668260, 3109824672, 3109824671, 112668263, 3109824615, 5733619693, 3109824670, 430541168, 3109824668, 430541159, 3109824669, 430541158, 3109824599, 430541156]}, "geometry": {"type": "LineString", "coordinates": [[-82.4364405, 34.9292644], [-82.4366875, 34.9291046], [-82.4369181, 34.9289694], [-82.4370643, 34.9289078], [-82.4372252, 34.9288594], [-82.4375431, 34.9287715], [-82.4378174, 34.9286849], [-82.4378228, 34.9286835], [-82.4379942, 34.9286377], [-82.438211, 34.9286022], [-82.4384292, 34.9285775], [-82.4386865, 34.9285525], [-82.4388626, 34.9285389], [-82.4390319, 34.9285365], [-82.4392782, 34.9285428], [-82.4394659, 34.9285533]]}}, {"type": "Feature", "id": "w12391715", "properties": {"highway": "service", "walkable": true, "on_campus": true, "nodes": [3087553652, 3087553681, 3087553454, 3087553519, 3087553488, 3087553714, 736992513, 112682975]}, "geometry": {"type": "LineString", "coordinates": [[-82.4417279, 34.9207797], [-82.4424239, 34.9204485], [-82.442529, 34.9203994], [-82.442673, 34.9203777], [-82.4428228, 34.9203985], [-82.4429558, 34.9204486], [-82.4435021, 34.9207402], [-82.4438073, 34.9208601]]}}, {"type": "Feature", "id": "w12391788", "properties": {"highway": "unclassified", "name": "Carl Kohrt Drive", "surface": "asphalt", "walkable": true, "on_campus": true, "nodes": [112684049, 3663527719, 736992536, 3663527722, 736992873, 736992767, 3084658694, 736992692, 3084658693, 736992104, 3084658692, 112684052, 3078472225, 736991842, 112684056, 112683948, 112684058, 736992802, 736992851, 112668250]}, "geometry": {"type": "LineString", "coordinates": [[-82.43564, 34.9261716], [-82.435606, 34.9262513], [-82.4355097, 34.9264771], [-82.4354806, 34.926534], [-82.4353249, 34.926839], [-82.4352229, 34.9270547], [-82.435192, 34.92715], [-82.4351909, 34.9272495], [-82.4351866, 34.9273897], [-82.4352027, 34.9275898], [-82.4352724, 34.9278031], [-82.4354092, 34.9280143], [-82.4355152, 34.9281462], [-82.4356144, 34.9282573], [-82.435766, 34.9284123], [-82.4359135, 34.9285618], [-82.4360074, 34.9286597], [-82.4360816, 34.9287614], [-82.4361227, 34.9288268], [-82.4364405, 34.9292644]]}}, {"type": "Feature", "id": "w12392416", "properties": {"highway": "service", "walkable": true, "on_campus": true, "nodes": [112684052, 9073611523, 9073611532, 112689171, 9073611528, 736991870, 736992534, 736991678, 5733627467, 3078472237, 736991852, 3078472236, 736992146, 736991454, 736991920]}, "geometry": {"type": "LineString", "coordinates": [[-82.4354092, 34.9280143], [-82.4355537, 34.9279384], [-82.4357301, 34.9278458], [-82.4358921, 34.9277607], [-82.4359186, 34.9277468], [-82.4360624, 34.9276717], [-82.4361196, 34.9275742], [-82.4361437, 34.9275356], [-82.4361636, 34.9275212], [-82.4361898, 34.9275023], [-82.4362327, 34.9274869], [-82.4362877, 34.9274748], [-82.4363494, 34.9274814], [-82.4365489, 34.9275595], [-82.4366538, 34.927627]]}}, {"type": "Feature", "id": "w12392816", "properties": {"highway": "unclassified", "name": "Furman Mall Avenue", "surface": "asphalt", "walkable": true, "on_campus": true, "nodes": [112687442, 3109907296, 5733619769, 112692923, 736991861, 8758903285, 8758903286, 736991757, 5733625013, 736991717, 5733625016, 112655250]}, "geometry": {"type": "LineString", "coordinates": [[-82.4358939, 34.9253269], [-82.4363943, 34.9245499], [-82.4364561, 34.9244625], [-82.4367376, 34.9240639], [-82.4369709, 34.9237758], [-82.4370552, 34.9236779], [-82.4373225, 34.9233678], [-82.4374029, 34.9232745], [-82.4378322, 34.92285], [-82.4380992, 34.922586], [-82.4384248, 34.9222863], [-82.4388507, 34.9218943]]}}, {"type": "Feature", "id": "w12392819", "properties": {"highway": "trunk_link", "surface": "asphalt", "walkable": false, "on_campus": false, "nodes": [626033998, 112692975, 112692977, 112692981, 112692984, 112692990, 112692994, 112692997, 112692999, 112693003, 112693006, 112693008, 112693011, 112693015, 112693017, 112693020, 112693021, 112693023, 112693025, 112693027]}, "geometry": {"type": "LineString", "coordinates": [[-82.4262258, 34.9114746], [-82.426354, 34.9118547], [-82.4266234, 34.9126039], [-82.4267652, 34.9129307], [-82.4268445, 34.9131491], [-82.4269144, 34.9133392], [-82.4270167, 34.913547], [-82.4271269, 34.9137263], [-82.427255, 34.913979], [-82.427427, 34.914184], [-82.427596, 34.914365], [-82.427773, 34.914538], [-82.428013, 34.914756], [-82.42864, 34.915297], [-82.4289421, 34.9155121], [-82.429069, 34.915579], [-82.429493, 34.91571], [-82.430088, 34.915908], [-82.430349, 34.91601], [-82.430831, 34.916225]]}}, {"type": "Feature", "id": "w12393787", "properties": {"highway": "trunk_link", "surface": "asphalt", "walkable": false, "on_campus": false, "nodes": [112702697, 112702699, 112702701, 112702702, 7138176236, 112702703]}, "geometry": {"type": "LineString", "coordinates": [[-82.430307, 34.915468], [-82.429886, 34.915212], [-82.429726, 34.915105], [-82.429527, 34.914944], [-82.429332, 34.9147697], [-82.4291473, 34.9145909]]}}, {"type": "Feature", "id": "w12394540", "properties": {"highway": "residential", "name": "Montague Road", "surface": "asphalt", "walkable": true, "on_campus": false, "nodes": [112709106, 10600027904, 112709108, 112709111, 112709113, 112709117, 112709120, 112709123, 7799686295, 112709125, 112709129, 7799686300, 1129748230, 7013837917, 9075458445, 9075458424, 112709132, 112709135, 112709138, 112709140, 112709142, 112709145, 112709148, 112709152]}, "geometry": {"type": "LineString", "coordinates": [[-82.460773, 34.912321], [-82.460613, 34.9124104], [-82.460458, 34.912497], [-82.460289, 34.912618], [-82.460163, 34.912723], [-82.459945, 34.912882], [-82.459782, 34.913011], [-82.459531, 34.913234], [-82.4594125, 34.9133566], [-82.4593654, 34.9133972], [-82.459031, 34.913797], [-82.4589377, 34.9139204], [-82.4588575, 34.9140263], [-82.4583935, 34.9146424], [-82.4577591, 34.9154791], [-82.4575194, 34.9157953], [-82.457214, 34.916198], [-82.456973, 34.916507], [-82.456691, 34.916844], [-82.456575, 34.916967], [-82.456457, 34.917091], [-82.456357, 34.917191], [-82.456185, 34.917363], [-82.4548759, 34.9186528]]}}, {"type": "Feature", "id": "w12394615", "properties": {"highway": "residential", "name": "Berea Middle School Road", "surface": "asphalt", "walkable": true, "on_campus": false, "nodes": [112709140, 112709831, 3721974553, 3721974549, 112709833, 112709836, 112709838, 112709840, 112709843, 112709847, 112709853, 112709855, 112709858, 112709860, 112709863, 10906417895, 112709868, 112709871, 458612119]}, "geometry": {"type": "LineString", "coordinates": [[-82.456575, 34.916967], [-82.456378, 34.91685], [-82.453654, 34.9149599], [-82.4535684, 34.9149006], [-82.453118, 34.914588], [-82.452945, 34.914472], [-82.452439, 34.914117], [-82.452252, 34.913975], [-82.452108, 34.913851], [-82.4519302, 34.9136729], [-82.451835, 34.913578], [-82.451722, 34.913447], [-82.451515, 34.913174], [-82.451089, 34.912548], [-82.450859, 34.912222], [-82.4506224, 34.9118771], [-82.44992, 34.910853], [-82.44961, 34.910417], [-82.449434, 34.910203]]}}, {"type": "Feature", "id": "w12397560", "properties": {"highway": "residential", "name": "Chukar Way", "surface": "asphalt", "walkable": true, "on_campus": false, "nodes": [112962258, 112962262, 112962266, 112962268, 112962271, 112962277, 112962280, 112962284, 112962288, 112962294, 112962298, 112962301, 112768038, 112962306, 112962310, 112962314, 112962317, 112962321, 112962325, 112962328, 112962334, 12418434796, 12418434795, 12418434788, 12418434787, 12418434792, 12418434786, 112962337, 112962341, 112962347, 112962350, 112962352, 112962356, 112962359, 112732255, 112732249, 112732244, 112732242, 112732239]}, "geometry": {"type": "LineString", "coordinates": [[-82.437537, 34.914127], [-82.437442, 34.914031], [-82.437129, 34.913667], [-82.43705, 34.913554], [-82.436997, 34.913442], [-82.436965, 34.913337], [-82.43695, 34.913229], [-82.436952, 34.913121], [-82.436962, 34.913045], [-82.436988, 34.912951], [-82.437027, 34.91286], [-82.437083, 34.912763], [-82.437757, 34.911893], [-82.437848, 34.911672], [-82.437984, 34.9112], [-82.438011, 34.911106], [-82.438079, 34.910942], [-82.438148, 34.910825], [-82.438235, 34.910716], [-82.438334, 34.910622], [-82.4388841, 34.9102201], [-82.4388734, 34.9102069], [-82.4388635, 34.9101847], [-82.438869, 34.910162], [-82.438878, 34.9101384], [-82.4389121, 34.9101201], [-82.4389381, 34.9101116], [-82.438963, 34.9101192], [-82.439005, 34.91008], [-82.439069, 34.909972], [-82.439115, 34.909874], [-82.439229, 34.909587], [-82.439251, 34.909541], [-82.439285, 34.909486], [-82.439324, 34.909438], [-82.439338, 34.909421], [-82.439398, 34.909365], [-82.439464, 34.909314], [-82.439591, 34.90923]]}}, {"type": "Feature", "id": "w12397563", "properties": {"highway": "residential", "name": "Scalybark Road", "surface": "asphalt", "walkable": true, "on_campus": false, "nodes": [112732270, 112732273, 112732276, 112732278, 112732281, 112732239, 112732282, 112732283, 112732284, 7305542342, 112732285, 112732287, 112732288, 112732290, 112732292, 112732295, 112732297, 112732303, 112732307, 112732310, 12418434524, 112732313, 112732316]}, "geometry": {"type": "LineString", "coordinates": [[-82.439203, 34.908769], [-82.439208, 34.908802], [-82.439224, 34.908847], [-82.439245, 34.908887], [-82.439265, 34.908912], [-82.439591, 34.90923], [-82.43968, 34.90932], [-82.439989, 34.909659], [-82.440526, 34.910266], [-82.4414608, 34.9113632], [-82.4420433, 34.9120469], [-82.442371, 34.912435], [-82.442576, 34.912712], [-82.442691, 34.912894], [-82.44279, 34.913078], [-82.442895, 34.913306], [-82.443012, 34.913535], [-82.443082, 34.913636], [-82.443167, 34.91372], [-82.443238, 34.913767], [-82.4432697, 34.9137828], [-82.443675, 34.913985], [-82.44406, 34.914153]]}}, {"type": "Feature", "id": "w12398085", "properties": {"highway": "residential", "name": "Montague Circle", "surface": "asphalt", "walkable": true, "on_campus": false, "nodes": [112741409, 112741413, 112741416, 112741419, 112741423, 112741427, 112741430, 112741434, 7805809028, 112741436, 8332956738, 112741443, 112741447, 112741450, 112741454, 112741457, 112741463, 112741467, 112741471, 112741475, 112741477, 112741478, 112741482, 112741484, 112741487, 112741491, 112741495, 112741497, 112741502, 112741506, 112741508, 112741510, 112741513, 7937499572, 112741516, 8137677154, 112741518, 112741519, 112741523, 112741526]}, "geometry": {"type": "LineString", "coordinates": [[-82.448723, 34.920937], [-82.448827, 34.920856], [-82.448851, 34.920829], [-82.448869, 34.920794], [-82.449286, 34.919765], [-82.44955, 34.919081], [-82.449798, 34.918468], [-82.450065, 34.917764], [-82.4501064, 34.9176599], [-82.450432, 34.916841], [-82.4504419, 34.9168128], [-82.450476, 34.916716], [-82.450512, 34.916535], [-82.450526, 34.916408], [-82.450537, 34.916122], [-82.450528, 34.916023], [-82.450502, 34.915925], [-82.450465, 34.915846], [-82.45042, 34.915792], [-82.450367, 34.915751], [-82.450342, 34.915737], [-82.45029, 34.915718], [-82.45014, 34.915675], [-82.449165, 34.915428], [-82.449032, 34.915399], [-82.449, 34.915395], [-82.448956, 34.915396], [-82.448914, 34.915405], [-82.448872, 34.915422], [-82.448842, 34.915441], [-82.448816, 34.915465], [-82.448793, 34.915499], [-82.448582, 34.916446], [-82.4483358, 34.9174723], [-82.448231, 34.917909], [-82.4481145, 34.9184189], [-82.447958, 34.919104], [-82.447754, 34.919889], [-82.447698, 34.920073], [-82.44762, 34.920282]]}}, {"type": "Feature", "id": "w12398139", "properties": {"highway": "residential", "name": "Dundee Lane", "surface": "asphalt", "walkable": true, "on_campus": false, "nodes": [112742353, 112742355, 112742357, 112742359, 112742363, 112742365, 112742368, 112742370, 112742374, 112742378, 112742380, 112742384, 112742390, 112742394, 112742397, 112742402, 112742406, 112742409, 112742412, 112742417, 112742420, 112742427, 112742430, 112742433, 112742438, 112742440, 112742443, 112742449, 112742451, 112742454, 112742457, 112742460, 112742463, 112742465, 112742468, 112742471, 112742477, 112742480, 8959054262, 112742485, 8959054282, 112742488, 112742491, 112742494, 112742498, 112742500, 112742502, 112742503]}, "geometry": {"type": "LineString", "coordinates": [[-82.4546, 34.9318431], [-82.4546148, 34.9317772], [-82.4546151, 34.9316368], [-82.4546093, 34.931518], [-82.454562, 34.931301], [-82.45453, 34.931197], [-82.454473, 34.931089], [-82.454433, 34.931033], [-82.454388, 34.93098], [-82.454283, 34.930885], [-82.454213, 34.930834], [-82.454149, 34.930796], [-82.45407, 34.930756], [-82.453986, 34.930724], [-82.453834, 34.930685], [-82.453756, 34.930673], [-82.453671, 34.930668], [-82.4536, 34.930668], [-82.453509, 34.930676], [-82.45342, 34.93069], [-82.453311, 34.930717], [-82.453145, 34.930777], [-82.45309, 34.930805], [-82.453043, 34.930837], [-82.452985, 34.930885], [-82.452938, 34.930935], [-82.452898, 34.930988], [-82.452867, 34.931039], [-82.452816, 34.931143], [-82.452784, 34.931226], [-82.452762, 34.931299], [-82.452747, 34.931381], [-82.452744, 34.931516], [-82.452763, 34.931646], [-82.452799, 34.931762], [-82.452943, 34.932062], [-82.45301, 34.93217], [-82.453203, 34.93247], [-82.453398, 34.9327906], [-82.453504, 34.932965], [-82.4535758, 34.9330971], [-82.453654, 34.933241], [-82.45375, 34.933453], [-82.453869, 34.933791], [-82.453947, 34.934064], [-82.454027, 34.934449], [-82.454039, 34.934598], [-82.45404, 34.934685]]}}, {"type": "Feature", "id": "w12398189", "properties": {"highway": "residential", "name": "Pilot Road", "surface": "asphalt", "walkable": true, "on_campus": false, "nodes": [112742996, 7722626531, 112742999, 112743001, 112743003, 8134105665, 112743006, 9075322016, 112743008, 112743010, 112743014, 112743018, 112743021, 112743023, 112743027, 112743030, 112743033, 112743036, 7113499024, 112743038, 6994567410, 7113499018, 112743041, 112743044, 112743046, 112743049, 7113499029, 112743052, 112743055, 112743056, 112743059, 112743062, 7281604525, 112743065, 7013175812, 112743068, 112743072, 7013175817, 112743075, 112743078, 6957611220, 112743082, 112743086, 112743089, 112743092, 112743096, 112743099, 6656935033, 112743102, 112743104, 112743107, 112743113, 112743116, 112743120, 8137061647, 112743123, 112743125, 112743129, 112743132, 112743134, 112743138, 112743141, 112743144, 112743147, 112743152, 112743154, 112743156, 112743159, 112743162, 112743166, 112743170, 112743173, 112743176, 112743179, 112743181, 112743184, 112743188, 112743191, 112743194, 112743196, 112743199, 112743201, 112743202, 112743204, 112743205, 112743207, 112743208, 112743210, 112743212, 112743214, 112743215, 112743216, 112743219]}, "geometry": {"type": "LineString", "coordinates": [[-82.429555, 34.933883], [-82.4293796, 34.9338484], [-82.429012, 34.933776], [-82.428811, 34.93375], [-82.428591, 34.93373], [-82.4281256, 34.9337168], [-82.428025, 34.933714], [-82.4277776, 34.9337073], [-82.426446, 34.933671], [-82.425389, 34.933637], [-82.424195, 34.933595], [-82.423967, 34.933583], [-82.423659, 34.933558], [-82.423525, 34.933551], [-82.42335, 34.933392], [-82.423244, 34.933264], [-82.4229799, 34.9328814], [-82.422638, 34.932378], [-82.4225488, 34.9322553], [-82.422324, 34.931946], [-82.4221676, 34.9317128], [-82.422059, 34.9315508], [-82.422035, 34.931515], [-82.421906, 34.931294], [-82.421861, 34.931193], [-82.421841, 34.931131], [-82.4218344, 34.9311004], [-82.421825, 34.931057], [-82.421817, 34.930982], [-82.421817, 34.930907], [-82.421833, 34.930791], [-82.421869, 34.930672], [-82.4218883, 34.9306371], [-82.421927, 34.930567], [-82.4219374, 34.9305536], [-82.422006, 34.930465], [-82.422212, 34.930255], [-82.4225631, 34.9299322], [-82.422683, 34.929822], [-82.42276, 34.929737], [-82.4228097, 34.9296613], [-82.422827, 34.929635], [-82.422875, 34.929536], [-82.4229, 34.929458], [-82.423109, 34.92858], [-82.423106, 34.928522], [-82.423099, 34.928492], [-82.4230895, 34.9284709], [-82.423077, 34.928443], [-82.423037, 34.928391], [-82.422993, 34.928354], [-82.422885, 34.928294], [-82.422677, 34.928178], [-82.422023, 34.927832], [-82.4220011, 34.9278142], [-82.421991, 34.927806], [-82.421961, 34.927774], [-82.421929, 34.92772], [-82.421918, 34.927684], [-82.421914, 34.927653], [-82.421916, 34.927608], [-82.421927, 34.927551], [-82.422015, 34.927231], [-82.422029, 34.927145], [-82.422027, 34.927103], [-82.42201, 34.92703], [-82.421993, 34.92699], [-82.421971, 34.926952], [-82.421944, 34.926917], [-82.421906, 34.926878], [-82.421567, 34.926622], [-82.42149, 34.92656], [-82.421441, 34.926505], [-82.421403, 34.926451], [-82.421364, 34.92638], [-82.421262, 34.926115], [-82.421215, 34.926015], [-82.421148, 34.925917], [-82.421074, 34.925846], [-82.421025, 34.92581], [-82.420972, 34.925778], [-82.420915, 34.92575], [-82.420844, 34.925722], [-82.420774, 34.925702], [-82.42013, 34.925551], [-82.420035, 34.925518], [-82.419941, 34.925472], [-82.419855, 34.925416], [-82.419804, 34.925374], [-82.419764, 34.925335], [-82.419711, 34.925274], [-82.41957, 34.925092], [-82.419391, 34.924882]]}}, {"type": "Feature", "id": "w12399569", "properties": {"highway": "residential", "name": "Camelback Road", "surface": "asphalt", "walkable": true, "on_campus": true, "nodes": [112732303, 12397238162, 12397238152, 12397238136, 112765772, 12397238130, 112765773, 12418434481, 112765775, 12397238109, 12418434453, 12397238090, 12418434287, 112765777, 12397238082, 12418434273, 112765779, 12418434259, 12397238057, 12397238049, 12418434243, 12418434518, 112765782, 112765784, 12418434235, 112765786, 112765788, 12418434216, 12397238008, 112765791]}, "geometry": {"type": "LineString", "coordinates": [[-82.443082, 34.913636], [-82.4429518, 34.9137779], [-82.4426162, 34.9141436], [-82.4424151, 34.9143627], [-82.442368, 34.914414], [-82.4422205, 34.9145777], [-82.442204, 34.914596], [-82.4421931, 34.9146063], [-82.442054, 34.914738], [-82.442019, 34.9147656], [-82.4418963, 34.9148622], [-82.4417811, 34.9149529], [-82.4416674, 34.9150426], [-82.44163, 34.915072], [-82.4415412, 34.9151451], [-82.4414428, 34.915226], [-82.441308, 34.915337], [-82.4412083, 34.9154141], [-82.4411947, 34.9154246], [-82.4409509, 34.9156131], [-82.4407092, 34.9157999], [-82.4406681, 34.9158317], [-82.440634, 34.915858], [-82.440533, 34.915941], [-82.4404762, 34.9159994], [-82.440461, 34.916015], [-82.440391, 34.916103], [-82.4403309, 34.9162053], [-82.4403259, 34.9162138], [-82.44025, 34.916343]]}}, {"type": "Feature", "id": "w12399712", "properties": {"highway": "residential", "name": "Quail Meadow Lane", "surface": "asphalt", "walkable": true, "on_campus": false, "nodes": [112768038, 112768041, 112768043, 112768045, 112768049, 112768052]}, "geometry": {"type": "LineString", "coordinates": [[-82.437757, 34.911893], [-82.437877, 34.911991], [-82.438239, 34.912416], [-82.43892, 34.913237], [-82.439494, 34.913921], [-82.439594, 34.914019]]}}, {"type": "Feature", "id": "w12400064", "properties": {"highway": "residential", "name": "Velma Road", "surface": "asphalt", "walkable": true, "on_campus": false, "nodes": [112773050, 112773053, 112773056]}, "geometry": {"type": "LineString", "coordinates": [[-82.429667, 34.919902], [-82.430637, 34.919796], [-82.431225, 34.919721]]}}, {"type": "Feature", "id": "w12400414", "properties": {"highway": "residential", "name": "Furman View Drive", "surface": "asphalt", "walkable": true, "on_campus": false, "nodes": [112778377, 112778378, 112778381, 112778384, 112778388, 112778391, 112778394, 112778397, 112778400, 112778402, 112778404, 112778406, 112778407, 112778409, 112778410, 112778413, 112778415]}, "geometry": {"type": "LineString", "coordinates": [[-82.423641, 34.934384], [-82.423683, 34.934447], [-82.423881, 34.934784], [-82.423915, 34.934855], [-82.423939, 34.934924], [-82.423954, 34.935041], [-82.423952, 34.93518], [-82.423924, 34.935404], [-82.423879, 34.935663], [-82.423847, 34.935755], [-82.423803, 34.935832], [-82.423746, 34.935902], [-82.423686, 34.935956], [-82.42361, 34.936004], [-82.423537, 34.93604], [-82.423169, 34.936188], [-82.423035, 34.936246]]}}, {"type": "Feature", "id": "w12400417", "properties": {"highway": "residential", "name": "Furman View Drive", "surface": "asphalt", "walkable": true, "on_campus": false, "nodes": [112778421, 112778415, 112778422, 112778423, 112778424, 112778426, 112778429, 112778431, 112778435, 112778437, 112778440, 112778443, 112778447, 112778450, 112778453, 112778456, 112778458, 112778461, 112778463, 112778466, 112778421]}, "geometry": {"type": "LineString", "coordinates": [[-82.422941, 34.936322], [-82.423035, 34.936246], [-82.422943, 34.93624], [-82.422732, 34.936234], [-82.422656, 34.936242], [-82.422626, 34.936252], [-82.422596, 34.93627], [-82.422573, 34.936294], [-82.422554, 34.936343], [-82.422552, 34.936373], [-82.422559, 34.936403], [-82.422565, 34.936413], [-82.42258, 34.93644], [-82.422606, 34.936466], [-82.422642, 34.93649], [-82.42267, 34.9365], [-82.422705, 34.936506], [-82.422746, 34.936501], [-82.422777, 34.93649], [-82.422799, 34.936476], [-82.422941, 34.936322]]}}, {"type": "Feature", "id": "w12401197", "properties": {"highway": "residential", "name": "Starsdale Circle", "surface": "asphalt", "walkable": true, "on_campus": false, "nodes": [112790506, 112790507, 112790508, 112790509, 112790511, 112790514, 112790517, 112790520, 112790522, 112790525, 112790528, 112790531, 112790533, 112790535, 112790538, 112790542, 112790545, 112790548, 112790550, 112790552, 112790554, 112790556, 112790557, 112790559, 112790561, 112790563, 112790565, 112790568, 112790569, 112790570, 112790573, 112790575, 112790577, 112790579, 112790581, 112790584, 112790587]}, "geometry": {"type": "LineString", "coordinates": [[-82.420632, 34.915195], [-82.420819, 34.915215], [-82.420917, 34.915213], [-82.421074, 34.915198], [-82.421196, 34.915172], [-82.42129, 34.915145], [-82.421657, 34.915017], [-82.422662, 34.914692], [-82.42273, 34.914663], [-82.422794, 34.914629], [-82.422854, 34.91459], [-82.422917, 34.914538], [-82.422964, 34.914489], [-82.422996, 34.914445], [-82.423033, 34.914379], [-82.423055, 34.914306], [-82.423062, 34.914232], [-82.423057, 34.91418], [-82.423048, 34.914139], [-82.423022, 34.91407], [-82.422967, 34.913988], [-82.422929, 34.913947], [-82.422895, 34.913917], [-82.422806, 34.913858], [-82.422704, 34.913814], [-82.422594, 34.913787], [-82.422518, 34.913779], [-82.422455, 34.913779], [-82.422391, 34.913784], [-82.422316, 34.913798], [-82.422242, 34.913819], [-82.421722, 34.913993], [-82.421555, 34.914039], [-82.421449, 34.914061], [-82.421399, 34.914065], [-82.421342, 34.914064], [-82.421112, 34.914041]]}}, {"type": "Feature", "id": "w12401932", "properties": {"highway": "residential", "name": "Wild Turkey Way", "surface": "asphalt", "walkable": true, "on_campus": false, "nodes": [112801757, 112801760, 112801761, 112801763, 112801766, 112801768, 112801770, 112768052, 112801773, 112801775, 112801776]}, "geometry": {"type": "LineString", "coordinates": [[-82.438204, 34.915654], [-82.438303, 34.915404], [-82.438415, 34.915186], [-82.438549, 34.914977], [-82.438705, 34.914778], [-82.438816, 34.914657], [-82.439019, 34.914473], [-82.439594, 34.914019], [-82.440375, 34.913401], [-82.441048, 34.912876], [-82.441129, 34.912817]]}}, {"type": "Feature", "id": "w12403161", "properties": {"highway": "residential", "name": "Fairway Lane", "surface": "asphalt", "walkable": true, "on_campus": false, "nodes": [112743170, 112817845, 112817849, 112817852]}, "geometry": {"type": "LineString", "coordinates": [[-82.421567, 34.926622], [-82.421454, 34.926717], [-82.420947, 34.92718], [-82.420166, 34.927883]]}}, {"type": "Feature", "id": "w12404663", "properties": {"highway": "residential", "name": "Glenrose Avenue", "surface": "asphalt", "walkable": true, "on_campus": false, "nodes": [112849739, 8490834317, 112849743, 12401613344, 3409343821, 112849747, 3106283041, 112849750, 112849753, 112849756, 112849758, 112849763, 112849766, 112849770]}, "geometry": {"type": "LineString", "coordinates": [[-82.436652, 34.935955], [-82.4370551, 34.9354885], [-82.437072, 34.935469], [-82.4373157, 34.9351745], [-82.4373854, 34.9350901], [-82.437479, 34.934977], [-82.4375564, 34.9348761], [-82.437825, 34.934526], [-82.437942, 34.934353], [-82.438024, 34.934195], [-82.438093, 34.934022], [-82.43814, 34.933851], [-82.438305, 34.933149], [-82.438401, 34.9329702]]}}, {"type": "Feature", "id": "w12405846", "properties": {"highway": "residential", "name": "North Warwick Road", "surface": "asphalt", "walkable": true, "on_campus": false, "nodes": [112875664, 112875667, 8192150764, 8192150828, 8192150997, 112875672, 8192151001, 112875674, 8192150982, 8192150977, 8192150985, 8192150987, 112875679, 112875683, 112875685, 8192150990, 112875688, 112875690, 112875696, 112875700, 112875708, 112875714]}, "geometry": {"type": "LineString", "coordinates": [[-82.451665, 34.936723], [-82.451706, 34.93682], [-82.45185, 34.937093], [-82.4519018, 34.9371914], [-82.4521884, 34.9377347], [-82.452275, 34.937899], [-82.4523178, 34.9379847], [-82.452458, 34.938265], [-82.4525046, 34.9383561], [-82.4526488, 34.9386381], [-82.4529548, 34.9392363], [-82.4529828, 34.9392911], [-82.453104, 34.939528], [-82.453141, 34.939618], [-82.453169, 34.939716], [-82.4531873, 34.9398816], [-82.453192, 34.939924], [-82.453188, 34.940014], [-82.453171, 34.940098], [-82.453157, 34.940144], [-82.45312, 34.940223], [-82.452945, 34.940552]]}}, {"type": "Feature", "id": "w12406797", "properties": {"highway": "residential", "name": "Lavonia Avenue", "surface": "asphalt", "walkable": true, "on_campus": false, "nodes": [112895120, 112895122, 112895123, 112895125]}, "geometry": {"type": "LineString", "coordinates": [[-82.429637, 34.936852], [-82.430023, 34.936635], [-82.430754, 34.936204], [-82.430829, 34.936154]]}}, {"type": "Feature", "id": "w12407120", "properties": {"highway": "unclassified", "name": "Carl Kohrt Drive", "surface": "asphalt", "walkable": true, "on_campus": true, "nodes": [112849770, 112900326, 736991420, 736991607, 112677118, 112900331, 112900335, 112900338, 112900342, 112900346, 112684020, 736992123, 112900349, 736991977, 112900352, 112668250]}, "geometry": {"type": "LineString", "coordinates": [[-82.438401, 34.9329702], [-82.4383235, 34.9327575], [-82.4382403, 34.9325365], [-82.4381288, 34.9322271], [-82.4381189, 34.9321958], [-82.4380606, 34.9320143], [-82.43799, 34.9318168], [-82.4379235, 34.9316313], [-82.437842, 34.9314293], [-82.4377495, 34.9312325], [-82.4374075, 34.9306938], [-82.4371808, 34.9303452], [-82.4369247, 34.9299868], [-82.4367959, 34.9298076], [-82.4364781, 34.9293392], [-82.4364405, 34.9292644]]}}, {"type": "Feature", "id": "w12407175", "properties": {"highway": "residential", "name": "Stanley Drive", "surface": "asphalt", "walkable": true, "on_campus": false, "nodes": [112901338, 112901342, 112901345, 112895125, 112901349, 112901353, 112901355]}, "geometry": {"type": "LineString", "coordinates": [[-82.431617, 34.936941], [-82.431551, 34.936885], [-82.43138, 34.93672], [-82.430829, 34.936154], [-82.430685, 34.936015], [-82.430567, 34.935885], [-82.430515, 34.935822]]}}, {"type": "Feature", "id": "w12407553", "properties": {"highway": "residential", "name": "Stone Shield Way", "surface": "asphalt", "walkable": true, "on_campus": false, "nodes": [112906635, 112906639, 112906642, 112906643, 112906646, 112906649, 112906652, 112906654, 112906658, 112906662, 112906665, 112906669, 112906672, 112906676, 112906679, 112906684, 112906687, 112906694, 112906697, 112906700, 112906705, 112906708, 112906712, 112906716, 112906719, 112906723, 112906727, 112906730, 112906734]}, "geometry": {"type": "LineString", "coordinates": [[-82.424892, 34.936627], [-82.42506, 34.936656], [-82.425274, 34.936684], [-82.42548, 34.936696], [-82.425571, 34.93669], [-82.425721, 34.936662], [-82.425867, 34.936614], [-82.425947, 34.936579], [-82.426051, 34.936509], [-82.426166, 34.93641], [-82.426231, 34.936334], [-82.426278, 34.936261], [-82.42632, 34.936175], [-82.426347, 34.936092], [-82.426364, 34.936008], [-82.426374, 34.935912], [-82.426381, 34.935309], [-82.426378, 34.935212], [-82.426368, 34.935146], [-82.426335, 34.935044], [-82.426294, 34.934961], [-82.426241, 34.934883], [-82.426139, 34.934784], [-82.426043, 34.93472], [-82.42593, 34.934658], [-82.42585, 34.934626], [-82.425751, 34.934602], [-82.425455, 34.934547], [-82.425299, 34.934527]]}}, {"type": "Feature", "id": "w12408529", "properties": {"highway": "residential", "name": "McKinney Road", "surface": "asphalt", "walkable": true, "on_campus": false, "nodes": [112925486, 112925488, 112925491, 112925494, 112925497, 112925501]}, "geometry": {"type": "LineString", "coordinates": [[-82.422325, 34.917102], [-82.422403, 34.917031], [-82.423447, 34.916251], [-82.423552, 34.916174], [-82.423581, 34.91616], [-82.423634, 34.916153]]}}, {"type": "Feature", "id": "w12410349", "properties": {"highway": "residential", "name": "Amberly Court", "surface": "asphalt", "walkable": true, "on_campus": false, "nodes": [112963549, 112963552, 112963556]}, "geometry": {"type": "LineString", "coordinates": [[-82.452015, 34.924391], [-82.452114, 34.924607], [-82.4521682, 34.9247019]]}}, {"type": "Feature", "id": "w12410722", "properties": {"highway": "residential", "name": "Hawkins Creek Court", "surface": "asphalt", "walkable": true, "on_campus": false, "nodes": [112971237, 112971240, 7011669734, 112971246, 3106283077, 112971248, 112971250, 7116355161, 112971254]}, "geometry": {"type": "LineString", "coordinates": [[-82.429665, 34.929545], [-82.429554, 34.929555], [-82.4292164, 34.929561], [-82.428824, 34.929568], [-82.4282522, 34.9295844], [-82.428021, 34.929591], [-82.427799, 34.929597], [-82.4264557, 34.9296103], [-82.4263981, 34.9296066]]}}, {"type": "Feature", "id": "w12410840", "properties": {"highway": "residential", "name": "Mauldin Circle", "surface": "asphalt", "walkable": true, "on_campus": false, "nodes": [112974014, 112974015, 112974017, 112974019, 112974022, 112974025, 112974028, 112974031, 112974034, 112974037, 112974041, 112974044, 112974048, 112974052, 112974055, 112974058, 112974060, 112974066, 112974073, 112974075, 112974077, 112974078, 112974082, 112974085]}, "geometry": {"type": "LineString", "coordinates": [[-82.421881, 34.916914], [-82.421447, 34.917739], [-82.421379, 34.917852], [-82.421317, 34.91794], [-82.421197, 34.918077], [-82.421058, 34.918208], [-82.421033, 34.918225], [-82.420998, 34.918241], [-82.420951, 34.918252], [-82.420913, 34.918255], [-82.420864, 34.918252], [-82.420827, 34.918244], [-82.420736, 34.918206], [-82.420673, 34.91817], [-82.420367, 34.917961], [-82.420309, 34.917908], [-82.420262, 34.917846], [-82.420244, 34.917812], [-82.42023, 34.917756], [-82.420229, 34.917704], [-82.420239, 34.917647], [-82.420253, 34.917605], [-82.420308, 34.917497], [-82.420921, 34.916486]]}}, {"type": "Feature", "id": "w12412442", "properties": {"highway": "residential", "name": "South Warwick Road", "surface": "asphalt", "walkable": true, "on_campus": false, "nodes": [112992432, 112992434, 112992436, 112992439, 8134385487, 8134385486, 9075964095, 7113864864, 112992442, 112992446, 112992449, 112992452, 8312184794, 112992455, 112992458, 112992462, 112992465, 112992469, 112992474, 112992475, 112992480, 112992498, 8133407465, 112992503, 8959054261, 112742503, 112992507, 112992510, 112992516, 112992518, 112992523, 112992526, 112992528, 112992534, 112992538, 112992542, 112992545, 112992548, 112992550, 112992552, 112992555, 112992556, 112992558, 112992563, 112992571, 112992574, 112992578, 112992586, 112992591, 112992593, 112875664]}, "geometry": {"type": "LineString", "coordinates": [[-82.458539, 34.934983], [-82.458399, 34.934981], [-82.458211, 34.934968], [-82.457898, 34.934964], [-82.4578467, 34.9349646], [-82.4578032, 34.9349652], [-82.457671, 34.9349668], [-82.457578, 34.9349679], [-82.45741, 34.93497], [-82.457254, 34.934977], [-82.457104, 34.93499], [-82.456973, 34.935009], [-82.4567271, 34.9350583], [-82.456514, 34.935101], [-82.456245, 34.935143], [-82.456071, 34.935156], [-82.455971, 34.935153], [-82.455879, 34.935151], [-82.455723, 34.935134], [-82.455571, 34.935108], [-82.455283, 34.935051], [-82.45501, 34.934988], [-82.4549204, 34.9349625], [-82.454838, 34.934939], [-82.4541393, 34.9347166], [-82.45404, 34.934685], [-82.453565, 34.93458], [-82.4533, 34.934539], [-82.453016, 34.934522], [-82.45273, 34.93453], [-82.4526, 34.934543], [-82.452473, 34.934565], [-82.452353, 34.934593], [-82.452225, 34.934633], [-82.452093, 34.934681], [-82.451966, 34.934734], [-82.451887, 34.93478], [-82.45182, 34.934831], [-82.451745, 34.934902], [-82.451676, 34.93498], [-82.451601, 34.935078], [-82.451529, 34.935192], [-82.45148, 34.935306], [-82.451442, 34.93542], [-82.451414, 34.935534], [-82.451402, 34.935628], [-82.451398, 34.935733], [-82.451404, 34.935839], [-82.451446, 34.936075], [-82.451577, 34.9365], [-82.451665, 34.936723]]}}, {"type": "Feature", "id": "w12413061", "properties": {"highway": "tertiary", "name": "Duncan Chapel Road", "surface": "asphalt", "walkable": true, "on_campus": true, "nodes": [112802386, 112995952, 112995954, 112995957, 112995960, 112995964, 112995967, 5463343336, 112995970, 5463338086, 112709183, 11158100557, 112995974, 112995977, 112995979, 112995981, 112995983, 112995985, 112741409, 112995987, 112995990, 112995993, 112995996, 112996000, 112741526, 112996002, 112996004, 112996005, 112996007, 112996011, 434652809, 112708847, 112996016, 112996017, 112996020, 112996024, 112996028, 112682981, 112996032, 112996034, 7543890853, 112996036, 12335066559, 112996038, 12333732256, 112996041, 12333732239, 112996045, 736992136, 112996048, 112996051, 112996054, 112996057, 112996060, 112996062, 112655227, 112996064, 112996067, 3224348251, 112996070, 112765791, 112996075, 112996078, 736992616]}, "geometry": {"type": "LineString", "coordinates": [[-82.452894, 34.928938], [-82.45269, 34.928739], [-82.452436, 34.928444], [-82.452352, 34.928243], [-82.4521, 34.927542], [-82.451907, 34.927069], [-82.451755, 34.926736], [-82.4513942, 34.9259944], [-82.450813, 34.9248], [-82.4501731, 34.9234911], [-82.449796, 34.922728], [-82.4497112, 34.9225528], [-82.449403, 34.921916], [-82.449279, 34.921673], [-82.44918, 34.921496], [-82.449094, 34.921363], [-82.448998, 34.921235], [-82.448892, 34.921112], [-82.448723, 34.920937], [-82.448459, 34.920734], [-82.44821, 34.92057], [-82.448059, 34.920484], [-82.447921, 34.920413], [-82.447774, 34.920344], [-82.44762, 34.920282], [-82.447504, 34.920239], [-82.447239, 34.920167], [-82.447146, 34.920147], [-82.447132, 34.920144], [-82.446535, 34.92005], [-82.4459682, 34.9199744], [-82.445815, 34.919954], [-82.4456807, 34.9199354], [-82.44518, 34.919864], [-82.444977, 34.919822], [-82.44483, 34.919779], [-82.444673, 34.919722], [-82.44446, 34.919618], [-82.444195, 34.919417], [-82.444059, 34.919289], [-82.4439419, 34.9191613], [-82.443882, 34.919096], [-82.4434242, 34.9185601], [-82.443372, 34.918499], [-82.4432017, 34.9183124], [-82.443173, 34.918281], [-82.4430565, 34.91816], [-82.442993, 34.918094], [-82.4428772, 34.9179845], [-82.442789, 34.917898], [-82.442617, 34.917745], [-82.442386, 34.917547], [-82.442164, 34.917379], [-82.441829, 34.917148], [-82.441501, 34.916944], [-82.4412602, 34.9167971], [-82.441139, 34.916737], [-82.440741, 34.916547], [-82.4405177, 34.9164502], [-82.440448, 34.91642], [-82.44025, 34.916343], [-82.439781, 34.916173], [-82.439192, 34.915977], [-82.4388115, 34.9158526]]}}, {"type": "Feature", "id": "w12413067", "properties": {"highway": "tertiary", "name": "Duncan Chapel Road", "surface": "asphalt", "walkable": true, "on_campus": false, "nodes": [112995954, 112996148, 112996141, 112996134, 112802378]}, "geometry": {"type": "LineString", "coordinates": [[-82.452436, 34.928444], [-82.452495, 34.928763], [-82.452504, 34.928863], [-82.452499, 34.929008], [-82.4524614, 34.9294693]]}}, {"type": "Feature", "id": "w12413286", "properties": {"highway": "residential", "name": "Crestview Drive", "surface": "asphalt", "walkable": true, "on_campus": false, "nodes": [112997491, 112997494, 112997497, 112997501, 112997503, 112997504, 112997505, 112997508, 112997510, 112997512]}, "geometry": {"type": "LineString", "coordinates": [[-82.429424, 34.918428], [-82.429521, 34.918412], [-82.430125, 34.918343], [-82.430445, 34.9183], [-82.4306, 34.91829], [-82.430748, 34.918293], [-82.430854, 34.918312], [-82.43097, 34.918352], [-82.431207, 34.918487], [-82.431433, 34.918628]]}}, {"type": "Feature", "id": "w12415442", "properties": {"highway": "residential", "name": "Quail Trail", "surface": "asphalt", "walkable": true, "on_campus": false, "nodes": [112925491, 113009554, 113009557, 113009559, 113009562, 113009565, 113009567, 113009568, 113009570, 113009574, 113009577, 113009581, 113009585, 113009588, 113009592]}, "geometry": {"type": "LineString", "coordinates": [[-82.423447, 34.916251], [-82.422969, 34.915815], [-82.422788, 34.915672], [-82.422754, 34.91565], [-82.422688, 34.91562], [-82.422627, 34.915603], [-82.422588, 34.915597], [-82.422549, 34.915596], [-82.422484, 34.915602], [-82.422412, 34.915621], [-82.422343, 34.91565], [-82.422182, 34.915743], [-82.421992, 34.915869], [-82.421474, 34.916234], [-82.421009, 34.916547]]}}, {"type": "Feature", "id": "w12420263", "properties": {"highway": "tertiary", "name": "Old Buncombe Road", "surface": "asphalt", "walkable": true, "on_campus": false, "nodes": [10930806122, 7013678624, 113031866, 113031868, 113031871, 113031874, 7130411235, 113031877, 7016427234, 113031879, 113031880, 113031881, 113031884, 112742996, 113031887, 113031888, 113031890, 113031891, 113031894, 113031897, 113031902, 7281644879, 7013412659, 7132967920, 7132967916, 7013412663, 112971237, 7161724981, 113031904, 7011669731, 113031906, 113031908, 113031911, 113031914, 7933792485, 113031916, 113031917, 113031919, 7933792502, 7933792499, 6465051783, 112773050, 7320869362, 8133179616, 3556456272, 112997491, 7113859619, 113031921, 7113859639, 7113859646, 5040156951, 113031923, 112693017, 1319615206]}, "geometry": {"type": "LineString", "coordinates": [[-82.433378, 34.9378597], [-82.4329265, 34.9374135], [-82.432304, 34.936788], [-82.432134, 34.936626], [-82.431527, 34.936015], [-82.431127, 34.935623], [-82.4308186, 34.9353152], [-82.430202, 34.9347], [-82.4301808, 34.9346779], [-82.429971, 34.934459], [-82.429866, 34.934336], [-82.429753, 34.93419], [-82.429657, 34.934049], [-82.429555, 34.933883], [-82.429436, 34.933626], [-82.429355, 34.933407], [-82.429292, 34.933175], [-82.429249, 34.93294], [-82.429226, 34.932714], [-82.429227, 34.932512], [-82.429241, 34.93233], [-82.4292885, 34.932018], [-82.4293103, 34.931875], [-82.429347, 34.9316335], [-82.4294241, 34.931127], [-82.4294553, 34.9309221], [-82.429665, 34.929545], [-82.4297584, 34.9289438], [-82.430009, 34.92733], [-82.4301312, 34.9265399], [-82.430359, 34.925066], [-82.430388, 34.924783], [-82.43039, 34.92476], [-82.430395, 34.924544], [-82.4303829, 34.9243405], [-82.430381, 34.924309], [-82.430353, 34.92409], [-82.43029, 34.923721], [-82.4301957, 34.9231431], [-82.4301804, 34.9230491], [-82.4299707, 34.9217639], [-82.429667, 34.919902], [-82.4296325, 34.9196926], [-82.4295387, 34.9191236], [-82.4294372, 34.9185079], [-82.429424, 34.918428], [-82.4294149, 34.9183733], [-82.429167, 34.916878], [-82.4291231, 34.9166048], [-82.4290674, 34.9162588], [-82.4290602, 34.916214], [-82.428974, 34.915678], [-82.4289421, 34.9155121], [-82.4288931, 34.9152406]]}}, {"type": "Feature", "id": "w12420829", "properties": {"highway": "residential", "name": "Valley Oak Drive", "surface": "asphalt", "walkable": true, "on_campus": false, "nodes": [113035083, 113035086, 113035089, 113035092, 113035094, 113035096, 8489123083, 113035098, 113035102, 113035105, 113035108, 113035111, 8489123078, 113035114, 113035117, 113035119, 113035120, 113035121, 113035122, 113035124, 113035126, 113035128, 113035129, 113035130, 113035134, 113035136, 113035138, 113035141, 113035144, 113035148, 113035151, 113035153, 113035155, 113035157, 113035162, 113035164, 113035166, 113035169, 113035172, 113035174, 113035178, 113035180, 113035182, 113035184, 112889673, 113035186, 113035188, 113035191, 113035194, 8959612439, 113035197, 113035199, 113035201, 113035203, 7111638558, 7111638565, 7111638566, 113035206]}, "geometry": {"type": "LineString", "coordinates": [[-82.455302, 34.947223], [-82.455418, 34.947142], [-82.455812, 34.946886], [-82.456272, 34.946576], [-82.456486, 34.94644], [-82.456762, 34.946273], [-82.4572791, 34.9459375], [-82.457323, 34.945909], [-82.457414, 34.945835], [-82.457496, 34.945754], [-82.457582, 34.945649], [-82.457664, 34.945517], [-82.4576755, 34.9454931], [-82.458056, 34.944706], [-82.458092, 34.944592], [-82.458114, 34.944465], [-82.458116, 34.944347], [-82.458102, 34.944229], [-82.45807, 34.944096], [-82.458017, 34.943957], [-82.457932, 34.943839], [-82.457852, 34.943741], [-82.457786, 34.943675], [-82.457694, 34.943598], [-82.457604, 34.943536], [-82.457508, 34.943479], [-82.457205, 34.943328], [-82.457086, 34.94326], [-82.456945, 34.943162], [-82.456801, 34.943037], [-82.456669, 34.94289], [-82.456566, 34.94274], [-82.456492, 34.942589], [-82.456438, 34.942422], [-82.456404, 34.942221], [-82.456401, 34.942114], [-82.456407, 34.942018], [-82.456425, 34.941908], [-82.456452, 34.941796], [-82.456486, 34.941698], [-82.456525, 34.941611], [-82.456635, 34.941433], [-82.456775, 34.941263], [-82.457092, 34.940966], [-82.457199, 34.940879], [-82.457459, 34.940615], [-82.457503, 34.940553], [-82.457542, 34.940477], [-82.457573, 34.940388], [-82.4575873, 34.9403099], [-82.45759, 34.940295], [-82.457587, 34.940189], [-82.457569, 34.940094], [-82.457532, 34.939992], [-82.4574374, 34.9397867], [-82.4573738, 34.9396487], [-82.4572787, 34.9394423], [-82.456152, 34.936997]]}}, {"type": "Feature", "id": "w12425642", "properties": {"highway": "trunk_link", "surface": "asphalt", "walkable": false, "on_campus": false, "nodes": [113060969, 11952020774, 113060971, 113060973, 113060975, 13352295246, 113060977, 13352295245, 113060978, 13352295244, 113060979]}, "geometry": {"type": "LineString", "coordinates": [[-82.4291327, 34.91292], [-82.4289836, 34.9128964], [-82.4286624, 34.9128456], [-82.4282649, 34.9128118], [-82.4278959, 34.912781], [-82.4275965, 34.9127459], [-82.4272976, 34.9126767], [-82.4271424, 34.9126056], [-82.4269599, 34.9124858], [-82.4267865, 34.9123212], [-82.4264085, 34.9118514]]}}, {"type": "Feature", "id": "w12428797", "properties": {"highway": "residential", "name": "Little Creek Drive", "surface": "asphalt", "walkable": true, "on_campus": false, "nodes": [113080606, 113080608]}, "geometry": {"type": "LineString", "coordinates": [[-82.42444, 34.92512], [-82.423742, 34.926066]]}}, {"type": "Feature", "id": "w12430064", "properties": {"highway": "residential", "name": "Hester Road", "surface": "asphalt", "walkable": true, "on_campus": false, "nodes": [113080608, 113091856, 113091857, 113091858, 113091859, 113091860, 113091862]}, "geometry": {"type": "LineString", "coordinates": [[-82.423742, 34.926066], [-82.423557, 34.925994], [-82.423363, 34.925904], [-82.422364, 34.925364], [-82.422178, 34.925252], [-82.422056, 34.925171], [-82.421645, 34.924863]]}}, {"type": "Feature", "id": "w12432067", "properties": {"highway": "residential", "name": "Patrol Club Road", "surface": "asphalt", "walkable": true, "on_campus": false, "nodes": [113114772, 113114773, 113114775, 113114777, 113114780, 113114783, 113114786, 113114791, 113114794, 113114797, 113114801, 113114802, 113114805, 113114806, 113114807, 113114808, 7883345855, 113114811, 113114813, 113114815, 113114817, 113114820, 113114823, 113114825, 8960924313, 113114828, 8960933822, 113114832, 113114835, 7150316229, 113114838, 113114845, 112743219, 7951351472, 7951351463, 113114850, 9076511763, 113114851, 113114853, 113114857, 112792012, 113114860, 113114863, 113114866, 113114869, 113114873, 113114876, 113114878, 113114881, 113114883, 113114885, 113114887, 113114891, 113114893, 113034303]}, "geometry": {"type": "LineString", "coordinates": [[-82.424661, 34.919936], [-82.42448, 34.920135], [-82.424397, 34.92025], [-82.424312, 34.920412], [-82.424104, 34.92084], [-82.423889, 34.921211], [-82.423842, 34.921324], [-82.423812, 34.921441], [-82.423797, 34.92156], [-82.423794, 34.921702], [-82.423775, 34.921807], [-82.423755, 34.921869], [-82.423727, 34.921929], [-82.423694, 34.921986], [-82.423618, 34.922081], [-82.423562, 34.922133], [-82.4232305, 34.9224079], [-82.423076, 34.922536], [-82.422797, 34.92278], [-82.422615, 34.922945], [-82.422116, 34.923422], [-82.422019, 34.923497], [-82.421915, 34.923565], [-82.421575, 34.923733], [-82.4215647, 34.9237376], [-82.421292, 34.92386], [-82.4211147, 34.9239468], [-82.420865, 34.924069], [-82.420514, 34.924249], [-82.4199327, 34.9245592], [-82.419815, 34.924622], [-82.419603, 34.924746], [-82.419391, 34.924882], [-82.4192289, 34.9249838], [-82.4191569, 34.925029], [-82.418735, 34.925294], [-82.4182936, 34.9255575], [-82.418271, 34.925571], [-82.417518, 34.926051], [-82.417075, 34.926322], [-82.416957, 34.926395], [-82.416179, 34.926844], [-82.416112, 34.926899], [-82.416037, 34.926988], [-82.416024, 34.927011], [-82.416006, 34.92706], [-82.415997, 34.927099], [-82.415987, 34.927195], [-82.415982, 34.92734], [-82.415989, 34.927466], [-82.41601, 34.927576], [-82.416049, 34.927678], [-82.416108, 34.927801], [-82.416275, 34.928113], [-82.416389, 34.928418]]}}, {"type": "Feature", "id": "w12434019", "properties": {"highway": "residential", "name": "Turtle Dove Court", "surface": "asphalt", "walkable": true, "on_campus": false, "nodes": [113139046, 113139049, 113139052, 113139056]}, "geometry": {"type": "LineString", "coordinates": [[-82.453854, 34.924416], [-82.454002, 34.92437], [-82.45419, 34.924335], [-82.454818, 34.924278]]}}, {"type": "Feature", "id": "w12434072", "properties": {"highway": "residential", "name": "Kingsbury Way", "surface": "asphalt", "walkable": true, "on_campus": false, "nodes": [112765772, 113140210, 113140213, 12418434540, 113140217, 12418434472, 113140223, 12418434506, 113140224, 12418434560, 113140227, 12418434574, 12418434586, 12418434607, 12418434618, 112801776, 12418434642, 113140230, 12418434657, 12418434668, 113140234, 12418434676, 12418434684, 12418434695, 12418434707, 12418434715, 12418434723, 12418434735, 12418434745, 12418434755, 12418434798, 12418434777, 113140237, 12418434785, 12418434793, 12418434794, 112962337]}, "geometry": {"type": "LineString", "coordinates": [[-82.442368, 34.914414], [-82.44227, 34.914358], [-82.442139, 34.914275], [-82.442113, 34.914255], [-82.442065, 34.914218], [-82.4420321, 34.9141861], [-82.441995, 34.91415], [-82.4419204, 34.9140586], [-82.441915, 34.914052], [-82.4418528, 34.9139543], [-82.441686, 34.913692], [-82.4416708, 34.9136682], [-82.4415566, 34.9134887], [-82.4414489, 34.9133195], [-82.4412924, 34.9130736], [-82.441129, 34.912817], [-82.4410046, 34.9126252], [-82.440996, 34.912612], [-82.4408664, 34.9124427], [-82.44077, 34.9123169], [-82.440695, 34.912219], [-82.4406338, 34.9121461], [-82.4404854, 34.9119692], [-82.4403367, 34.9117921], [-82.4401751, 34.9115996], [-82.4400405, 34.9114392], [-82.4398714, 34.9112377], [-82.4397199, 34.9110572], [-82.4395792, 34.9108896], [-82.4394194, 34.9106993], [-82.4392562, 34.9105048], [-82.4391384, 34.9103644], [-82.439039, 34.910246], [-82.438986, 34.9101918], [-82.4389896, 34.9101648], [-82.4389786, 34.9101365], [-82.438963, 34.9101192]]}}, {"type": "Feature", "id": "w12434096", "properties": {"highway": "residential", "name": "Bald Rock Drive", "surface": "asphalt", "walkable": true, "on_campus": false, "nodes": [113140478, 113140482, 113140486, 113140490, 113140493, 113140496, 113140500, 113140502, 113140503, 113140504, 113140507, 113140511, 113140514, 113140516, 113140518, 113140521, 113140524, 113140530, 113140531, 113140532, 113140534, 113140536, 113140538, 113140542, 113140545, 113140549, 113140552, 113140555, 113140559, 113140563, 113140565, 113140567, 113140569, 113140572]}, "geometry": {"type": "LineString", "coordinates": [[-82.423776, 34.937221], [-82.423676, 34.937267], [-82.423234, 34.937444], [-82.422929, 34.937582], [-82.422863, 34.937615], [-82.422818, 34.937644], [-82.4228, 34.937668], [-82.422798, 34.937693], [-82.422806, 34.937716], [-82.422884, 34.937807], [-82.422934, 34.937876], [-82.423095, 34.938147], [-82.423526, 34.938783], [-82.423563, 34.938856], [-82.423583, 34.938924], [-82.423586, 34.938978], [-82.423577, 34.939027], [-82.423549, 34.93911], [-82.423502, 34.939203], [-82.423464, 34.939252], [-82.423362, 34.93934], [-82.423331, 34.939386], [-82.423307, 34.939435], [-82.423293, 34.939483], [-82.423284, 34.939535], [-82.42329, 34.939628], [-82.4233, 34.939657], [-82.423315, 34.939681], [-82.423357, 34.939722], [-82.423392, 34.939739], [-82.423456, 34.939757], [-82.423491, 34.939763], [-82.423546, 34.939763], [-82.423643, 34.939743]]}}, {"type": "Feature", "id": "w12434741", "properties": {"highway": "residential", "name": "Hawkins Creek Road", "surface": "asphalt", "walkable": true, "on_campus": false, "nodes": [112971250, 113150822, 113150826, 113150832, 113150836, 113150838, 113150840, 7116355156, 113150845, 7070953455, 7070953454, 113150848, 113150853, 113150859, 113150863, 113150864, 8959139485, 113150866, 113150867, 113150868, 113150870, 113150873]}, "geometry": {"type": "LineString", "coordinates": [[-82.427799, 34.929597], [-82.427703, 34.92943], [-82.427671, 34.92936], [-82.427647, 34.929288], [-82.42762, 34.929144], [-82.42761, 34.928956], [-82.427617, 34.928827], [-82.4276238, 34.9287774], [-82.427634, 34.928702], [-82.427685, 34.9284556], [-82.4276875, 34.9284435], [-82.427818, 34.927813], [-82.427868, 34.927684], [-82.427926, 34.927567], [-82.42801, 34.927432], [-82.428095, 34.927322], [-82.4281285, 34.9272859], [-82.428249, 34.927156], [-82.42837, 34.927037], [-82.428487, 34.926935], [-82.428622, 34.926839], [-82.428712, 34.926765]]}}, {"type": "Feature", "id": "w12435469", "properties": {"highway": "residential", "name": "Regent Drive", "surface": "asphalt", "walkable": true, "on_campus": false, "nodes": [113052819, 113161866, 113161868, 12401615805, 113161870, 12401615810, 113161872, 12401615799, 113161875, 12401615774, 12401615789, 113161876, 113161879, 113161883, 113161885, 113161887, 12401615783, 113161890, 113161893, 113161895, 113161898, 12401613397, 12401615749, 12401613383, 113161899, 12401613361, 12401613374, 113161903, 112849739]}, "geometry": {"type": "LineString", "coordinates": [[-82.440557, 34.934808], [-82.440496, 34.934879], [-82.439923, 34.935427], [-82.4398489, 34.9355014], [-82.43968, 34.935671], [-82.4395713, 34.9357815], [-82.439382, 34.935944], [-82.4392048, 34.9361133], [-82.439067, 34.936245], [-82.4390354, 34.9362704], [-82.4389942, 34.9363035], [-82.438965, 34.936327], [-82.43886, 34.936402], [-82.438746, 34.936464], [-82.438678, 34.936493], [-82.43863, 34.936508], [-82.4386227, 34.9365097], [-82.438511, 34.936535], [-82.438357, 34.936546], [-82.438197, 34.936525], [-82.438102, 34.936501], [-82.4377665, 34.9363807], [-82.4376645, 34.9363441], [-82.4376226, 34.9363291], [-82.437536, 34.936298], [-82.4374095, 34.9362484], [-82.4370577, 34.9361103], [-82.436746, 34.935988], [-82.436652, 34.935955]]}}, {"type": "Feature", "id": "w12435603", "properties": {"highway": "residential", "name": "Traynham Boulevard", "surface": "asphalt", "walkable": true, "on_campus": false, "nodes": [113164069, 113164072, 113164075, 113164077, 113164080, 113164083, 113164086, 112778413, 113140478, 113164088]}, "geometry": {"type": "LineString", "coordinates": [[-82.421793, 34.933752], [-82.421838, 34.933882], [-82.421894, 34.934002], [-82.42241, 34.934879], [-82.422526, 34.935076], [-82.423035, 34.935956], [-82.423128, 34.936126], [-82.423169, 34.936188], [-82.423776, 34.937221], [-82.424035, 34.937672]]}}, {"type": "Feature", "id": "w12436792", "properties": {"highway": "residential", "name": "Choice Hill Road", "surface": "asphalt", "walkable": true, "on_campus": false, "nodes": [113183344, 113183348, 113183352, 113183354, 113183357, 113183360, 113183364, 113183369, 113183371, 113183373, 113183377, 113183380, 113183384, 113183388, 113183390, 113183393, 113183396, 113183404, 113183405]}, "geometry": {"type": "LineString", "coordinates": [[-82.427133, 34.917559], [-82.427026, 34.917415], [-82.426825, 34.917112], [-82.426745, 34.916998], [-82.426686, 34.916932], [-82.426637, 34.916893], [-82.426592, 34.916871], [-82.426544, 34.916854], [-82.426493, 34.916845], [-82.426418, 34.916839], [-82.426272, 34.916843], [-82.42545, 34.916897], [-82.424992, 34.916937], [-82.424774, 34.916971], [-82.424613, 34.917016], [-82.424503, 34.917077], [-82.424406, 34.917139], [-82.423869, 34.917535], [-82.423486, 34.917842]]}}, {"type": "Feature", "id": "w12437085", "properties": {"highway": "residential", "name": "North Rockview Drive", "surface": "asphalt", "walkable": true, "on_campus": false, "nodes": [113031868, 113188165, 112901338, 113188167, 113188168, 113188172, 113188176, 113188179, 113188182, 113188184, 113188190, 113188195, 113188197, 113037841]}, "geometry": {"type": "LineString", "coordinates": [[-82.432134, 34.936626], [-82.432037, 34.936691], [-82.431617, 34.936941], [-82.43124, 34.937166], [-82.430675, 34.937487], [-82.429896, 34.937941], [-82.429355, 34.938257], [-82.429112, 34.93841], [-82.428813, 34.938579], [-82.428733, 34.938615], [-82.428681, 34.938628], [-82.428648, 34.938632], [-82.428615, 34.93863], [-82.4285802, 34.9386248]]}}, {"type": "Feature", "id": "w12437220", "properties": {"highway": "residential", "name": "Gatehouse Drive", "surface": "asphalt", "walkable": true, "on_campus": false, "nodes": [113190090, 113190093, 113190096, 113190100, 113139046, 113190104, 113190109, 113190112, 113190114, 113190117, 113190120, 113190121, 113190124]}, "geometry": {"type": "LineString", "coordinates": [[-82.453391, 34.923588], [-82.453594, 34.92392], [-82.453797, 34.924268], [-82.453817, 34.924312], [-82.453854, 34.924416], [-82.453908, 34.924573], [-82.453946, 34.92472], [-82.453969, 34.924859], [-82.4539763, 34.9249131], [-82.4539809, 34.9249796], [-82.4540015, 34.9250549], [-82.4540261, 34.9250974], [-82.4540638, 34.9251312]]}}, {"type": "Feature", "id": "w12437512", "properties": {"highway": "residential", "name": "Exeter Way", "surface": "asphalt", "walkable": true, "on_campus": false, "nodes": [113339984, 113377388, 113377391, 7011313236, 113377393, 113377395, 113194904, 113194901, 113194898, 113194894, 113049671]}, "geometry": {"type": "LineString", "coordinates": [[-82.447889, 34.937385], [-82.447878, 34.937296], [-82.447869, 34.937107], [-82.4478548, 34.9369212], [-82.447829, 34.936829], [-82.447768, 34.936647], [-82.447737, 34.936567], [-82.44765, 34.936422], [-82.447539, 34.936273], [-82.447419, 34.93614], [-82.447226, 34.93595]]}}, {"type": "Feature", "id": "w12437793", "properties": {"highway": "residential", "name": "Engel Drive", "surface": "asphalt", "walkable": true, "on_campus": false, "nodes": [113198745, 113198748, 12335091506, 113198750, 113198753, 113198755, 12335091496, 113198759, 113198762, 12335091491, 12335091473, 12335091476, 113198765, 113198769, 113198772, 7134849244, 113198776, 113198779, 113198782, 113198787, 113198792, 12335091451, 12335091441, 113198794, 113198796, 113198799, 12335091431, 113198802, 12335066558, 12335091417, 113198804, 12335066600, 113198808, 113198810, 12335066591, 12335066581, 113198815, 12335066568, 113198816, 112996038]}, "geometry": {"type": "LineString", "coordinates": [[-82.445538, 34.912799], [-82.445598, 34.91298], [-82.4458229, 34.9140741], [-82.445844, 34.914177], [-82.445872, 34.914365], [-82.445915, 34.914527], [-82.445959, 34.9146383], [-82.446009, 34.914765], [-82.44604, 34.914899], [-82.4460634, 34.9150307], [-82.4461424, 34.9154753], [-82.4461586, 34.9155666], [-82.446166, 34.915608], [-82.446168, 34.91571], [-82.446161, 34.915766], [-82.4461543, 34.9157936], [-82.446151, 34.915807], [-82.446114, 34.91591], [-82.446077, 34.91599], [-82.446018, 34.916087], [-82.445963, 34.916159], [-82.4456288, 34.9165103], [-82.4455641, 34.9165782], [-82.445512, 34.916633], [-82.445341, 34.916796], [-82.445242, 34.916901], [-82.4452233, 34.9169232], [-82.445158, 34.917001], [-82.4450513, 34.9171416], [-82.4450349, 34.9171632], [-82.444903, 34.917337], [-82.4448332, 34.9174128], [-82.44481, 34.917438], [-82.44471, 34.917529], [-82.4445438, 34.9176617], [-82.4444444, 34.917741], [-82.444378, 34.917794], [-82.44403, 34.9180548], [-82.443919, 34.918138], [-82.443372, 34.918499]]}}, {"type": "Feature", "id": "w12438147", "properties": {"highway": "residential", "name": "Stone Shield Court", "surface": "asphalt", "walkable": true, "on_campus": false, "nodes": [113204556, 113204558, 112906712]}, "geometry": {"type": "LineString", "coordinates": [[-82.426372, 34.934589], [-82.426197, 34.934732], [-82.426139, 34.934784]]}}, {"type": "Feature", "id": "w12439616", "properties": {"highway": "residential", "name": "Viewmont Drive", "surface": "asphalt", "walkable": true, "on_campus": false, "nodes": [113031921, 8962652552, 113218219, 113218221, 113218223, 7113859625, 113183344, 113218224, 113218226, 113218228, 113218231, 113218234, 113218236, 113218239, 113218242, 113218244, 113218246, 113218248, 113218250, 113218253, 113218257, 113218260, 113218262, 113218264, 8137209607, 113218266, 113218269, 113218272, 7104233709, 113218274, 113218277, 113218280, 7104233704, 113218283, 113218286, 113218289, 113218293, 113218296, 113218298, 113218300, 113218303, 113218305, 113218307, 113218308, 113218311, 113218313, 113218316, 113218319, 6987368097, 113218322, 113218324, 113218326, 113218328, 113218330, 113218332, 113218333, 113218336, 7312171499, 6870956212, 8137106578, 113218339, 113218341, 113218343, 7104233694, 113218345, 113218347, 113218350, 113218352, 113218355, 6865896179, 113218358, 113218361, 113218364, 113218367, 113218370, 113218375, 7983922802, 113218379]}, "geometry": {"type": "LineString", "coordinates": [[-82.429167, 34.916878], [-82.429072, 34.9169065], [-82.428037, 34.917217], [-82.427701, 34.917329], [-82.427375, 34.917453], [-82.4271521, 34.9175506], [-82.427133, 34.917559], [-82.426503, 34.917851], [-82.426236, 34.917965], [-82.424715, 34.918547], [-82.424323, 34.918704], [-82.423622, 34.91898], [-82.42347, 34.919021], [-82.42309, 34.919102], [-82.42298, 34.919132], [-82.422877, 34.919169], [-82.422781, 34.919212], [-82.422712, 34.919251], [-82.422634, 34.919307], [-82.422563, 34.919369], [-82.422488, 34.919426], [-82.422339, 34.919517], [-82.422235, 34.919565], [-82.422109, 34.919611], [-82.4220715, 34.9196205], [-82.422038, 34.919629], [-82.421987, 34.919636], [-82.421895, 34.919637], [-82.4218831, 34.9196353], [-82.421831, 34.919628], [-82.421757, 34.919606], [-82.4217, 34.919579], [-82.4215459, 34.9194825], [-82.421408, 34.919396], [-82.420804, 34.918981], [-82.420698, 34.918899], [-82.420646, 34.918868], [-82.420569, 34.918836], [-82.420482, 34.918817], [-82.4204, 34.918814], [-82.420323, 34.918825], [-82.420251, 34.918849], [-82.420217, 34.918864], [-82.420146, 34.91891], [-82.42012, 34.918933], [-82.420047, 34.919014], [-82.419973, 34.919119], [-82.419889, 34.919264], [-82.4198537, 34.9193359], [-82.419811, 34.919423], [-82.419739, 34.919597], [-82.419697, 34.919671], [-82.419658, 34.919717], [-82.419572, 34.919789], [-82.419525, 34.919817], [-82.419459, 34.919849], [-82.419371, 34.919881], [-82.4188273, 34.9200604], [-82.4185462, 34.9201532], [-82.4184673, 34.9201792], [-82.418271, 34.920244], [-82.418105, 34.920292], [-82.417999, 34.920313], [-82.4179385, 34.9203178], [-82.417898, 34.920321], [-82.417802, 34.92032], [-82.417638, 34.920307], [-82.417343, 34.92027], [-82.417214, 34.920246], [-82.4171318, 34.9202267], [-82.417065, 34.920211], [-82.416798, 34.92012], [-82.416497, 34.919997], [-82.416122, 34.919878], [-82.415784, 34.919772], [-82.415625, 34.919717], [-82.4155821, 34.9196994], [-82.415498, 34.919665]]}}, {"type": "Feature", "id": "w12443003", "properties": {"highway": "residential", "name": "Honeysuckle Drive", "surface": "asphalt", "walkable": true, "on_campus": false, "nodes": [113237559, 113237562, 113237564, 7933768174, 113237566, 8134142424, 8134130114, 113237568, 113237569, 113237570, 113237571, 113237572, 113237573, 113237575, 113237576, 113237578, 113237580, 113237582, 113237585, 113237587, 113237589, 113080606]}, "geometry": {"type": "LineString", "coordinates": [[-82.429133, 34.923078], [-82.428938, 34.923087], [-82.428739, 34.923086], [-82.4279772, 34.9230692], [-82.427873, 34.923059], [-82.4278659, 34.9230587], [-82.4275341, 34.9230433], [-82.427162, 34.923026], [-82.426788, 34.923019], [-82.426651, 34.923028], [-82.426522, 34.92305], [-82.426398, 34.923084], [-82.42629, 34.923125], [-82.4262, 34.923169], [-82.426102, 34.923225], [-82.425914, 34.923361], [-82.425711, 34.923538], [-82.425481, 34.923765], [-82.425257, 34.924022], [-82.424993, 34.924354], [-82.424507, 34.925035], [-82.42444, 34.92512]]}}, {"type": "Feature", "id": "w12443008", "properties": {"highway": "residential", "name": "Honeysuckle Drive", "surface": "asphalt", "walkable": true, "on_campus": false, "nodes": [113080606, 113237598, 113237600, 113237602, 113237605, 113237610, 113114825]}, "geometry": {"type": "LineString", "coordinates": [[-82.42444, 34.92512], [-82.4243, 34.92507], [-82.423527, 34.924708], [-82.42248, 34.924186], [-82.422135, 34.924023], [-82.421715, 34.923811], [-82.421575, 34.923733]]}}, {"type": "Feature", "id": "w12443818", "properties": {"highway": "residential", "name": "Canvasback Trail", "surface": "asphalt", "walkable": true, "on_campus": false, "nodes": [112996081, 113245724, 113245726, 112962258, 113245729, 113245732, 113245735, 112768045]}, "geometry": {"type": "LineString", "coordinates": [[-82.436989, 34.915256], [-82.437409, 34.91432], [-82.43744, 34.914263], [-82.437537, 34.914127], [-82.437628, 34.914042], [-82.437712, 34.913982], [-82.438824, 34.913302], [-82.43892, 34.913237]]}}, {"type": "Feature", "id": "w12444490", "properties": {"highway": "residential", "name": "Club View Drive", "surface": "asphalt", "walkable": true, "on_campus": false, "nodes": [112743023, 113250101, 113250104, 113250107, 113250109, 113250112, 113250114, 113164069, 113250118, 113250121, 113250124, 113250129, 113250132, 113250134, 1129748498, 7013473721, 113250138, 113250141, 113250144, 113250147, 113250150, 113250154, 113250157, 113250160, 113250163, 113250166, 113250169, 113250172, 113250175, 113250178, 113250181, 113250184, 113250188, 113250191, 113250196, 8136459834, 113250198, 113250200, 113250202, 113250205, 113250208, 113250211, 113250214, 113250217, 113250220, 113250223, 113034444]}, "geometry": {"type": "LineString", "coordinates": [[-82.423525, 34.933551], [-82.422556, 34.933526], [-82.422472, 34.933528], [-82.422396, 34.933535], [-82.422295, 34.933554], [-82.42208, 34.933622], [-82.421946, 34.933676], [-82.421793, 34.933752], [-82.421625, 34.933834], [-82.421589, 34.933855], [-82.421306, 34.934054], [-82.421217, 34.93413], [-82.420717, 34.934626], [-82.420371, 34.934998], [-82.4203117, 34.935054], [-82.4201292, 34.9352283], [-82.4200029, 34.9353496], [-82.419843, 34.935515], [-82.4197815, 34.9355976], [-82.419691, 34.935741], [-82.419552, 34.936046], [-82.419539, 34.93609], [-82.4194724, 34.936246], [-82.419265, 34.936689], [-82.419214, 34.936769], [-82.419152, 34.936838], [-82.419025, 34.936931], [-82.418856, 34.937026], [-82.418752, 34.937066], [-82.418703, 34.937079], [-82.41864, 34.937088], [-82.418562, 34.937091], [-82.418478, 34.937087], [-82.418317, 34.937068], [-82.418196, 34.937043], [-82.4180585, 34.9370051], [-82.417379, 34.936818], [-82.417281, 34.936794], [-82.417194, 34.936779], [-82.417031, 34.936766], [-82.416878, 34.936766], [-82.416743, 34.936777], [-82.416596, 34.936799], [-82.41646, 34.936832], [-82.416279, 34.936897], [-82.416136, 34.936961], [-82.416031, 34.937023]]}}, {"type": "Feature", "id": "w12444969", "properties": {"highway": "residential", "name": "Understone Drive", "surface": "asphalt", "walkable": true, "on_campus": false, "nodes": [113252855, 113252858, 113252860, 113252864, 113252866, 113252868, 112906635, 113252871, 112906734, 113252874, 113252877, 113252880, 112743010]}, "geometry": {"type": "LineString", "coordinates": [[-82.425079, 34.937153], [-82.425026, 34.937121], [-82.424929, 34.93704], [-82.424915, 34.937012], [-82.424899, 34.936947], [-82.424883, 34.936819], [-82.424892, 34.936627], [-82.424913, 34.936502], [-82.425299, 34.934527], [-82.425328, 34.934382], [-82.425364, 34.934091], [-82.425375, 34.933816], [-82.425389, 34.933637]]}}, {"type": "Feature", "id": "w12445236", "properties": {"highway": "residential", "name": "Eaton Way", "surface": "asphalt", "walkable": true, "on_campus": false, "nodes": [113254460, 113254465, 113254470, 113254472, 113254475, 113049673]}, "geometry": {"type": "LineString", "coordinates": [[-82.45153, 34.93302], [-82.451428, 34.932949], [-82.451132, 34.9327], [-82.450838, 34.932485], [-82.450638, 34.932353], [-82.450307, 34.932145]]}}, {"type": "Feature", "id": "w12446689", "properties": {"highway": "residential", "name": "Dorsett Court", "surface": "asphalt", "walkable": true, "on_campus": false, "nodes": [113263102, 113263104, 9075847741, 113263106, 113263110, 113263113, 113263116, 113263119, 113263122, 113263125, 113263128, 113263130, 113263133, 112906658]}, "geometry": {"type": "LineString", "coordinates": [[-82.426056, 34.937407], [-82.426099, 34.937389], [-82.4261154, 34.9373789], [-82.426153, 34.937356], [-82.426216, 34.937284], [-82.426235, 34.937256], [-82.426256, 34.937206], [-82.426278, 34.937094], [-82.42628, 34.937031], [-82.426265, 34.936906], [-82.426244, 34.93683], [-82.426222, 34.936771], [-82.42616, 34.936664], [-82.426051, 34.936509]]}}, {"type": "Feature", "id": "w12447416", "properties": {"highway": "trunk", "name": "Poinsett Highway", "ref": "US 276", "walkable": false, "on_campus": false, "nodes": [113060979, 113267001, 113267004, 113267007, 113267010, 113267013, 113267016]}, "geometry": {"type": "LineString", "coordinates": [[-82.4264085, 34.9118514], [-82.4267091, 34.9126801], [-82.426802, 34.912858], [-82.426892, 34.91303], [-82.427062, 34.913319], [-82.427249, 34.91359], [-82.427469, 34.91387]]}}, {"type": "Feature", "id": "w12447449", "properties": {"highway": "trunk", "name": "Poinsett Highway", "ref": "US 276", "surface": "asphalt", "walkable": false, "on_campus": false, "nodes": [112862846, 113267215, 113267217, 113267219, 113267220, 113267222, 449221735, 113267225, 113267228, 113267231, 113267234, 113267237, 113267238, 113267240, 113267242, 113267244, 113267245, 113267247, 113267250, 113267254, 113267257, 113031635, 113267258]}, "geometry": {"type": "LineString", "coordinates": [[-82.4393576, 34.9496866], [-82.439132, 34.948915], [-82.438974, 34.948462], [-82.438872, 34.948213], [-82.438727, 34.947925], [-82.438524, 34.947562], [-82.4383418, 34.9472792], [-82.438204, 34.947039], [-82.438148, 34.946927], [-82.438005, 34.946693], [-82.437614, 34.946052], [-82.437224, 34.945411], [-82.436654, 34.944476], [-82.436456, 34.944125], [-82.436305, 34.94382], [-82.436131, 34.943435], [-82.436007, 34.943134], [-82.435744, 34.942282], [-82.435577, 34.941715], [-82.434839, 34.939218], [-82.434627, 34.938664], [-82.434471, 34.938097], [-82.4342728, 34.9373881]]}}, {"type": "Feature", "id": "w12448564", "properties": {"highway": "residential", "name": "Crestview Drive", "surface": "asphalt", "walkable": true, "on_campus": false, "nodes": [112773056, 113274095, 113274098, 113274100, 113274103, 113274107, 113274110, 113274112, 113274115, 112997512]}, "geometry": {"type": "LineString", "coordinates": [[-82.431225, 34.919721], [-82.431181, 34.919489], [-82.431138, 34.919166], [-82.431136, 34.919093], [-82.431145, 34.919026], [-82.431176, 34.918931], [-82.431225, 34.918848], [-82.431279, 34.918784], [-82.431393, 34.918677], [-82.431433, 34.918628]]}}, {"type": "Feature", "id": "w12448584", "properties": {"highway": "residential", "name": "Crestview Drive", "surface": "asphalt", "walkable": true, "on_campus": false, "nodes": [112997512, 113274124, 113274127, 113274131, 113274134, 113274136, 113274139, 113274141, 113274143, 113274145, 113274147, 113274150, 113274152, 113274154, 113274159, 113274161, 113274163, 113274167, 113274169, 113274172, 113274175, 113274178, 113274180, 113274182, 113274187, 113274190, 113274192, 113274194, 113274196, 113274199, 113274202, 112698744, 113274205, 113274206, 113274207, 113274208, 113274210, 113274212, 113274214, 113274217, 112773056]}, "geometry": {"type": "LineString", "coordinates": [[-82.431433, 34.918628], [-82.431842, 34.918877], [-82.432036, 34.919012], [-82.432089, 34.919055], [-82.432139, 34.919104], [-82.432182, 34.919157], [-82.432219, 34.919213], [-82.43225, 34.919271], [-82.432274, 34.919332], [-82.432516, 34.920218], [-82.432542, 34.920298], [-82.432609, 34.920441], [-82.432663, 34.920525], [-82.432738, 34.920624], [-82.432765, 34.920672], [-82.432786, 34.920722], [-82.432801, 34.920774], [-82.432808, 34.920817], [-82.432821, 34.92099], [-82.43281, 34.921061], [-82.432781, 34.921123], [-82.432743, 34.92117], [-82.432514, 34.921378], [-82.431585, 34.922259], [-82.431486, 34.922337], [-82.431433, 34.922365], [-82.431394, 34.922378], [-82.431364, 34.92238], [-82.431335, 34.922375], [-82.431303, 34.922359], [-82.43128, 34.922335], [-82.43127, 34.922309], [-82.431269, 34.922282], [-82.431375, 34.922014], [-82.431392, 34.921953], [-82.4314, 34.921898], [-82.431379, 34.920755], [-82.431363, 34.920542], [-82.431336, 34.92033], [-82.43125, 34.91983], [-82.431225, 34.919721]]}}, {"type": "Feature", "id": "w12450979", "properties": {"highway": "residential", "name": "Queensbury Drive", "surface": "asphalt", "walkable": true, "on_campus": false, "nodes": [112996078, 113288771, 12418434316, 12473216112, 113288773, 113288775, 113288776, 113288778, 12418434332, 7954231540, 12418434342, 12418434364, 12473216147, 12418434374, 12473216155, 113288780, 12473216165, 12418434418, 12473216173, 12418434433, 113288782, 12418434503, 113288784, 12473216185, 113288786, 113140227]}, "geometry": {"type": "LineString", "coordinates": [[-82.439192, 34.915977], [-82.439266, 34.915821], [-82.4392784, 34.9157984], [-82.4394113, 34.9155565], [-82.439439, 34.915506], [-82.439505, 34.915413], [-82.439551, 34.915361], [-82.439593, 34.915321], [-82.4397654, 34.9151832], [-82.4398227, 34.9151374], [-82.4400255, 34.9149803], [-82.4402687, 34.9147919], [-82.4403282, 34.9147458], [-82.4405151, 34.9146011], [-82.4405638, 34.9145634], [-82.440643, 34.914502], [-82.4408132, 34.9143663], [-82.4408669, 34.9143235], [-82.4410562, 34.9141726], [-82.4411183, 34.9141231], [-82.44123, 34.914034], [-82.4414229, 34.9138858], [-82.441519, 34.913812], [-82.4415277, 34.9138063], [-82.441582, 34.913771], [-82.441686, 34.913692]]}}, {"type": "Feature", "id": "w12453736", "properties": {"highway": "residential", "name": "Old Parker Road", "surface": "asphalt", "walkable": true, "on_campus": false, "nodes": [113031919, 113304810, 113304813, 113304817, 113237559, 6465051779, 113304820, 113304823, 113304828, 7138174386, 113304830, 113304832, 113304834, 7138169983, 113304836, 113304839, 113304842, 6957154456, 113304846, 113304851, 113304854, 113304857, 113304860, 113304862, 113114772, 113304865, 113304867, 7958647376, 113304869, 113304871, 113218231, 113304873, 113304875, 113304877, 113183405, 113304879, 113304882, 113304884, 112925486, 113304888, 112974014, 113304890, 113304894, 113009592, 112974085, 113304897, 113304900, 113304903, 113304906, 113304908, 113304910, 113304912, 113304915, 113304918, 112790506, 113304921, 113304924, 113304926, 112790587, 113304928, 113304930, 113304932, 113304934, 113304937, 113304939, 113304941, 7237816021, 113304943, 113304946, 113304948, 113304951, 7011702762, 113304954, 113304957, 113304960, 113304964, 112648328, 113304967, 113304969, 113304972, 113304975, 113304978, 113304981, 113304984, 113304986, 113304987, 3213093158, 113222449]}, "geometry": {"type": "LineString", "coordinates": [[-82.43029, 34.923721], [-82.430189, 34.923734], [-82.430152, 34.92373], [-82.430089, 34.923706], [-82.429133, 34.923078], [-82.4287797, 34.9228597], [-82.428173, 34.92249], [-82.428002, 34.922395], [-82.426887, 34.92185], [-82.4264781, 34.9216593], [-82.426338, 34.921594], [-82.426022, 34.921469], [-82.425638, 34.921327], [-82.425514, 34.9212795], [-82.425249, 34.921178], [-82.425207, 34.921157], [-82.425114, 34.921099], [-82.4250912, 34.9210805], [-82.425025, 34.921027], [-82.424983, 34.920986], [-82.424938, 34.920933], [-82.424879, 34.920849], [-82.424829, 34.920744], [-82.424772, 34.920556], [-82.424661, 34.919936], [-82.424635, 34.919766], [-82.424498, 34.919101], [-82.424478, 34.9190415], [-82.424456, 34.918976], [-82.424385, 34.918816], [-82.424323, 34.918704], [-82.424154, 34.918509], [-82.42385, 34.918187], [-82.423647, 34.917986], [-82.423486, 34.917842], [-82.423231, 34.917635], [-82.422956, 34.917441], [-82.422756, 34.91732], [-82.422325, 34.917102], [-82.422246, 34.917063], [-82.421881, 34.916914], [-82.42122, 34.916664], [-82.421116, 34.916614], [-82.421009, 34.916547], [-82.420921, 34.916486], [-82.420711, 34.916296], [-82.420618, 34.916192], [-82.420568, 34.916119], [-82.420526, 34.916042], [-82.420496, 34.915974], [-82.420479, 34.915916], [-82.42047, 34.91586], [-82.420469, 34.915808], [-82.42048, 34.915714], [-82.420632, 34.915195], [-82.420689, 34.91498], [-82.42074, 34.914839], [-82.421059, 34.914163], [-82.421112, 34.914041], [-82.421169, 34.913868], [-82.421187, 34.913796], [-82.4212, 34.91369], [-82.421196, 34.913587], [-82.421178, 34.913486], [-82.421157, 34.913411], [-82.421132, 34.913325], [-82.4211069, 34.9132603], [-82.420996, 34.912974], [-82.420889, 34.912778], [-82.420744, 34.912563], [-82.420571, 34.912339], [-82.4204112, 34.9121617], [-82.420315, 34.912055], [-82.420123, 34.911828], [-82.420074, 34.911755], [-82.420028, 34.911676], [-82.419987, 34.911588], [-82.419949, 34.911478], [-82.419909, 34.911326], [-82.419744, 34.910581], [-82.41959, 34.909965], [-82.419562, 34.909807], [-82.419559, 34.909647], [-82.419578, 34.909533], [-82.419614, 34.909427], [-82.419713, 34.909217], [-82.4197646, 34.909078], [-82.419798, 34.908988]]}}, {"type": "Feature", "id": "w12454336", "properties": {"highway": "residential", "name": "Fairhope Lane", "surface": "asphalt", "walkable": true, "on_campus": false, "nodes": [112709860, 113308300, 113308303, 113308306, 113308309, 113308312, 113308315, 113308320, 113308322, 113308325]}, "geometry": {"type": "LineString", "coordinates": [[-82.451089, 34.912548], [-82.45156, 34.912321], [-82.451657, 34.912259], [-82.451726, 34.912197], [-82.451774, 34.912135], [-82.452572, 34.910882], [-82.452604, 34.910842], [-82.452681, 34.910775], [-82.452731, 34.910748], [-82.452785, 34.910734]]}}, {"type": "Feature", "id": "w12454528", "properties": {"highway": "residential", "name": "Pace Street", "surface": "asphalt", "walkable": true, "on_campus": false, "nodes": [113183390, 113309381, 113309383, 113309385, 112925501]}, "geometry": {"type": "LineString", "coordinates": [[-82.424613, 34.917016], [-82.424228, 34.916654], [-82.423709, 34.916183], [-82.423678, 34.916163], [-82.423634, 34.916153]]}}, {"type": "Feature", "id": "w12455103", "properties": {"highway": "residential", "name": "Windjammer Lane", "surface": "asphalt", "walkable": true, "on_campus": false, "nodes": [112963549, 113312548, 113312550, 113312553, 113312556, 113312559]}, "geometry": {"type": "LineString", "coordinates": [[-82.452015, 34.924391], [-82.451871, 34.924104], [-82.451851, 34.924071], [-82.45182, 34.924039], [-82.451775, 34.924004], [-82.451715, 34.923977]]}}, {"type": "Feature", "id": "w12455792", "properties": {"highway": "residential", "name": "Stella Avenue", "surface": "asphalt", "walkable": true, "on_campus": false, "nodes": [113188172, 113316949, 113316950, 112895120, 113316952, 113316955]}, "geometry": {"type": "LineString", "coordinates": [[-82.429896, 34.937941], [-82.42986, 34.937833], [-82.429654, 34.936914], [-82.429637, 34.936852], [-82.429566, 34.936517], [-82.429468, 34.936119]]}}, {"type": "Feature", "id": "w12456731", "properties": {"highway": "residential", "name": "Grouse Ridge Way", "surface": "asphalt", "walkable": true, "on_campus": false, "nodes": [112801773, 113322312, 113322314, 113322315, 113322317, 113322319, 113322322, 113322325, 113322327, 112962310]}, "geometry": {"type": "LineString", "coordinates": [[-82.440375, 34.913401], [-82.438905, 34.91165], [-82.438816, 34.911554], [-82.438742, 34.911492], [-82.438663, 34.911435], [-82.438577, 34.911385], [-82.438486, 34.911342], [-82.438414, 34.911315], [-82.438126, 34.911233], [-82.437984, 34.9112]]}}, {"type": "Feature", "id": "w12458515", "properties": {"highway": "tertiary", "name": "Watkins Bridge Road", "surface": "asphalt", "walkable": true, "on_campus": false, "nodes": [10817341409, 113337401, 113337403, 113337405, 113337406, 2362309184, 113198745, 113337407, 113337408, 12397231446, 12397231454, 113337409, 12397231470, 12397231484, 112732316, 113337411, 12397237809, 12397237817, 7013893184, 12397237833, 7130764800, 113337414, 12397237852, 12397237875, 113337417, 12397237891, 113337420, 12397237904, 12397237913, 12397237927, 8475468243, 12397237945, 12397237957, 113337422, 113337423, 112655227]}, "geometry": {"type": "LineString", "coordinates": [[-82.4481732, 34.9110454], [-82.448091, 34.911103], [-82.447766, 34.911316], [-82.4475131, 34.9114843], [-82.447198, 34.911691], [-82.4464769, 34.9121723], [-82.445538, 34.912799], [-82.445279, 34.912981], [-82.44506, 34.913162], [-82.44483, 34.9133799], [-82.4447317, 34.913473], [-82.444548, 34.913647], [-82.4444807, 34.9137168], [-82.4443841, 34.9138169], [-82.44406, 34.914153], [-82.443961, 34.91425], [-82.4438292, 34.914396], [-82.4438196, 34.9144067], [-82.443809, 34.9144184], [-82.4435743, 34.9146785], [-82.4435222, 34.9147363], [-82.443323, 34.914957], [-82.4432963, 34.9149836], [-82.4430619, 34.9152174], [-82.44298, 34.915299], [-82.4427799, 34.9154767], [-82.442525, 34.915703], [-82.4424514, 34.9157648], [-82.4422944, 34.9158968], [-82.4420445, 34.9161069], [-82.4419746, 34.9161656], [-82.4417395, 34.9163632], [-82.4414509, 34.9166058], [-82.44139, 34.916657], [-82.441317, 34.916731], [-82.4412602, 34.9167971]]}}, {"type": "Feature", "id": "w12458712", "properties": {"highway": "tertiary", "name": "Roe Ford Road", "surface": "asphalt", "walkable": true, "on_campus": false, "nodes": [10234761314, 113053309, 10234761294, 113339846, 7958521534, 113339848, 113339851, 113339853, 113339857, 113339860, 113339862, 113339865, 113339868, 113339871, 113339874, 113339876, 113339879, 113339882, 113339884, 113339886, 113339888, 113339890, 113339892, 1129748486, 112876654, 8414436987, 6992353522, 113339895, 113339897, 113339902, 113339905, 113339908, 113339912, 113339915, 113239659, 113339918, 7011681018, 113339921, 113339924, 113339927, 113339930, 113339932, 113339934, 7011681001, 113035206, 113339936, 113339938, 3109914164, 8133407435, 113339941, 8133407448, 113339944, 113339947, 8192150749, 113339951, 7013952054, 113339953, 113339956, 113339958, 113339960, 113339962, 113339964, 113339966, 112875664, 8192150814, 113339967, 8963717681, 113339968, 8963717674, 113339969, 113339970, 8192150777, 113339971, 113339972, 113339974, 113339976, 113339978, 113339980, 113339982, 113339984, 113339985, 113339987, 113339989, 113339993, 113339996, 113049669, 113339998, 113052676, 113339999, 113340002, 1129748265, 113340003, 113340004, 1129749077, 112708807, 13965865945, 3385437947, 113340011, 12401640700, 113340012, 12401615720, 113340015, 113340019, 113340021, 113031834, 113340023, 113031635]}, "geometry": {"type": "LineString", "coordinates": [[-82.4650672, 34.9407473], [-82.465035, 34.940471], [-82.4648763, 34.9390491], [-82.464717, 34.937622], [-82.4647007, 34.9375182], [-82.464677, 34.937367], [-82.464617, 34.937135], [-82.464571, 34.937012], [-82.464524, 34.936912], [-82.464465, 34.936805], [-82.464397, 34.936701], [-82.464321, 34.936601], [-82.464238, 34.936505], [-82.464128, 34.936399], [-82.463999, 34.936293], [-82.463858, 34.936197], [-82.463708, 34.936111], [-82.463538, 34.93603], [-82.46336, 34.935962], [-82.463213, 34.935917], [-82.463049, 34.93588], [-82.46283, 34.935851], [-82.462478, 34.93584], [-82.4614235, 34.9358439], [-82.460682, 34.935845], [-82.4604372, 34.935845], [-82.4604133, 34.935845], [-82.460203, 34.935845], [-82.460032, 34.93585], [-82.459785, 34.935871], [-82.459573, 34.935907], [-82.459351, 34.935962], [-82.459146, 34.936032], [-82.458927, 34.936129], [-82.458706, 34.93625], [-82.458269, 34.936502], [-82.4580645, 34.9366107], [-82.457985, 34.936653], [-82.457725, 34.936766], [-82.457447, 34.93686], [-82.457139, 34.936938], [-82.456874, 34.936982], [-82.456603, 34.937003], [-82.4564159, 34.9370005], [-82.456152, 34.936997], [-82.455729, 34.936954], [-82.455447, 34.93691], [-82.4552581, 34.936874], [-82.4551574, 34.9368548], [-82.454954, 34.936816], [-82.4546194, 34.9367446], [-82.45381, 34.936572], [-82.453506, 34.936524], [-82.453387, 34.9365129], [-82.453248, 34.9365], [-82.4531211, 34.9364954], [-82.453055, 34.936493], [-82.452874, 34.936494], [-82.452666, 34.936504], [-82.452471, 34.936525], [-82.452318, 34.936553], [-82.452117, 34.936598], [-82.451833, 34.936672], [-82.451665, 34.936723], [-82.4505972, 34.9370514], [-82.450202, 34.937173], [-82.4500911, 34.9372061], [-82.449753, 34.937307], [-82.4496559, 34.9373326], [-82.44948, 34.937379], [-82.44924, 34.937427], [-82.4491344, 34.9374408], [-82.449072, 34.937449], [-82.448916, 34.937462], [-82.448753, 34.937467], [-82.4485995, 34.9374659], [-82.4484411, 34.9374615], [-82.448283, 34.9374476], [-82.447996, 34.93741], [-82.447889, 34.937385], [-82.447739, 34.937351], [-82.447604, 34.937313], [-82.447352, 34.937228], [-82.447097, 34.937125], [-82.446677, 34.936931], [-82.446486, 34.936855], [-82.446173, 34.936723], [-82.446094, 34.936695], [-82.445692, 34.936613], [-82.445453, 34.936592], [-82.445356, 34.9365916], [-82.445196, 34.936591], [-82.444944, 34.936612], [-82.442469, 34.9369624], [-82.442232, 34.936996], [-82.4421471, 34.937008], [-82.4387958, 34.9374817], [-82.43781, 34.937621], [-82.4367882, 34.9377651], [-82.436293, 34.937835], [-82.4356791, 34.9379254], [-82.435471, 34.937956], [-82.435148, 34.937999], [-82.43486, 34.9380284], [-82.434649, 34.938052], [-82.434617, 34.938057], [-82.434471, 34.938097]]}}, {"type": "Feature", "id": "w12458784", "properties": {"highway": "residential", "name": "Mizzenmast Court", "surface": "asphalt", "walkable": true, "on_campus": false, "nodes": [113139046, 113340914, 113340915, 113340917, 113340920]}, "geometry": {"type": "LineString", "coordinates": [[-82.453854, 34.924416], [-82.453492, 34.924526], [-82.453429, 34.92456], [-82.453371, 34.924617], [-82.453353, 34.924671]]}}, {"type": "Feature", "id": "w12458923", "properties": {"highway": "residential", "name": "Par Drive", "surface": "asphalt", "walkable": true, "on_campus": false, "nodes": [113164080, 113342673, 113342676, 113342678, 113342679, 113342680, 113342682, 113342685, 113342689, 113342691, 113342692, 113342695, 113342698, 113342700, 113342703, 113342706, 113164077, 113342708, 112778377, 113342710, 113342713, 113342716, 113342717, 113342720, 113342722, 112743018]}, "geometry": {"type": "LineString", "coordinates": [[-82.422526, 34.935076], [-82.422413, 34.935126], [-82.422109, 34.935275], [-82.422053, 34.935294], [-82.422021, 34.935296], [-82.42199, 34.935292], [-82.421957, 34.935282], [-82.421928, 34.935266], [-82.421905, 34.935242], [-82.421892, 34.935213], [-82.421888, 34.935181], [-82.421896, 34.93515], [-82.421911, 34.935126], [-82.421956, 34.935082], [-82.42202, 34.935039], [-82.422309, 34.934915], [-82.42241, 34.934879], [-82.423037, 34.934639], [-82.423641, 34.934384], [-82.423737, 34.934316], [-82.423788, 34.934267], [-82.42383, 34.93421], [-82.423877, 34.934122], [-82.423901, 34.934055], [-82.423923, 34.93396], [-82.423967, 34.933583]]}}, {"type": "Feature", "id": "w12459041", "properties": {"highway": "residential", "name": "Zelma Drive", "surface": "asphalt", "walkable": true, "on_campus": true, "nodes": [113198755, 12335091523, 113343946, 12333957326, 113343949, 12333957328, 12335091538, 12333957310, 12335091547, 12333957294, 113343953, 12333957257, 12333957286, 113343955, 12333957248, 12333957277, 12333957240, 12333957238, 12333957268, 12333957224, 12333957124, 12333957220, 113343957, 113343958, 12333957192, 12333957110, 12333732299, 113343961, 8488850934, 113343964, 12333732286, 113343968, 8488850940, 113343971, 12333732280, 12333957133, 113343974, 12333957186, 12333732273, 113343979, 12333732233, 113343981, 112996051]}, "geometry": {"type": "LineString", "coordinates": [[-82.445915, 34.914527], [-82.4457504, 34.9146951], [-82.445726, 34.91472], [-82.4457109, 34.9147368], [-82.445638, 34.914818], [-82.4454949, 34.9149501], [-82.4454566, 34.9149855], [-82.4452397, 34.9151858], [-82.4452288, 34.9151958], [-82.4451967, 34.9152255], [-82.445051, 34.91536], [-82.4448411, 34.9155605], [-82.4448143, 34.9155861], [-82.444716, 34.91568], [-82.444666, 34.9157306], [-82.4446032, 34.9157943], [-82.4445533, 34.9158447], [-82.4444183, 34.9159814], [-82.4443975, 34.9160025], [-82.4443762, 34.9160241], [-82.4442376, 34.9161644], [-82.444224, 34.9161783], [-82.444162, 34.916241], [-82.444097, 34.916314], [-82.444021, 34.9164307], [-82.4439713, 34.916507], [-82.4439441, 34.9165487], [-82.443843, 34.916704], [-82.4438366, 34.9167121], [-82.443758, 34.916813], [-82.4436761, 34.9169063], [-82.443665, 34.916919], [-82.4436514, 34.9169326], [-82.443566, 34.917018], [-82.4434556, 34.9171109], [-82.4433961, 34.917161], [-82.443358, 34.917193], [-82.4431959, 34.9173171], [-82.4431648, 34.9173409], [-82.443021, 34.917451], [-82.442817, 34.9175949], [-82.442709, 34.917671], [-82.442617, 34.917745]]}}, {"type": "Feature", "id": "w12460263", "properties": {"highway": "residential", "name": "South Rockview Drive", "surface": "asphalt", "walkable": true, "on_campus": false, "nodes": [113037883, 113360254, 113316955, 113360257, 112901355, 113031874]}, "geometry": {"type": "LineString", "coordinates": [[-82.428676, 34.936307], [-82.42911, 34.936214], [-82.429468, 34.936119], [-82.429797, 34.936029], [-82.430515, 34.935822], [-82.431127, 34.935623]]}}, {"type": "Feature", "id": "w12460323", "properties": {"highway": "residential", "name": "Marchbanks Drive", "surface": "asphalt", "walkable": true, "on_campus": false, "nodes": [113340021, 12401615742, 113361014, 12401615738, 113361022, 113361033, 12401615725, 113361036, 113361040, 113361043, 8962232167, 113361046, 113361049, 8962232160, 113361052, 113361057, 113361060, 113361061, 113361064, 112849739]}, "geometry": {"type": "LineString", "coordinates": [[-82.43486, 34.9380284], [-82.4348915, 34.9379653], [-82.434995, 34.93787], [-82.4350467, 34.9378417], [-82.435103, 34.937811], [-82.435294, 34.937724], [-82.4353436, 34.9376955], [-82.435407, 34.937659], [-82.435503, 34.937588], [-82.435594, 34.937502], [-82.4356159, 34.9374753], [-82.435698, 34.937375], [-82.435788, 34.937233], [-82.4358734, 34.9370587], [-82.435889, 34.937027], [-82.435996, 34.936779], [-82.43611, 34.936564], [-82.436196, 34.936444], [-82.436257, 34.93637], [-82.436652, 34.935955]]}}, {"type": "Feature", "id": "w12461104", "properties": {"highway": "residential", "name": "Fairwood Drive", "surface": "asphalt", "walkable": true, "on_campus": false, "nodes": [112995970, 113371259, 113371262, 112963549, 113371265, 113371267, 113371269, 112647264, 113371272, 113371275, 113371277, 113190090, 113371280, 113371283, 113371286, 113371289]}, "geometry": {"type": "LineString", "coordinates": [[-82.450813, 34.9248], [-82.45164, 34.924509], [-82.451912, 34.924428], [-82.452015, 34.924391], [-82.452262, 34.924303], [-82.452433, 34.924226], [-82.452604, 34.924126], [-82.452757, 34.924012], [-82.453003, 34.923821], [-82.453158, 34.923713], [-82.453267, 34.923647], [-82.453391, 34.923588], [-82.45354, 34.923546], [-82.453654, 34.923523], [-82.453781, 34.923504], [-82.4547608, 34.9234202]]}}, {"type": "Feature", "id": "w12461121", "properties": {"highway": "service", "walkable": true, "on_campus": false, "nodes": [113031904, 113371363, 113371364, 113371366, 113371368, 113371371, 113371372, 113371374, 113371377, 113371380, 113371384]}, "geometry": {"type": "LineString", "coordinates": [[-82.430009, 34.92733], [-82.43012, 34.92734], [-82.43027, 34.927364], [-82.430674, 34.927462], [-82.430798, 34.927486], [-82.430936, 34.927505], [-82.431993, 34.927598], [-82.432328, 34.927616], [-82.43239, 34.927616], [-82.432473, 34.927606], [-82.432596, 34.927557]]}}, {"type": "Feature", "id": "w12461453", "properties": {"highway": "residential", "name": "Kensington Road", "surface": "asphalt", "walkable": true, "on_campus": false, "nodes": [113194904, 113377139, 113377142, 113377145, 113377146, 113377149, 113377154, 113377157, 113377159, 113377161, 8959032210, 113377162, 8959054229, 113377164, 113377166, 8959032209, 113377168, 113377170, 113377172, 113377173, 113377176, 113254460, 113377179, 113377182, 113377185, 7821704638, 113377188, 113377191, 113377194, 112742477, 113377197, 113377200, 113377203, 113377206, 113377209, 113377212, 7488182169, 113377214, 112742353, 113377217]}, "geometry": {"type": "LineString", "coordinates": [[-82.447737, 34.936567], [-82.448274, 34.936379], [-82.448628, 34.936235], [-82.448913, 34.936106], [-82.449052, 34.936026], [-82.449205, 34.935917], [-82.449342, 34.935809], [-82.449471, 34.935694], [-82.449542, 34.935613], [-82.449609, 34.935526], [-82.4496853, 34.9354105], [-82.449724, 34.935352], [-82.4499912, 34.9348986], [-82.450067, 34.93477], [-82.450262, 34.934389], [-82.4502717, 34.9343827], [-82.450389, 34.934183], [-82.45049, 34.934055], [-82.450624, 34.93391], [-82.450933, 34.933588], [-82.451219, 34.933303], [-82.45153, 34.93302], [-82.451633, 34.93293], [-82.451852, 34.932772], [-82.451991, 34.932682], [-82.4521618, 34.9325805], [-82.452193, 34.932562], [-82.452705, 34.932293], [-82.45284, 34.932233], [-82.45301, 34.93217], [-82.453157, 34.932112], [-82.453327, 34.932059], [-82.453612, 34.931978], [-82.453782, 34.931936], [-82.454091, 34.931883], [-82.454246, 34.931866], [-82.45454, 34.931846], [-82.454555, 34.931845], [-82.4546, 34.9318431], [-82.4549524, 34.9318558]]}}, {"type": "Feature", "id": "w1256561450", "properties": {"highway": "service", "walkable": true, "on_campus": false, "nodes": [11681595980, 11681595996, 11681596000, 11681595998, 11681595981, 11681595982, 11681595997, 11681595999, 11681595995, 11681595983, 11681595984, 11681595980]}, "geometry": {"type": "LineString", "coordinates": [[-82.428758, 34.9133708], [-82.4286408, 34.9133445], [-82.4285325, 34.9133203], [-82.4284295, 34.9132972], [-82.4282684, 34.9132611], [-82.4282109, 34.9134449], [-82.4283674, 34.9134819], [-82.4284714, 34.9135065], [-82.4285775, 34.9135316], [-82.4286481, 34.9135483], [-82.428703, 34.9135309], [-82.428758, 34.9133708]]}}, {"type": "Feature", "id": "w1256561451", "properties": {"highway": "service", "walkable": true, "on_campus": false, "nodes": [11681595981, 11681595985]}, "geometry": {"type": "LineString", "coordinates": [[-82.4282684, 34.9132611], [-82.4283351, 34.9130644]]}}, {"type": "Feature", "id": "w1256561452", "properties": {"highway": "service", "walkable": true, "on_campus": false, "nodes": [11681595986, 11681595987, 11681595988, 11681595989, 11681595990, 11681595991, 11681595992, 11681595993, 11681595994]}, "geometry": {"type": "LineString", "coordinates": [[-82.428886, 34.9136808], [-82.4286674, 34.913643], [-82.428261, 34.9138904], [-82.4282045, 34.9139746], [-82.4282068, 34.9140449], [-82.4282533, 34.9141175], [-82.4283349, 34.914177], [-82.4284108, 34.9142033], [-82.4285873, 34.9142077]]}}, {"type": "Feature", "id": "w1256561453", "properties": {"covered": "yes", "highway": "service", "walkable": true, "on_campus": false, "nodes": [11681596001, 11681596006]}, "geometry": {"type": "LineString", "coordinates": [[-82.4285931, 34.9134864], [-82.4286234, 34.9133952]]}}, {"type": "Feature", "id": "w1256561454", "properties": {"covered": "yes", "highway": "service", "walkable": true, "on_campus": false, "nodes": [11681596003, 11681596004]}, "geometry": {"type": "LineString", "coordinates": [[-82.4283815, 34.9134393], [-82.4284121, 34.9133483]]}}, {"type": "Feature", "id": "w1256561455", "properties": {"covered": "yes", "highway": "service", "walkable": true, "on_campus": false, "nodes": [11681596002, 11681596005]}, "geometry": {"type": "LineString", "coordinates": [[-82.4284862, 34.9134626], [-82.4285156, 34.9133713]]}}, {"type": "Feature", "id": "w1256561456", "properties": {"highway": "service", "walkable": true, "on_campus": false, "nodes": [11681596006, 11681595996]}, "geometry": {"type": "LineString", "coordinates": [[-82.4286234, 34.9133952], [-82.4286408, 34.9133445]]}}, {"type": "Feature", "id": "w1256561457", "properties": {"highway": "service", "walkable": true, "on_campus": false, "nodes": [11681595995, 11681596001]}, "geometry": {"type": "LineString", "coordinates": [[-82.4285775, 34.9135316], [-82.4285931, 34.9134864]]}}, {"type": "Feature", "id": "w1256561458", "properties": {"highway": "service", "walkable": true, "on_campus": false, "nodes": [11681596005, 11681596000]}, "geometry": {"type": "LineString", "coordinates": [[-82.4285156, 34.9133713], [-82.4285325, 34.9133203]]}}, {"type": "Feature", "id": "w1256561459", "properties": {"highway": "service", "walkable": true, "on_campus": false, "nodes": [11681595999, 11681596002]}, "geometry": {"type": "LineString", "coordinates": [[-82.4284714, 34.9135065], [-82.4284862, 34.9134626]]}}, {"type": "Feature", "id": "w1256561460", "properties": {"highway": "service", "walkable": true, "on_campus": false, "nodes": [11681596004, 11681595998]}, "geometry": {"type": "LineString", "coordinates": [[-82.4284121, 34.9133483], [-82.4284295, 34.9132972]]}}, {"type": "Feature", "id": "w1256561461", "properties": {"highway": "service", "walkable": true, "on_campus": false, "nodes": [11681595997, 11681596003]}, "geometry": {"type": "LineString", "coordinates": [[-82.4283674, 34.9134819], [-82.4283815, 34.9134393]]}}, {"type": "Feature", "id": "w1256561462", "properties": {"highway": "service", "walkable": true, "on_campus": false, "nodes": [11681595987, 11681595983]}, "geometry": {"type": "LineString", "coordinates": [[-82.4286674, 34.913643], [-82.4286481, 34.9135483]]}}, {"type": "Feature", "id": "w1256561463", "properties": {"highway": "tertiary", "name": "Old Buncombe Road", "surface": "asphalt", "walkable": true, "on_campus": false, "nodes": [11681596010, 11681596011, 11681596012, 11681596007]}, "geometry": {"type": "LineString", "coordinates": [[-82.4288181, 34.9142362], [-82.4288787, 34.9141766], [-82.4288835, 34.9140421], [-82.428838, 34.9139786]]}}, {"type": "Feature", "id": "w1256561464", "properties": {"highway": "tertiary", "name": "Old Buncombe Road", "surface": "asphalt", "walkable": true, "on_campus": false, "nodes": [11681596007, 11681596008, 11681596009, 11681596010]}, "geometry": {"type": "LineString", "coordinates": [[-82.428838, 34.9139786], [-82.4287769, 34.9140319], [-82.428767, 34.9141666], [-82.4288181, 34.9142362]]}}, {"type": "Feature", "id": "w1256561465", "properties": {"highway": "tertiary", "name": "Old Buncombe Road", "surface": "asphalt", "walkable": true, "on_campus": false, "nodes": [458612470, 11681596010]}, "geometry": {"type": "LineString", "coordinates": [[-82.4288151, 34.9143428], [-82.4288181, 34.9142362]]}}, {"type": "Feature", "id": "w1256561466", "properties": {"highway": "trunk_link", "surface": "asphalt", "walkable": false, "on_campus": false, "nodes": [112702703, 112702704, 11681596013, 11681596014, 11681596015]}, "geometry": {"type": "LineString", "coordinates": [[-82.4291473, 34.9145909], [-82.4290501, 34.9144532], [-82.4289476, 34.9143872], [-82.4288773, 34.9143812], [-82.428809, 34.914419]]}}, {"type": "Feature", "id": "w1256561467", "properties": {"highway": "trunk_link", "surface": "asphalt", "walkable": false, "on_campus": false, "nodes": [112702690, 112702695, 112702697]}, "geometry": {"type": "LineString", "coordinates": [[-82.430786, 34.915961], [-82.430533, 34.91569], [-82.430307, 34.915468]]}}, {"type": "Feature", "id": "w1256561468", "properties": {"highway": "trunk_link", "surface": "asphalt", "walkable": false, "on_campus": false, "nodes": [112702704, 11681596016, 11681596011]}, "geometry": {"type": "LineString", "coordinates": [[-82.4290501, 34.9144532], [-82.4289347, 34.9142883], [-82.4288787, 34.9141766]]}}, {"type": "Feature", "id": "w1256561469", "properties": {"highway": "trunk_link", "surface": "asphalt", "walkable": false, "on_campus": false, "nodes": [458612464, 11681596017, 11681596018, 11681596019, 112702703]}, "geometry": {"type": "LineString", "coordinates": [[-82.4288194, 34.9146269], [-82.4288771, 34.9145431], [-82.4289439, 34.9145156], [-82.4290303, 34.9145334], [-82.4291473, 34.9145909]]}}, {"type": "Feature", "id": "w1256561470", "properties": {"highway": "service", "walkable": true, "on_campus": false, "nodes": [11681596008, 11681596020, 11681595994]}, "geometry": {"type": "LineString", "coordinates": [[-82.4287769, 34.9140319], [-82.428704, 34.9141399], [-82.4285873, 34.9142077]]}}, {"type": "Feature", "id": "w1256561471", "properties": {"highway": "service", "walkable": true, "on_campus": false, "nodes": [11681595994, 458612470]}, "geometry": {"type": "LineString", "coordinates": [[-82.4285873, 34.9142077], [-82.4288151, 34.9143428]]}}, {"type": "Feature", "id": "w1288923873", "properties": {"highway": "footway", "walkable": true, "on_campus": false, "nodes": [11952020757, 11952020759, 11952020760]}, "geometry": {"type": "LineString", "coordinates": [[-82.4296378, 34.9116914], [-82.4295638, 34.9119485], [-82.4293928, 34.9124835]]}}, {"type": "Feature", "id": "w1288923874", "properties": {"highway": "footway", "walkable": true, "on_campus": false, "nodes": [11952020761, 11952020763, 11952020762]}, "geometry": {"type": "LineString", "coordinates": [[-82.4293598, 34.9128445], [-82.4293324, 34.9128561], [-82.4293022, 34.9128689]]}}, {"type": "Feature", "id": "w1288923875", "properties": {"highway": "footway", "walkable": true, "on_campus": false, "nodes": [11952020764, 11952020766, 11952020765]}, "geometry": {"type": "LineString", "coordinates": [[-82.4290781, 34.9128431], [-82.4291524, 34.9128586], [-82.4292302, 34.9128748]]}}, {"type": "Feature", "id": "w1288923876", "properties": {"highway": "footway", "walkable": true, "on_campus": false, "nodes": [11952020768, 11952020770, 11952020769]}, "geometry": {"type": "LineString", "coordinates": [[-82.4292338, 34.9130047], [-82.4291071, 34.9129872], [-82.4290304, 34.9129767]]}}, {"type": "Feature", "id": "w1288923877", "properties": {"highway": "footway", "walkable": true, "on_campus": false, "nodes": [11952020772, 11952020774, 11952020773]}, "geometry": {"type": "LineString", "coordinates": [[-82.4289926, 34.9129338], [-82.4289836, 34.9128964], [-82.4289755, 34.912863]]}}, {"type": "Feature", "id": "w1312357350", "properties": {"highway": "footway", "walkable": true, "on_campus": false, "nodes": [12147148115, 12147148116, 12147148117, 12147148118, 12147148119, 12147148120, 12147148121, 12147148122, 12147148123, 12147148124, 12147148125, 12147148126, 12147148127]}, "geometry": {"type": "LineString", "coordinates": [[-82.430576, 34.9127537], [-82.4306874, 34.9127842], [-82.4310815, 34.9129013], [-82.4311397, 34.9129057], [-82.4312032, 34.9128883], [-82.4312561, 34.9128558], [-82.4312852, 34.9128059], [-82.4313143, 34.9127516], [-82.4314651, 34.9126171], [-82.4315048, 34.9125933], [-82.4315541, 34.9125948], [-82.4317578, 34.91263], [-82.43184, 34.9126817]]}}, {"type": "Feature", "id": "w1333146864", "properties": {"highway": "service", "walkable": true, "on_campus": false, "nodes": [12333732232, 12333732233]}, "geometry": {"type": "LineString", "coordinates": [[-82.4430212, 34.9177953], [-82.442817, 34.9175949]]}}, {"type": "Feature", "id": "w1333146866", "properties": {"highway": "service", "walkable": true, "on_campus": true, "nodes": [12333732238, 12333732240, 12333732239]}, "geometry": {"type": "LineString", "coordinates": [[-82.4431909, 34.9180428], [-82.4431095, 34.9180947], [-82.4430565, 34.91816]]}}, {"type": "Feature", "id": "w1333146868", "properties": {"highway": "service", "walkable": true, "on_campus": true, "nodes": [12333732255, 12333732256]}, "geometry": {"type": "LineString", "coordinates": [[-82.4433901, 34.9181987], [-82.4432017, 34.9183124]]}}, {"type": "Feature", "id": "w1333146870", "properties": {"highway": "service", "walkable": true, "on_campus": false, "nodes": [113343974, 12333732265, 12333732266, 12333732267, 12333732268, 12333732269, 12333732270, 12333732271, 12333732272, 12333732273]}, "geometry": {"type": "LineString", "coordinates": [[-82.443358, 34.917193], [-82.4434194, 34.9172365], [-82.4434628, 34.9172771], [-82.4434504, 34.9173185], [-82.4433938, 34.9173664], [-82.443346, 34.9173867], [-82.4432956, 34.9173881], [-82.443231, 34.9173773], [-82.4431965, 34.9173642], [-82.4431648, 34.9173409]]}}, {"type": "Feature", "id": "w1333146871", "properties": {"highway": "service", "walkable": true, "on_campus": false, "nodes": [12333732266, 12333732274]}, "geometry": {"type": "LineString", "coordinates": [[-82.4434628, 34.9172771], [-82.4436185, 34.917407]]}}, {"type": "Feature", "id": "w1333146873", "properties": {"highway": "service", "walkable": true, "on_campus": false, "nodes": [12333732279, 12333732280]}, "geometry": {"type": "LineString", "coordinates": [[-82.4436008, 34.9172133], [-82.4434556, 34.9171109]]}}, {"type": "Feature", "id": "w1333146875", "properties": {"highway": "service", "walkable": true, "on_campus": false, "nodes": [12333732285, 12333732286]}, "geometry": {"type": "LineString", "coordinates": [[-82.4438229, 34.9170036], [-82.4436761, 34.9169063]]}}, {"type": "Feature", "id": "w1333146878", "properties": {"highway": "service", "walkable": true, "on_campus": false, "nodes": [12333732299, 12333732300, 12333957101]}, "geometry": {"type": "LineString", "coordinates": [[-82.4439441, 34.9165487], [-82.4441804, 34.9166525], [-82.4442343, 34.916688]]}}, {"type": "Feature", "id": "w1333146880", "properties": {"highway": "service", "walkable": true, "on_campus": false, "nodes": [12333957110, 12333957111, 12333957112]}, "geometry": {"type": "LineString", "coordinates": [[-82.4439713, 34.916507], [-82.4440769, 34.9165545], [-82.4442671, 34.9166452]]}}, {"type": "Feature", "id": "w1333146882", "properties": {"highway": "service", "walkable": true, "on_campus": false, "nodes": [12333957121, 12333957122, 12333957123, 12333957124]}, "geometry": {"type": "LineString", "coordinates": [[-82.4447086, 34.9163209], [-82.4445777, 34.9162476], [-82.4445246, 34.9162244], [-82.4442376, 34.9161644]]}}, {"type": "Feature", "id": "w1333146884", "properties": {"highway": "service", "walkable": true, "on_campus": false, "nodes": [12333957133, 12333957134, 12333957135, 12333957136, 12333957137, 12333957138, 12333957139]}, "geometry": {"type": "LineString", "coordinates": [[-82.4433961, 34.917161], [-82.4432536, 34.9170269], [-82.4431187, 34.9169163], [-82.4430478, 34.9168518], [-82.4430422, 34.9168132], [-82.4430724, 34.9167579], [-82.4431995, 34.9166635]]}}, {"type": "Feature", "id": "w1333146889", "properties": {"highway": "service", "walkable": true, "on_campus": false, "nodes": [12333957174, 12333957110]}, "geometry": {"type": "LineString", "coordinates": [[-82.4437249, 34.9163815], [-82.4439713, 34.916507]]}}, {"type": "Feature", "id": "w1333146891", "properties": {"highway": "service", "walkable": true, "on_campus": false, "nodes": [12333957183, 12333957184, 12333957185, 12333957186]}, "geometry": {"type": "LineString", "coordinates": [[-82.4428821, 34.9170806], [-82.4428864, 34.9171088], [-82.442939, 34.9171554], [-82.4431959, 34.9173171]]}}, {"type": "Feature", "id": "w1333146893", "properties": {"highway": "service", "walkable": true, "on_campus": false, "nodes": [12333957191, 12333957192]}, "geometry": {"type": "LineString", "coordinates": [[-82.4438206, 34.9162695], [-82.444021, 34.9164307]]}}, {"type": "Feature", "id": "w1333146896", "properties": {"highway": "service", "walkable": true, "on_campus": false, "nodes": [12333957220, 12333957221, 12333957222, 12333957223]}, "geometry": {"type": "LineString", "coordinates": [[-82.444224, 34.9161783], [-82.4441282, 34.9161191], [-82.4440305, 34.9160551], [-82.4439384, 34.9159652]]}}, {"type": "Feature", "id": "w1333146897", "properties": {"highway": "service", "walkable": true, "on_campus": false, "nodes": [12333957224, 12333957225]}, "geometry": {"type": "LineString", "coordinates": [[-82.4443762, 34.9160241], [-82.4440238, 34.9157721]]}}, {"type": "Feature", "id": "w1333146899", "properties": {"highway": "service", "walkable": true, "on_campus": false, "nodes": [12333957238, 12333957239]}, "geometry": {"type": "LineString", "coordinates": [[-82.4444183, 34.9159814], [-82.4442634, 34.9158629]]}}, {"type": "Feature", "id": "w1333146900", "properties": {"highway": "service", "walkable": true, "on_campus": false, "nodes": [12333957240, 12333957241, 12333957242]}, "geometry": {"type": "LineString", "coordinates": [[-82.4445533, 34.9158447], [-82.4443683, 34.9156558], [-82.4442527, 34.915581]]}}, {"type": "Feature", "id": "w1333146902", "properties": {"highway": "service", "walkable": true, "on_campus": false, "nodes": [12333957247, 12333957248]}, "geometry": {"type": "LineString", "coordinates": [[-82.4444742, 34.9156152], [-82.444666, 34.9157306]]}}, {"type": "Feature", "id": "w1333146904", "properties": {"highway": "service", "walkable": true, "on_campus": false, "nodes": [12333957257, 12333957258]}, "geometry": {"type": "LineString", "coordinates": [[-82.4448411, 34.9155605], [-82.4445878, 34.9153715]]}}, {"type": "Feature", "id": "w1333146906", "properties": {"highway": "service", "walkable": true, "on_campus": false, "nodes": [12333957267, 12333957268]}, "geometry": {"type": "LineString", "coordinates": [[-82.4446138, 34.9161418], [-82.4443975, 34.9160025]]}}, {"type": "Feature", "id": "w1333146908", "properties": {"highway": "service", "walkable": true, "on_campus": false, "nodes": [12333957277, 12333957278, 12333957279, 12333957280]}, "geometry": {"type": "LineString", "coordinates": [[-82.4446032, 34.9157943], [-82.444684, 34.9158446], [-82.4448027, 34.9159068], [-82.4448802, 34.9159637]]}}, {"type": "Feature", "id": "w1333146910", "properties": {"highway": "service", "walkable": true, "on_campus": false, "nodes": [12333957285, 12333957286]}, "geometry": {"type": "LineString", "coordinates": [[-82.4450918, 34.9157922], [-82.4448143, 34.9155861]]}}, {"type": "Feature", "id": "w1333146912", "properties": {"highway": "service", "walkable": true, "on_campus": false, "nodes": [12333957293, 12333957294]}, "geometry": {"type": "LineString", "coordinates": [[-82.4454761, 34.9154288], [-82.4451967, 34.9152255]]}}, {"type": "Feature", "id": "w1333146914", "properties": {"highway": "service", "walkable": true, "on_campus": false, "nodes": [12333957309, 12333957310]}, "geometry": {"type": "LineString", "coordinates": [[-82.4455035, 34.9153758], [-82.4452397, 34.9151858]]}}, {"type": "Feature", "id": "w1333146916", "properties": {"highway": "service", "walkable": true, "on_campus": false, "nodes": [12333957321, 12333957322, 12333957323, 12333957324, 12333957325, 12333957326]}, "geometry": {"type": "LineString", "coordinates": [[-82.4458289, 34.9151706], [-82.4458548, 34.9151302], [-82.4458596, 34.9150878], [-82.4458435, 34.9149468], [-82.4458184, 34.9148541], [-82.4457109, 34.9147368]]}}, {"type": "Feature", "id": "w1333146917", "properties": {"highway": "service", "walkable": true, "on_campus": false, "nodes": [12333957327, 12333957328]}, "geometry": {"type": "LineString", "coordinates": [[-82.445619, 34.9150421], [-82.4454949, 34.9149501]]}}, {"type": "Feature", "id": "w1333256151", "properties": {"highway": "footway", "walkable": true, "on_campus": false, "nodes": [12335055168, 12335055169, 12335055170, 12335055171, 12335055172, 12335055174]}, "geometry": {"type": "LineString", "coordinates": [[-82.4451869, 34.9188317], [-82.4451612, 34.9188298], [-82.4451328, 34.9188332], [-82.4450992, 34.9188473], [-82.445086, 34.9188598], [-82.4450697, 34.9188598]]}}, {"type": "Feature", "id": "w1333256152", "properties": {"highway": "service", "walkable": true, "on_campus": false, "nodes": [12335055173, 12335055174]}, "geometry": {"type": "LineString", "coordinates": [[-82.4449751, 34.919014], [-82.4450697, 34.9188598]]}}, {"type": "Feature", "id": "w1333259220", "properties": {"highway": "service", "walkable": true, "on_campus": false, "nodes": [12335066554, 12335066555, 12335066556, 12335066557, 12335066558]}, "geometry": {"type": "LineString", "coordinates": [[-82.4454185, 34.9175559], [-82.4454235, 34.9174617], [-82.4453819, 34.9174392], [-82.445451, 34.9173534], [-82.4450513, 34.9171416]]}}, {"type": "Feature", "id": "w1333259222", "properties": {"highway": "service", "walkable": true, "on_campus": false, "nodes": [12335066568, 12335066569, 12335066570, 12335066571]}, "geometry": {"type": "LineString", "coordinates": [[-82.44403, 34.9180548], [-82.4439863, 34.9180116], [-82.44395, 34.9179282], [-82.4438952, 34.9178812]]}}, {"type": "Feature", "id": "w1333259224", "properties": {"highway": "service", "walkable": true, "on_campus": false, "nodes": [12335066580, 12335066581]}, "geometry": {"type": "LineString", "coordinates": [[-82.4443106, 34.9175975], [-82.4444444, 34.917741]]}}, {"type": "Feature", "id": "w1333259226", "properties": {"highway": "service", "walkable": true, "on_campus": false, "nodes": [12335066590, 12335066591]}, "geometry": {"type": "LineString", "coordinates": [[-82.4443921, 34.9175022], [-82.4445438, 34.9176617]]}}, {"type": "Feature", "id": "w1333259228", "properties": {"highway": "service", "walkable": true, "on_campus": false, "nodes": [12335066600, 12335091401, 12335091402, 12335091403]}, "geometry": {"type": "LineString", "coordinates": [[-82.4448332, 34.9174128], [-82.4447236, 34.917356], [-82.4446559, 34.9173679], [-82.4445704, 34.917319]]}}, {"type": "Feature", "id": "w1333259230", "properties": {"highway": "service", "walkable": true, "on_campus": false, "nodes": [12335091416, 12335091417]}, "geometry": {"type": "LineString", "coordinates": [[-82.4448818, 34.9170776], [-82.4450349, 34.9171632]]}}, {"type": "Feature", "id": "w1333259232", "properties": {"highway": "service", "walkable": true, "on_campus": false, "nodes": [12335091430, 12335091431]}, "geometry": {"type": "LineString", "coordinates": [[-82.4450286, 34.9168209], [-82.4452233, 34.9169232]]}}, {"type": "Feature", "id": "w1333259235", "properties": {"highway": "service", "walkable": true, "on_campus": false, "nodes": [12335091440, 12335091441]}, "geometry": {"type": "LineString", "coordinates": [[-82.4453109, 34.916387], [-82.4455641, 34.9165782]]}}, {"type": "Feature", "id": "w1333259237", "properties": {"highway": "service", "walkable": true, "on_campus": false, "nodes": [12335091450, 12335091451]}, "geometry": {"type": "LineString", "coordinates": [[-82.4454521, 34.9163823], [-82.4456288, 34.9165103]]}}, {"type": "Feature", "id": "w1333259239", "properties": {"highway": "service", "walkable": true, "on_campus": false, "nodes": [12335091462, 113198792]}, "geometry": {"type": "LineString", "coordinates": [[-82.445774, 34.916039], [-82.445963, 34.916159]]}}, {"type": "Feature", "id": "w1333259242", "properties": {"highway": "service", "walkable": true, "on_campus": false, "nodes": [12335091473, 12335091474, 12335091480, 12335091475]}, "geometry": {"type": "LineString", "coordinates": [[-82.4461424, 34.9154753], [-82.4460111, 34.9155304], [-82.445971, 34.9155749], [-82.4459729, 34.9156105]]}}, {"type": "Feature", "id": "w1333259244", "properties": {"highway": "service", "walkable": true, "on_campus": false, "nodes": [12335091478, 12335091479, 12335091475, 12335091477, 12335091476]}, "geometry": {"type": "LineString", "coordinates": [[-82.4458587, 34.9156878], [-82.4459087, 34.9156388], [-82.4459729, 34.9156105], [-82.4460014, 34.9155978], [-82.4461586, 34.9155666]]}}, {"type": "Feature", "id": "w1333259247", "properties": {"highway": "service", "walkable": true, "on_campus": false, "nodes": [12335091488, 12335091489, 12335091490, 12335091491]}, "geometry": {"type": "LineString", "coordinates": [[-82.4462861, 34.9148503], [-82.4462333, 34.9149384], [-82.4461286, 34.9150053], [-82.4460634, 34.9150307]]}}, {"type": "Feature", "id": "w1333259249", "properties": {"highway": "service", "walkable": true, "on_campus": false, "nodes": [12335091496, 12335091497, 12335091498]}, "geometry": {"type": "LineString", "coordinates": [[-82.445959, 34.9146383], [-82.446263, 34.9145676], [-82.4462426, 34.9144658]]}}, {"type": "Feature", "id": "w1333259251", "properties": {"highway": "service", "walkable": true, "on_campus": false, "nodes": [12335091503, 12335091504, 12335091505, 12335091506]}, "geometry": {"type": "LineString", "coordinates": [[-82.4461758, 34.9142249], [-82.4461434, 34.9141003], [-82.4461008, 34.9140768], [-82.4458229, 34.9140741]]}}, {"type": "Feature", "id": "w1333259253", "properties": {"highway": "service", "walkable": true, "on_campus": false, "nodes": [12335091521, 12335091522, 12335091523]}, "geometry": {"type": "LineString", "coordinates": [[-82.4454959, 34.91454], [-82.4456349, 34.914619], [-82.4457504, 34.9146951]]}}, {"type": "Feature", "id": "w1333259255", "properties": {"highway": "service", "walkable": true, "on_campus": false, "nodes": [12333957328, 12335091528]}, "geometry": {"type": "LineString", "coordinates": [[-82.4454949, 34.9149501], [-82.4453069, 34.9148014]]}}, {"type": "Feature", "id": "w1333259257", "properties": {"highway": "service", "walkable": true, "on_campus": false, "nodes": [12335091537, 12335091538]}, "geometry": {"type": "LineString", "coordinates": [[-82.4452402, 34.9148219], [-82.4454566, 34.9149855]]}}, {"type": "Feature", "id": "w1333259259", "properties": {"highway": "service", "walkable": true, "on_campus": false, "nodes": [12335091547, 12335091548]}, "geometry": {"type": "LineString", "coordinates": [[-82.4452288, 34.9151958], [-82.4448785, 34.9149276]]}}, {"type": "Feature", "id": "w1336655808", "properties": {"highway": "footway", "walkable": true, "on_campus": false, "nodes": [11952020765, 12363347833, 12363347834, 11952020762]}, "geometry": {"type": "LineString", "coordinates": [[-82.4292302, 34.9128748], [-82.429265, 34.9128846], [-82.4292802, 34.9128782], [-82.4293022, 34.9128689]]}}, {"type": "Feature", "id": "w1336655809", "properties": {"highway": "footway", "walkable": true, "on_campus": false, "nodes": [11952020767, 12363347834]}, "geometry": {"type": "LineString", "coordinates": [[-82.4292707, 34.9129095], [-82.4292802, 34.9128782]]}}, {"type": "Feature", "id": "w1336655810", "properties": {"foot": "designated", "highway": "path", "surface": "concrete", "walkable": true, "on_campus": false, "nodes": [3142707554, 3142707553, 3142707552, 8758903316, 3142707551, 3142707550]}, "geometry": {"type": "LineString", "coordinates": [[-82.4351515, 34.9146097], [-82.4351753, 34.9145318], [-82.4344645, 34.9142998], [-82.4344154, 34.9142343], [-82.4343538, 34.9141782], [-82.4341357, 34.9141357]]}}, {"type": "Feature", "id": "w1336655811", "properties": {"foot": "designated", "highway": "footway", "surface": "concrete", "walkable": true, "on_campus": false, "nodes": [12363347835, 12363347836, 3142707555, 3142707554]}, "geometry": {"type": "LineString", "coordinates": [[-82.43512, 34.9146726], [-82.4351283, 34.9146574], [-82.4351365, 34.9146422], [-82.4351515, 34.9146097]]}}, {"type": "Feature", "id": "w1336655812", "properties": {"highway": "footway", "walkable": true, "on_campus": true, "nodes": [12363347837, 12363347839, 12363347838]}, "geometry": {"type": "LineString", "coordinates": [[-82.4382656, 34.9175018], [-82.4381685, 34.9174969], [-82.4381091, 34.9174939]]}}, {"type": "Feature", "id": "w1336655848", "properties": {"highway": "footway", "walkable": true, "on_campus": true, "nodes": [3110316818, 10228308207, 12363348058]}, "geometry": {"type": "LineString", "coordinates": [[-82.443834, 34.9214891], [-82.4438095, 34.921516], [-82.4437725, 34.9215439]]}}, {"type": "Feature", "id": "w1340215615", "properties": {"highway": "service", "walkable": true, "on_campus": false, "nodes": [12397231444, 12397231445, 12397231446]}, "geometry": {"type": "LineString", "coordinates": [[-82.4450614, 34.9135558], [-82.4449611, 34.9134658], [-82.44483, 34.9133799]]}}, {"type": "Feature", "id": "w1340215617", "properties": {"highway": "service", "walkable": true, "on_campus": false, "nodes": [12397231453, 12397231454]}, "geometry": {"type": "LineString", "coordinates": [[-82.444955, 34.9136322], [-82.4447317, 34.913473]]}}, {"type": "Feature", "id": "w1340215619", "properties": {"highway": "service", "walkable": true, "on_campus": false, "nodes": [12397231469, 12397231470]}, "geometry": {"type": "LineString", "coordinates": [[-82.4447416, 34.9138916], [-82.4444807, 34.9137168]]}}, {"type": "Feature", "id": "w1340215621", "properties": {"highway": "service", "walkable": true, "on_campus": false, "nodes": [12397231483, 12397231484]}, "geometry": {"type": "LineString", "coordinates": [[-82.4446702, 34.9139972], [-82.4443841, 34.9138169]]}}, {"type": "Feature", "id": "w1340215625", "properties": {"highway": "service", "walkable": true, "on_campus": false, "nodes": [12397237808, 12397237809]}, "geometry": {"type": "LineString", "coordinates": [[-82.4436942, 34.9142705], [-82.4438292, 34.914396]]}}, {"type": "Feature", "id": "w1340215627", "properties": {"highway": "service", "walkable": true, "on_campus": false, "nodes": [12397237816, 12397237817]}, "geometry": {"type": "LineString", "coordinates": [[-82.4436049, 34.9143366], [-82.4438196, 34.9144067]]}}, {"type": "Feature", "id": "w1340215630", "properties": {"highway": "service", "walkable": true, "on_campus": false, "nodes": [12397237832, 12397237836, 12397237833]}, "geometry": {"type": "LineString", "coordinates": [[-82.443379, 34.9146104], [-82.443512, 34.9146568], [-82.4435743, 34.9146785]]}}, {"type": "Feature", "id": "w1340215631", "properties": {"highway": "service", "walkable": true, "on_campus": false, "nodes": [12397237834, 12397237835, 12397237836]}, "geometry": {"type": "LineString", "coordinates": [[-82.4434532, 34.9145266], [-82.4435057, 34.9145692], [-82.443512, 34.9146568]]}}, {"type": "Feature", "id": "w1340215634", "properties": {"highway": "service", "walkable": true, "on_campus": false, "nodes": [12397237851, 12397238202, 12397237853, 12397237852]}, "geometry": {"type": "LineString", "coordinates": [[-82.4431467, 34.9148765], [-82.4432309, 34.9149368], [-82.443245, 34.9149469], [-82.4432963, 34.9149836]]}}, {"type": "Feature", "id": "w1340215637", "properties": {"highway": "service", "walkable": true, "on_campus": false, "nodes": [12397237872, 12397237873, 12397237874, 12397237875]}, "geometry": {"type": "LineString", "coordinates": [[-82.4428771, 34.9151524], [-82.4429083, 34.9151789], [-82.4429975, 34.9151714], [-82.4430619, 34.9152174]]}}, {"type": "Feature", "id": "w1340215638", "properties": {"highway": "service", "walkable": true, "on_campus": false, "nodes": [12397237876, 12397237877, 12397237874]}, "geometry": {"type": "LineString", "coordinates": [[-82.4429657, 34.9150842], [-82.4430036, 34.9151148], [-82.4429975, 34.9151714]]}}, {"type": "Feature", "id": "w1340215641", "properties": {"highway": "service", "walkable": true, "on_campus": false, "nodes": [12397237890, 12397237894, 12397237891]}, "geometry": {"type": "LineString", "coordinates": [[-82.4426044, 34.915412], [-82.4427423, 34.9154629], [-82.4427799, 34.9154767]]}}, {"type": "Feature", "id": "w1340215642", "properties": {"highway": "service", "walkable": true, "on_campus": false, "nodes": [12397237892, 12397237893, 12397237894]}, "geometry": {"type": "LineString", "coordinates": [[-82.4426784, 34.9153248], [-82.4427267, 34.9153694], [-82.4427423, 34.9154629]]}}, {"type": "Feature", "id": "w1340215645", "properties": {"highway": "service", "walkable": true, "on_campus": false, "nodes": [12397237903, 12397237907, 12397237904]}, "geometry": {"type": "LineString", "coordinates": [[-82.4423091, 34.9156502], [-82.4424399, 34.9157555], [-82.4424514, 34.9157648]]}}, {"type": "Feature", "id": "w1340215646", "properties": {"highway": "service", "walkable": true, "on_campus": false, "nodes": [12397237905, 12397237906, 12397237907]}, "geometry": {"type": "LineString", "coordinates": [[-82.4423917, 34.9155735], [-82.4424455, 34.9156296], [-82.4424399, 34.9157555]]}}, {"type": "Feature", "id": "w1340215648", "properties": {"highway": "service", "walkable": true, "on_campus": false, "nodes": [12397237912, 12397237913]}, "geometry": {"type": "LineString", "coordinates": [[-82.442152, 34.915771], [-82.4422944, 34.9158968]]}}, {"type": "Feature", "id": "w1340215651", "properties": {"highway": "service", "walkable": true, "on_campus": false, "nodes": [12397237924, 12397237925, 12397237926, 12397237927]}, "geometry": {"type": "LineString", "coordinates": [[-82.4418635, 34.9160327], [-82.441902, 34.9160627], [-82.4420065, 34.9160748], [-82.4420445, 34.9161069]]}}, {"type": "Feature", "id": "w1340215652", "properties": {"highway": "service", "walkable": true, "on_campus": false, "nodes": [12397237928, 12397237929, 12397237926]}, "geometry": {"type": "LineString", "coordinates": [[-82.4419607, 34.915955], [-82.4419949, 34.9159876], [-82.4420065, 34.9160748]]}}, {"type": "Feature", "id": "w1340215655", "properties": {"highway": "service", "walkable": true, "on_campus": false, "nodes": [12397237942, 12397237943, 12397237944, 12397237945]}, "geometry": {"type": "LineString", "coordinates": [[-82.4415455, 34.9162708], [-82.441603, 34.9163139], [-82.4417112, 34.916344], [-82.4417395, 34.9163632]]}}, {"type": "Feature", "id": "w1340215656", "properties": {"highway": "service", "walkable": true, "on_campus": false, "nodes": [12397237946, 12397237947, 12397237948, 12397237944]}, "geometry": {"type": "LineString", "coordinates": [[-82.4416574, 34.9161966], [-82.4416807, 34.9162237], [-82.4416996, 34.9162959], [-82.4417112, 34.916344]]}}, {"type": "Feature", "id": "w1340215658", "properties": {"highway": "service", "walkable": true, "on_campus": false, "nodes": [12397237955, 12397237956, 12397237966, 12397237957]}, "geometry": {"type": "LineString", "coordinates": [[-82.4413738, 34.9164362], [-82.4414184, 34.9164874], [-82.4414415, 34.9165715], [-82.4414509, 34.9166058]]}}, {"type": "Feature", "id": "w1340215660", "properties": {"highway": "service", "walkable": true, "on_campus": false, "nodes": [12397237964, 12397237965, 12397237966]}, "geometry": {"type": "LineString", "coordinates": [[-82.4412655, 34.9164939], [-82.4413444, 34.916543], [-82.4414415, 34.9165715]]}}, {"type": "Feature", "id": "w1340215667", "properties": {"highway": "service", "walkable": true, "on_campus": false, "nodes": [12397238007, 12397238008]}, "geometry": {"type": "LineString", "coordinates": [[-82.4406969, 34.9163811], [-82.4403259, 34.9162138]]}}, {"type": "Feature", "id": "w1340215672", "properties": {"highway": "service", "walkable": true, "on_campus": false, "nodes": [12397238029, 112765784]}, "geometry": {"type": "LineString", "coordinates": [[-82.4408704, 34.9161859], [-82.440533, 34.915941]]}}, {"type": "Feature", "id": "w1340215675", "properties": {"highway": "service", "walkable": true, "on_campus": false, "nodes": [12397238048, 12397238049]}, "geometry": {"type": "LineString", "coordinates": [[-82.4411333, 34.9157646], [-82.4409509, 34.9156131]]}}, {"type": "Feature", "id": "w1340215677", "properties": {"highway": "service", "walkable": true, "on_campus": false, "nodes": [12397238056, 12397238057]}, "geometry": {"type": "LineString", "coordinates": [[-82.4413269, 34.9155476], [-82.4411947, 34.9154246]]}}, {"type": "Feature", "id": "w1340215679", "properties": {"highway": "service", "walkable": true, "on_campus": false, "nodes": [12397238070, 112765779]}, "geometry": {"type": "LineString", "coordinates": [[-82.4414649, 34.9154702], [-82.441308, 34.915337]]}}, {"type": "Feature", "id": "w1340215681", "properties": {"highway": "service", "walkable": true, "on_campus": false, "nodes": [12397238081, 12397238082]}, "geometry": {"type": "LineString", "coordinates": [[-82.4416972, 34.9152817], [-82.4415412, 34.9151451]]}}, {"type": "Feature", "id": "w1340215683", "properties": {"highway": "service", "walkable": true, "on_campus": false, "nodes": [12397238089, 12397238090]}, "geometry": {"type": "LineString", "coordinates": [[-82.4419513, 34.9150925], [-82.4417811, 34.9149529]]}}, {"type": "Feature", "id": "w1340215686", "properties": {"highway": "service", "walkable": true, "on_campus": false, "nodes": [12397238105, 12397238106, 12397238107, 12397238108, 12397238109]}, "geometry": {"type": "LineString", "coordinates": [[-82.442299, 34.915025], [-82.4421941, 34.914986], [-82.4421344, 34.9149238], [-82.4421272, 34.9148597], [-82.442019, 34.9147656]]}}, {"type": "Feature", "id": "w1340215687", "properties": {"highway": "service", "walkable": true, "on_campus": false, "nodes": [12397238108, 12397238110]}, "geometry": {"type": "LineString", "coordinates": [[-82.4421272, 34.9148597], [-82.4421828, 34.9148855]]}}, {"type": "Feature", "id": "w1340215690", "properties": {"highway": "service", "walkable": true, "on_campus": false, "nodes": [12397238129, 12418434522, 12397238130]}, "geometry": {"type": "LineString", "coordinates": [[-82.4424012, 34.9146923], [-82.4423868, 34.9146832], [-82.4422205, 34.9145777]]}}, {"type": "Feature", "id": "w1340215692", "properties": {"highway": "service", "walkable": true, "on_campus": false, "nodes": [12397238135, 12397238136]}, "geometry": {"type": "LineString", "coordinates": [[-82.4425913, 34.9144783], [-82.4424151, 34.9143627]]}}, {"type": "Feature", "id": "w1340215696", "properties": {"highway": "service", "walkable": true, "on_campus": false, "nodes": [12397238151, 12397238152]}, "geometry": {"type": "LineString", "coordinates": [[-82.4427949, 34.9142601], [-82.4426162, 34.9141436]]}}, {"type": "Feature", "id": "w1340215698", "properties": {"highway": "service", "walkable": true, "on_campus": false, "nodes": [12397238161, 12397238162]}, "geometry": {"type": "LineString", "coordinates": [[-82.4431244, 34.9138853], [-82.4429518, 34.9137779]]}}, {"type": "Feature", "id": "w1340215706", "properties": {"highway": "service", "walkable": true, "on_campus": false, "nodes": [12397231446, 12397238195, 12397238196]}, "geometry": {"type": "LineString", "coordinates": [[-82.44483, 34.9133799], [-82.4446695, 34.9132653], [-82.4444445, 34.9131097]]}}, {"type": "Feature", "id": "w1340215708", "properties": {"highway": "service", "walkable": true, "on_campus": false, "nodes": [12397238202, 12397238203, 12397238204]}, "geometry": {"type": "LineString", "coordinates": [[-82.4432309, 34.9149368], [-82.4432469, 34.9148642], [-82.4432139, 34.9148089]]}}, {"type": "Feature", "id": "w1340704040", "properties": {"highway": "service", "walkable": true, "on_campus": false, "nodes": [3409343821, 12401613333, 12401613334, 12401613335]}, "geometry": {"type": "LineString", "coordinates": [[-82.4373854, 34.9350901], [-82.4375345, 34.9351421], [-82.4377408, 34.9352325], [-82.4378244, 34.93526]]}}, {"type": "Feature", "id": "w1340704042", "properties": {"highway": "service", "walkable": true, "on_campus": false, "nodes": [12401613344, 12401613345, 12401613346]}, "geometry": {"type": "LineString", "coordinates": [[-82.4373157, 34.9351745], [-82.4375713, 34.935281], [-82.4377129, 34.9353303]]}}, {"type": "Feature", "id": "w1340704045", "properties": {"highway": "service", "walkable": true, "on_campus": false, "nodes": [12401613361, 12401613362, 12401613363, 12401613364, 12401613365, 8490834320]}, "geometry": {"type": "LineString", "coordinates": [[-82.4374095, 34.9362484], [-82.437469, 34.93611], [-82.4375959, 34.935939], [-82.4376747, 34.9358342], [-82.4376636, 34.935759], [-82.4376176, 34.935734]]}}, {"type": "Feature", "id": "w1340704047", "properties": {"highway": "service", "walkable": true, "on_campus": false, "nodes": [12401613374, 12401613375]}, "geometry": {"type": "LineString", "coordinates": [[-82.4370577, 34.9361103], [-82.4369204, 34.9363538]]}}, {"type": "Feature", "id": "w1340704049", "properties": {"highway": "service", "walkable": true, "on_campus": false, "nodes": [12401613382, 12401613383]}, "geometry": {"type": "LineString", "coordinates": [[-82.4375505, 34.936464], [-82.4376226, 34.9363291]]}}, {"type": "Feature", "id": "w1340704051", "properties": {"highway": "service", "walkable": true, "on_campus": false, "nodes": [12401613394, 12401613395, 12401613396, 12401613397]}, "geometry": {"type": "LineString", "coordinates": [[-82.4377395, 34.9365521], [-82.4377553, 34.9365073], [-82.4377451, 34.9364389], [-82.4377665, 34.9363807]]}}, {"type": "Feature", "id": "w1340704057", "properties": {"highway": "service", "walkable": true, "on_campus": false, "nodes": [12401615720, 12401615721, 12401615722, 12401615723, 12401615724, 12401615725]}, "geometry": {"type": "LineString", "coordinates": [[-82.4356791, 34.9379254], [-82.4356603, 34.9378463], [-82.4356263, 34.9377651], [-82.4355635, 34.9377093], [-82.4354698, 34.9376944], [-82.4353436, 34.9376955]]}}, {"type": "Feature", "id": "w1340704059", "properties": {"highway": "service", "walkable": true, "on_campus": false, "nodes": [12401615738, 12401615739, 12401615740, 12401615741]}, "geometry": {"type": "LineString", "coordinates": [[-82.4350467, 34.9378417], [-82.4350121, 34.9377049], [-82.4349631, 34.9376133], [-82.434912, 34.9375452]]}}, {"type": "Feature", "id": "w1340704061", "properties": {"highway": "service", "walkable": true, "on_campus": false, "nodes": [12401615749, 12401615750, 12401615751, 12401615752]}, "geometry": {"type": "LineString", "coordinates": [[-82.4376645, 34.9363441], [-82.437679, 34.936266], [-82.4377161, 34.936111], [-82.4378013, 34.9359834]]}}, {"type": "Feature", "id": "w1340704063", "properties": {"highway": "service", "walkable": true, "on_campus": false, "nodes": [12401615767, 12401615768, 113161895]}, "geometry": {"type": "LineString", "coordinates": [[-82.4383064, 34.9363002], [-82.4382563, 34.9363686], [-82.438197, 34.936525]]}}, {"type": "Feature", "id": "w1340704065", "properties": {"highway": "service", "walkable": true, "on_campus": false, "nodes": [12401615773, 12401615774]}, "geometry": {"type": "LineString", "coordinates": [[-82.4387919, 34.9360852], [-82.4390354, 34.9362704]]}}, {"type": "Feature", "id": "w1340704067", "properties": {"highway": "service", "walkable": true, "on_campus": false, "nodes": [12401615781, 12401615782, 12401615783]}, "geometry": {"type": "LineString", "coordinates": [[-82.4387678, 34.9367849], [-82.4386835, 34.9366983], [-82.4386227, 34.9365097]]}}, {"type": "Feature", "id": "w1340704069", "properties": {"highway": "service", "walkable": true, "on_campus": false, "nodes": [12401615788, 12401615789]}, "geometry": {"type": "LineString", "coordinates": [[-82.439132, 34.936424], [-82.4389942, 34.9363035]]}}, {"type": "Feature", "id": "w1340704071", "properties": {"highway": "service", "walkable": true, "on_campus": false, "nodes": [12401615798, 12401615799]}, "geometry": {"type": "LineString", "coordinates": [[-82.4394168, 34.9362724], [-82.4392048, 34.9361133]]}}, {"type": "Feature", "id": "w1340704073", "properties": {"highway": "service", "walkable": true, "on_campus": false, "nodes": [12401615804, 12401615805]}, "geometry": {"type": "LineString", "coordinates": [[-82.4401279, 34.9356842], [-82.4398489, 34.9355014]]}}, {"type": "Feature", "id": "w1340704075", "properties": {"highway": "service", "walkable": true, "on_campus": false, "nodes": [12401615827, 12401615810]}, "geometry": {"type": "LineString", "coordinates": [[-82.4391455, 34.9355797], [-82.4395713, 34.9357815]]}}, {"type": "Feature", "id": "w1340706635", "properties": {"highway": "service", "walkable": true, "on_campus": false, "nodes": [12401640700, 12401641401]}, "geometry": {"type": "LineString", "coordinates": [[-82.4367882, 34.9377651], [-82.4368956, 34.9380985]]}}, {"type": "Feature", "id": "w1340706662", "properties": {"highway": "service", "walkable": true, "on_campus": false, "nodes": [12401641611, 12401641612, 6464999933]}, "geometry": {"type": "LineString", "coordinates": [[-82.4435749, 34.9309831], [-82.4435406, 34.9311662], [-82.443603, 34.9312711]]}}, {"type": "Feature", "id": "w1340706663", "properties": {"highway": "service", "walkable": true, "on_campus": false, "nodes": [12401641613, 12401641614, 6464999933]}, "geometry": {"type": "LineString", "coordinates": [[-82.4437611, 34.9310309], [-82.4436286, 34.9311586], [-82.443603, 34.9312711]]}}, {"type": "Feature", "id": "w1340706664", "properties": {"highway": "service", "walkable": true, "on_campus": false, "nodes": [12401641615, 12401641616]}, "geometry": {"type": "LineString", "coordinates": [[-82.4437343, 34.9314662], [-82.4438418, 34.9313858]]}}, {"type": "Feature", "id": "w1340706665", "properties": {"highway": "service", "walkable": true, "on_campus": false, "nodes": [12401641617, 12401641618]}, "geometry": {"type": "LineString", "coordinates": [[-82.4439261, 34.9312938], [-82.443831, 34.9313762]]}}, {"type": "Feature", "id": "w1340706666", "properties": {"highway": "service", "walkable": true, "on_campus": false, "nodes": [12401641619, 6464999937]}, "geometry": {"type": "LineString", "coordinates": [[-82.4441179, 34.9314647], [-82.44402, 34.9315456]]}}, {"type": "Feature", "id": "w1340706667", "properties": {"highway": "service", "walkable": true, "on_campus": false, "nodes": [12401641620, 12401641621]}, "geometry": {"type": "LineString", "coordinates": [[-82.4443412, 34.9315012], [-82.4441433, 34.9316563]]}}, {"type": "Feature", "id": "w1340706668", "properties": {"highway": "service", "walkable": true, "on_campus": false, "nodes": [12401641622, 12401641623]}, "geometry": {"type": "LineString", "coordinates": [[-82.4440623, 34.9318354], [-82.4442228, 34.9317276]]}}, {"type": "Feature", "id": "w1340706669", "properties": {"highway": "service", "walkable": true, "on_campus": false, "nodes": [12401641624, 12401641625]}, "geometry": {"type": "LineString", "coordinates": [[-82.4445858, 34.9317519], [-82.444403, 34.9318895]]}}, {"type": "Feature", "id": "w1340706670", "properties": {"highway": "service", "walkable": true, "on_campus": false, "nodes": [12401641626, 12401641627]}, "geometry": {"type": "LineString", "coordinates": [[-82.4442606, 34.9320087], [-82.4444129, 34.9318983]]}}, {"type": "Feature", "id": "w1340706671", "properties": {"highway": "service", "walkable": true, "on_campus": false, "nodes": [12401641628, 12401641629]}, "geometry": {"type": "LineString", "coordinates": [[-82.4447823, 34.9318977], [-82.4445938, 34.9320514]]}}, {"type": "Feature", "id": "w1340706672", "properties": {"highway": "service", "walkable": true, "on_campus": false, "nodes": [12401641630, 12401641631]}, "geometry": {"type": "LineString", "coordinates": [[-82.4443579, 34.9320907], [-82.4445094, 34.9319771]]}}, {"type": "Feature", "id": "w1340706673", "properties": {"highway": "service", "walkable": true, "on_campus": false, "nodes": [12401641632, 12401641633]}, "geometry": {"type": "LineString", "coordinates": [[-82.4449472, 34.9320542], [-82.4447658, 34.9322044]]}}, {"type": "Feature", "id": "w1340706674", "properties": {"highway": "service", "walkable": true, "on_campus": false, "nodes": [12401641634, 12401641633]}, "geometry": {"type": "LineString", "coordinates": [[-82.4446146, 34.9323194], [-82.4447658, 34.9322044]]}}, {"type": "Feature", "id": "w1340706675", "properties": {"highway": "service", "walkable": true, "on_campus": false, "nodes": [12401641635, 12401641636]}, "geometry": {"type": "LineString", "coordinates": [[-82.4450575, 34.9321363], [-82.4448664, 34.9322909]]}}, {"type": "Feature", "id": "w1340706676", "properties": {"highway": "service", "walkable": true, "on_campus": false, "nodes": [12401641637, 12401641638]}, "geometry": {"type": "LineString", "coordinates": [[-82.4432858, 34.9319296], [-82.4434535, 34.9319902]]}}, {"type": "Feature", "id": "w1340706677", "properties": {"highway": "service", "walkable": true, "on_campus": false, "nodes": [12401641639, 12401641640]}, "geometry": {"type": "LineString", "coordinates": [[-82.4432098, 34.932153], [-82.4434095, 34.9321665]]}}, {"type": "Feature", "id": "w1340706678", "properties": {"highway": "service", "walkable": true, "on_campus": false, "nodes": [12401641641, 12401641642, 12401641643]}, "geometry": {"type": "LineString", "coordinates": [[-82.4436008, 34.9323118], [-82.4434961, 34.9323186], [-82.4434021, 34.9323094]]}}, {"type": "Feature", "id": "w1340706679", "properties": {"highway": "service", "walkable": true, "on_campus": false, "nodes": [12401641644, 12401641645]}, "geometry": {"type": "LineString", "coordinates": [[-82.4432589, 34.9323285], [-82.4433988, 34.9323371]]}}, {"type": "Feature", "id": "w1340706680", "properties": {"highway": "service", "walkable": true, "on_campus": false, "nodes": [12401641646, 6464999940]}, "geometry": {"type": "LineString", "coordinates": [[-82.4435953, 34.9325518], [-82.4433767, 34.9325343]]}}, {"type": "Feature", "id": "w1340706681", "properties": {"highway": "service", "walkable": true, "on_campus": false, "nodes": [12401641647, 12401641648]}, "geometry": {"type": "LineString", "coordinates": [[-82.4431551, 34.9326415], [-82.4433622, 34.9326679]]}}, {"type": "Feature", "id": "w1340706682", "properties": {"highway": "service", "walkable": true, "on_campus": false, "nodes": [12401641649, 6464999941]}, "geometry": {"type": "LineString", "coordinates": [[-82.4435739, 34.9327744], [-82.44337, 34.9327614]]}}, {"type": "Feature", "id": "w1340706683", "properties": {"highway": "service", "walkable": true, "on_campus": false, "nodes": [12401641650, 12401641651, 12401641652]}, "geometry": {"type": "LineString", "coordinates": [[-82.4431412, 34.9328481], [-82.4432691, 34.932855], [-82.4433908, 34.9328374]]}}, {"type": "Feature", "id": "w1340706684", "properties": {"highway": "service", "walkable": true, "on_campus": false, "nodes": [12401641654, 12401641655]}, "geometry": {"type": "LineString", "coordinates": [[-82.4445098, 34.9328632], [-82.4443792, 34.9327352]]}}, {"type": "Feature", "id": "w1340706685", "properties": {"highway": "service", "walkable": true, "on_campus": false, "nodes": [12401641656, 12401641657]}, "geometry": {"type": "LineString", "coordinates": [[-82.4447029, 34.9327072], [-82.444576, 34.9325849]]}}, {"type": "Feature", "id": "w1340706686", "properties": {"highway": "service", "walkable": true, "on_campus": false, "nodes": [12401641658, 12401641659]}, "geometry": {"type": "LineString", "coordinates": [[-82.4448155, 34.9326269], [-82.4446871, 34.9325]]}}, {"type": "Feature", "id": "w1340706687", "properties": {"highway": "service", "walkable": true, "on_campus": false, "nodes": [12401641660, 12401641661, 12401641662, 6464999936]}, "geometry": {"type": "LineString", "coordinates": [[-82.4456675, 34.9327247], [-82.4455656, 34.9327757], [-82.4454686, 34.93279], [-82.4452858, 34.9327749]]}}, {"type": "Feature", "id": "w1340706688", "properties": {"highway": "service", "walkable": true, "on_campus": false, "nodes": [12401641663, 6464999935]}, "geometry": {"type": "LineString", "coordinates": [[-82.4453706, 34.9325879], [-82.4452504, 34.93268]]}}, {"type": "Feature", "id": "w1340706689", "properties": {"highway": "service", "walkable": true, "on_campus": false, "nodes": [12401641664, 12401641665]}, "geometry": {"type": "LineString", "coordinates": [[-82.4452308, 34.9322816], [-82.4450297, 34.9324352]]}}, {"type": "Feature", "id": "w1340706694", "properties": {"highway": "footway", "walkable": true, "on_campus": false, "nodes": [12401641714, 12401641715, 12401641716, 12401641717, 12401641718, 12401641719, 12401641720, 12401641721, 12401641722, 12401641723, 12401641724, 12401641725, 6464999943]}, "geometry": {"type": "LineString", "coordinates": [[-82.4448151, 34.9344436], [-82.4448988, 34.9344384], [-82.4448897, 34.934336], [-82.4448663, 34.9341252], [-82.4448246, 34.933776], [-82.4448012, 34.9336369], [-82.4447575, 34.9335061], [-82.4446935, 34.9333752], [-82.4446264, 34.9332511], [-82.4445787, 34.9331794], [-82.4445248, 34.9331228], [-82.4444425, 34.9330686], [-82.4441477, 34.9329208]]}}, {"type": "Feature", "id": "w1340706695", "properties": {"highway": "footway", "walkable": true, "on_campus": false, "nodes": [6464999943, 12401641726, 12401641727, 12401641728, 12401641729, 12401641730, 12401641731, 12401641742, 12401641732, 12401641733, 12401641734, 12401641735, 12401641736, 12401641737, 12401641738, 12401641739, 12401641740, 12401641741]}, "geometry": {"type": "LineString", "coordinates": [[-82.4441477, 34.9329208], [-82.4440968, 34.9328975], [-82.4440206, 34.9328933], [-82.4438946, 34.9329], [-82.443795, 34.9329033], [-82.4436446, 34.9328908], [-82.4434525, 34.9328817], [-82.4434088, 34.9328883], [-82.4433651, 34.932895], [-82.4432787, 34.932915], [-82.443178, 34.9329708], [-82.4430358, 34.9330675], [-82.4429311, 34.9331583], [-82.4428437, 34.9332608], [-82.4427847, 34.9333575], [-82.4427624, 34.9334466], [-82.4427735, 34.9335066], [-82.4427945, 34.9335188]]}}, {"type": "Feature", "id": "w1340870539", "properties": {"highway": "footway", "walkable": true, "on_campus": false, "nodes": [12403382829, 12403382830, 12403382828, 12403382827, 12403382826, 8494247999]}, "geometry": {"type": "LineString", "coordinates": [[-82.4460794, 34.934372], [-82.446067, 34.9343823], [-82.4460375, 34.9344064], [-82.4460151, 34.9343956], [-82.4459817, 34.9343707], [-82.445949, 34.9343411]]}}, {"type": "Feature", "id": "w1340870540", "properties": {"highway": "footway", "walkable": true, "on_campus": false, "nodes": [12403382830, 12403382831, 12403382832, 12403382833]}, "geometry": {"type": "LineString", "coordinates": [[-82.446067, 34.9343823], [-82.446254, 34.9345347], [-82.4462723, 34.9345397], [-82.4462856, 34.9345288]]}}, {"type": "Feature", "id": "w1342248347", "properties": {"highway": "footway", "surface": "paving_stones", "walkable": true, "on_campus": true, "nodes": [12417317746, 12417317745, 3078471991, 3078471992, 3078471993, 3078471994, 3078471995, 3078471996, 3078471997, 3078471998, 3078471999, 3081860677, 3078472000, 3078472001, 3078472002, 3078472003, 3078471976]}, "geometry": {"type": "LineString", "coordinates": [[-82.4375408, 34.9249745], [-82.4375793, 34.9249154], [-82.4375852, 34.92487], [-82.4375792, 34.9248232], [-82.4375631, 34.9247529], [-82.4375725, 34.924693], [-82.4375772, 34.9246512], [-82.4375826, 34.9246127], [-82.4376221, 34.9245522], [-82.4376529, 34.9245115], [-82.4376489, 34.9244851], [-82.4376445, 34.9244726], [-82.4376369, 34.924451], [-82.4376382, 34.9243983], [-82.4376315, 34.9243488], [-82.4376154, 34.9243279], [-82.4375805, 34.9243092]]}}, {"type": "Feature", "id": "w1342248348", "properties": {"highway": "footway", "surface": "paving_stones", "walkable": true, "on_campus": true, "nodes": [12417317746, 3079063864]}, "geometry": {"type": "LineString", "coordinates": [[-82.4375408, 34.9249745], [-82.4375799, 34.9249899]]}}, {"type": "Feature", "id": "w1342323808", "properties": {"highway": "service", "walkable": true, "on_campus": false, "nodes": [12418434215, 12418434217, 12418434216]}, "geometry": {"type": "LineString", "coordinates": [[-82.4401391, 34.9160969], [-82.4401726, 34.9161159], [-82.4403309, 34.9162053]]}}, {"type": "Feature", "id": "w1342323809", "properties": {"highway": "footway", "walkable": true, "on_campus": false, "nodes": [12418434217, 12418434218, 12418434219, 12418434220, 12418434221]}, "geometry": {"type": "LineString", "coordinates": [[-82.4401726, 34.9161159], [-82.4402019, 34.9160737], [-82.4402143, 34.9160549], [-82.4402055, 34.9160454], [-82.4401902, 34.9160375]]}}, {"type": "Feature", "id": "w1342323811", "properties": {"highway": "service", "walkable": true, "on_campus": false, "nodes": [12418434234, 12418434235]}, "geometry": {"type": "LineString", "coordinates": [[-82.4403298, 34.9158917], [-82.4404762, 34.9159994]]}}, {"type": "Feature", "id": "w1342323813", "properties": {"highway": "service", "walkable": true, "on_campus": false, "nodes": [12418434242, 12418434243]}, "geometry": {"type": "LineString", "coordinates": [[-82.4405763, 34.9156681], [-82.4407092, 34.9157999]]}}, {"type": "Feature", "id": "w1342323816", "properties": {"highway": "service", "walkable": true, "on_campus": false, "nodes": [12418434258, 12418434259]}, "geometry": {"type": "LineString", "coordinates": [[-82.4410592, 34.9153087], [-82.4412083, 34.9154141]]}}, {"type": "Feature", "id": "w1342323818", "properties": {"highway": "service", "walkable": true, "on_campus": false, "nodes": [12418434272, 12418434273]}, "geometry": {"type": "LineString", "coordinates": [[-82.4412964, 34.9151009], [-82.4414428, 34.915226]]}}, {"type": "Feature", "id": "w1342323820", "properties": {"highway": "service", "walkable": true, "on_campus": false, "nodes": [12418434286, 12418434514, 12418434287]}, "geometry": {"type": "LineString", "coordinates": [[-82.4415252, 34.9149209], [-82.441585, 34.9149721], [-82.4416674, 34.9150426]]}}, {"type": "Feature", "id": "w1342323826", "properties": {"highway": "service", "walkable": true, "on_campus": false, "nodes": [12418434314, 12418434315, 12418434316]}, "geometry": {"type": "LineString", "coordinates": [[-82.4395765, 34.9158595], [-82.439558, 34.9159012], [-82.4392784, 34.9157984]]}}, {"type": "Feature", "id": "w1342323829", "properties": {"highway": "service", "walkable": true, "on_campus": false, "nodes": [12418434331, 12418434352, 12418434332]}, "geometry": {"type": "LineString", "coordinates": [[-82.4399315, 34.9153195], [-82.4398923, 34.9152873], [-82.4397654, 34.9151832]]}}, {"type": "Feature", "id": "w1342323831", "properties": {"highway": "service", "walkable": true, "on_campus": false, "nodes": [12418434341, 12418434356, 12418434342]}, "geometry": {"type": "LineString", "coordinates": [[-82.4401842, 34.9151205], [-82.440172, 34.9151098], [-82.4400255, 34.9149803]]}}, {"type": "Feature", "id": "w1342323832", "properties": {"highway": "footway", "walkable": true, "on_campus": false, "nodes": [12418434343, 12418434344, 12418434345, 12418434346, 12418434347, 12418434314]}, "geometry": {"type": "LineString", "coordinates": [[-82.4396114, 34.9156673], [-82.4396003, 34.9156631], [-82.4395248, 34.9157856], [-82.4395225, 34.9158033], [-82.4395302, 34.9158254], [-82.4395765, 34.9158595]]}}, {"type": "Feature", "id": "w1342323833", "properties": {"highway": "footway", "walkable": true, "on_campus": false, "nodes": [12418434348, 12418434349, 12418434350, 12418434351, 12418434352]}, "geometry": {"type": "LineString", "coordinates": [[-82.4398183, 34.9153959], [-82.4398083, 34.9153864], [-82.4398068, 34.9153656], [-82.4398222, 34.9153403], [-82.4398923, 34.9152873]]}}, {"type": "Feature", "id": "w1342323834", "properties": {"highway": "footway", "walkable": true, "on_campus": false, "nodes": [12418434353, 12418434354, 12418434355, 12418434356]}, "geometry": {"type": "LineString", "coordinates": [[-82.4400888, 34.9152084], [-82.4400764, 34.9151988], [-82.4400802, 34.9151875], [-82.440172, 34.9151098]]}}, {"type": "Feature", "id": "w1342323836", "properties": {"highway": "service", "walkable": true, "on_campus": false, "nodes": [12418434363, 12418434364]}, "geometry": {"type": "LineString", "coordinates": [[-82.4404361, 34.9149475], [-82.4402687, 34.9147919]]}}, {"type": "Feature", "id": "w1342323838", "properties": {"highway": "service", "walkable": true, "on_campus": false, "nodes": [12418434373, 12418434378, 12418434374]}, "geometry": {"type": "LineString", "coordinates": [[-82.4406733, 34.9147416], [-82.4406605, 34.9147302], [-82.4405151, 34.9146011]]}}, {"type": "Feature", "id": "w1342323839", "properties": {"highway": "footway", "walkable": true, "on_campus": false, "nodes": [12418434375, 12418434376, 12418434377, 12418434378]}, "geometry": {"type": "LineString", "coordinates": [[-82.4405746, 34.9148306], [-82.4405616, 34.9148161], [-82.4405678, 34.9148022], [-82.4406605, 34.9147302]]}}, {"type": "Feature", "id": "w1342323846", "properties": {"highway": "service", "walkable": true, "on_campus": false, "nodes": [12418434417, 12418434423, 12418434418]}, "geometry": {"type": "LineString", "coordinates": [[-82.4410315, 34.9144681], [-82.4409987, 34.9144393], [-82.4408669, 34.9143235]]}}, {"type": "Feature", "id": "w1342323847", "properties": {"highway": "footway", "walkable": true, "on_campus": false, "nodes": [12418434419, 12418434420, 12418434421, 12473216192, 12418434422, 12418434423]}, "geometry": {"type": "LineString", "coordinates": [[-82.4410858, 34.9144106], [-82.44107, 34.9144024], [-82.4410554, 34.9144062], [-82.4410262, 34.9144175], [-82.4410245, 34.9144182], [-82.4409987, 34.9144393]]}}, {"type": "Feature", "id": "w1342323849", "properties": {"highway": "service", "walkable": true, "on_campus": false, "nodes": [12418434432, 12418434510, 12418434433]}, "geometry": {"type": "LineString", "coordinates": [[-82.4412595, 34.9142514], [-82.4412414, 34.914235], [-82.4411183, 34.9141231]]}}, {"type": "Feature", "id": "w1342323853", "properties": {"highway": "service", "walkable": true, "on_campus": false, "nodes": [12418434452, 12418434457, 12418434453]}, "geometry": {"type": "LineString", "coordinates": [[-82.4417586, 34.9147302], [-82.4417891, 34.9147594], [-82.4418963, 34.9148622]]}}, {"type": "Feature", "id": "w1342323854", "properties": {"highway": "footway", "walkable": true, "on_campus": false, "nodes": [12418434454, 12418434455, 12418434456, 12418434457]}, "geometry": {"type": "LineString", "coordinates": [[-82.4418388, 34.9146747], [-82.4418541, 34.9146923], [-82.4418557, 34.91471], [-82.4417891, 34.9147594]]}}, {"type": "Feature", "id": "w1342323856", "properties": {"highway": "service", "walkable": true, "on_campus": false, "nodes": [12418434470, 12418434471, 12418434472]}, "geometry": {"type": "LineString", "coordinates": [[-82.4419743, 34.9143733], [-82.4419489, 34.9142527], [-82.4420321, 34.9141861]]}}, {"type": "Feature", "id": "w1342323859", "properties": {"highway": "footway", "walkable": true, "on_campus": false, "nodes": [12418434481, 12418434482, 12418434483]}, "geometry": {"type": "LineString", "coordinates": [[-82.4421931, 34.9146063], [-82.4421337, 34.9145597], [-82.4420567, 34.9145015]]}}, {"type": "Feature", "id": "w1342323862", "properties": {"highway": "footway", "walkable": true, "on_campus": false, "nodes": [12418434502, 12418434503]}, "geometry": {"type": "LineString", "coordinates": [[-82.4415753, 34.9140286], [-82.4414229, 34.9138858]]}}, {"type": "Feature", "id": "w1342323863", "properties": {"highway": "service", "walkable": true, "on_campus": false, "nodes": [12418434504, 12418434505, 12418434506]}, "geometry": {"type": "LineString", "coordinates": [[-82.4416893, 34.9140676], [-82.4418264, 34.9140746], [-82.4419204, 34.9140586]]}}, {"type": "Feature", "id": "w1342323864", "properties": {"highway": "footway", "walkable": true, "on_campus": false, "nodes": [12418434507, 12418434508, 12418434509, 12418434510]}, "geometry": {"type": "LineString", "coordinates": [[-82.4413243, 34.9141989], [-82.4413144, 34.9141911], [-82.4412965, 34.9141979], [-82.4412414, 34.914235]]}}, {"type": "Feature", "id": "w1342323865", "properties": {"highway": "footway", "walkable": true, "on_campus": false, "nodes": [12418434511, 12418434512, 12418434513, 12418434514]}, "geometry": {"type": "LineString", "coordinates": [[-82.441611, 34.914851], [-82.4416299, 34.914876], [-82.4416299, 34.9149151], [-82.441585, 34.9149721]]}}, {"type": "Feature", "id": "w1342323866", "properties": {"highway": "footway", "walkable": true, "on_campus": false, "nodes": [12418434515, 12418434516]}, "geometry": {"type": "LineString", "coordinates": [[-82.4408316, 34.9153977], [-82.4407662, 34.9154522]]}}, {"type": "Feature", "id": "w1342323867", "properties": {"highway": "service", "walkable": true, "on_campus": false, "nodes": [12418434516, 12397238049]}, "geometry": {"type": "LineString", "coordinates": [[-82.4407662, 34.9154522], [-82.4409509, 34.9156131]]}}, {"type": "Feature", "id": "w1342323868", "properties": {"highway": "footway", "walkable": true, "on_campus": false, "nodes": [12418434517, 12418434518]}, "geometry": {"type": "LineString", "coordinates": [[-82.4408214, 34.9159655], [-82.4406681, 34.9158317]]}}, {"type": "Feature", "id": "w1342323869", "properties": {"highway": "footway", "walkable": true, "on_campus": false, "nodes": [12418434519, 12418434520, 12418434521, 12418434522]}, "geometry": {"type": "LineString", "coordinates": [[-82.4424916, 34.914606], [-82.4424806, 34.9145977], [-82.4424699, 34.9145988], [-82.4423868, 34.9146832]]}}, {"type": "Feature", "id": "w1342323870", "properties": {"highway": "footway", "walkable": true, "on_campus": false, "nodes": [12418434523, 12418434524]}, "geometry": {"type": "LineString", "coordinates": [[-82.4431833, 34.9138768], [-82.4432697, 34.9137828]]}}, {"type": "Feature", "id": "w1342323872", "properties": {"highway": "service", "walkable": true, "on_campus": false, "nodes": [12418434539, 12418434540]}, "geometry": {"type": "LineString", "coordinates": [[-82.4421959, 34.9141473], [-82.442113, 34.914255]]}}, {"type": "Feature", "id": "w1342323875", "properties": {"highway": "service", "walkable": true, "on_campus": false, "nodes": [12418434559, 12418434560]}, "geometry": {"type": "LineString", "coordinates": [[-82.442021, 34.9139032], [-82.4418528, 34.9139543]]}}, {"type": "Feature", "id": "w1342323877", "properties": {"highway": "service", "walkable": true, "on_campus": false, "nodes": [12418434573, 12418434574]}, "geometry": {"type": "LineString", "coordinates": [[-82.4419051, 34.9136567], [-82.4416708, 34.9136682]]}}, {"type": "Feature", "id": "w1342323879", "properties": {"highway": "service", "walkable": true, "on_campus": false, "nodes": [12418434585, 12418434589, 12418434586]}, "geometry": {"type": "LineString", "coordinates": [[-82.4417563, 34.9134068], [-82.4417285, 34.9134182], [-82.4415566, 34.9134887]]}}, {"type": "Feature", "id": "w1342323880", "properties": {"highway": "service", "walkable": true, "on_campus": false, "nodes": [12418434587, 12418434588, 12418434589]}, "geometry": {"type": "LineString", "coordinates": [[-82.4419073, 34.9133907], [-82.4417858, 34.9134362], [-82.4417285, 34.9134182]]}}, {"type": "Feature", "id": "w1342323883", "properties": {"highway": "service", "walkable": true, "on_campus": false, "nodes": [12418434606, 12418434612, 12418434607]}, "geometry": {"type": "LineString", "coordinates": [[-82.4417415, 34.9131868], [-82.4416087, 34.913247], [-82.4414489, 34.9133195]]}}, {"type": "Feature", "id": "w1342323884", "properties": {"highway": "footway", "walkable": true, "on_campus": false, "nodes": [12418434608, 12418434609, 12418434610, 12418434611, 12418434612]}, "geometry": {"type": "LineString", "coordinates": [[-82.4415717, 34.9131033], [-82.441554, 34.913116], [-82.441547, 34.9131321], [-82.4415533, 34.9131609], [-82.4416087, 34.913247]]}}, {"type": "Feature", "id": "w1342323886", "properties": {"highway": "service", "walkable": true, "on_campus": false, "nodes": [12418434617, 12418434618]}, "geometry": {"type": "LineString", "coordinates": [[-82.4414908, 34.9130009], [-82.4412924, 34.9130736]]}}, {"type": "Feature", "id": "w1342323889", "properties": {"highway": "service", "walkable": true, "on_campus": false, "nodes": [12418434631, 112801776]}, "geometry": {"type": "LineString", "coordinates": [[-82.4413012, 34.9127452], [-82.441129, 34.912817]]}}, {"type": "Feature", "id": "w1342323890", "properties": {"highway": "footway", "walkable": true, "on_campus": false, "nodes": [12418434632, 12418434633, 12418434634, 12418434631]}, "geometry": {"type": "LineString", "coordinates": [[-82.4413728, 34.9127539], [-82.4413271, 34.912766], [-82.4413138, 34.9127614], [-82.4413012, 34.9127452]]}}, {"type": "Feature", "id": "w1342323892", "properties": {"highway": "service", "walkable": true, "on_campus": false, "nodes": [12418434641, 12418434642]}, "geometry": {"type": "LineString", "coordinates": [[-82.4411726, 34.9125471], [-82.4410046, 34.9126252]]}}, {"type": "Feature", "id": "w1342323893", "properties": {"highway": "footway", "walkable": true, "on_campus": false, "nodes": [12418434643, 12418434644, 12418434645, 12418434641]}, "geometry": {"type": "LineString", "coordinates": [[-82.4412492, 34.9125587], [-82.4412141, 34.9125731], [-82.4411916, 34.9125731], [-82.4411726, 34.9125471]]}}, {"type": "Feature", "id": "w1342323895", "properties": {"highway": "service", "walkable": true, "on_campus": false, "nodes": [12418434656, 12418434657]}, "geometry": {"type": "LineString", "coordinates": [[-82.4410329, 34.9123502], [-82.4408664, 34.9124427]]}}, {"type": "Feature", "id": "w1342323896", "properties": {"highway": "footway", "walkable": true, "on_campus": false, "nodes": [12418434658, 12418434659, 12418434660, 12418434656]}, "geometry": {"type": "LineString", "coordinates": [[-82.4410945, 34.9123645], [-82.4410687, 34.9123767], [-82.4410518, 34.9123767], [-82.4410329, 34.9123502]]}}, {"type": "Feature", "id": "w1342323898", "properties": {"highway": "service", "walkable": true, "on_campus": false, "nodes": [12418434667, 12418434668]}, "geometry": {"type": "LineString", "coordinates": [[-82.4409219, 34.9122247], [-82.44077, 34.9123169]]}}, {"type": "Feature", "id": "w1342323900", "properties": {"highway": "service", "walkable": true, "on_campus": false, "nodes": [12418434675, 12418434676]}, "geometry": {"type": "LineString", "coordinates": [[-82.4407709, 34.9120536], [-82.4406338, 34.9121461]]}}, {"type": "Feature", "id": "w1348444945", "properties": {"highway": "service", "walkable": true, "on_campus": false, "nodes": [12473216112, 12473216113]}, "geometry": {"type": "LineString", "coordinates": [[-82.4394113, 34.9155565], [-82.4392345, 34.9154717]]}}, {"type": "Feature", "id": "w1348444949", "properties": {"highway": "service", "walkable": true, "on_campus": false, "nodes": [12473216136, 12473216137]}, "geometry": {"type": "LineString", "coordinates": [[-82.4396814, 34.9149054], [-82.4395958, 34.9149787]]}}, {"type": "Feature", "id": "w1348444951", "properties": {"highway": "service", "walkable": true, "on_campus": false, "nodes": [12473216146, 12473216147]}, "geometry": {"type": "LineString", "coordinates": [[-82.440184, 34.9146104], [-82.4403282, 34.9147458]]}}, {"type": "Feature", "id": "w1348444953", "properties": {"highway": "service", "walkable": true, "on_campus": false, "nodes": [12473216154, 12473216155]}, "geometry": {"type": "LineString", "coordinates": [[-82.4404123, 34.9144358], [-82.4405638, 34.9145634]]}}, {"type": "Feature", "id": "w1348444955", "properties": {"highway": "service", "walkable": true, "on_campus": false, "nodes": [12473216164, 12473216186, 12473216165]}, "geometry": {"type": "LineString", "coordinates": [[-82.4406632, 34.9142314], [-82.4406808, 34.9142472], [-82.4408132, 34.9143663]]}}, {"type": "Feature", "id": "w1348444957", "properties": {"highway": "service", "walkable": true, "on_campus": false, "nodes": [12473216172, 12473216173]}, "geometry": {"type": "LineString", "coordinates": [[-82.4408923, 34.9140263], [-82.4410562, 34.9141726]]}}, {"type": "Feature", "id": "w1348444959", "properties": {"highway": "service", "walkable": true, "on_campus": false, "nodes": [12473216184, 12473216195, 12473216185]}, "geometry": {"type": "LineString", "coordinates": [[-82.4413852, 34.9136664], [-82.4414059, 34.9136868], [-82.4415277, 34.9138063]]}}, {"type": "Feature", "id": "w1348444960", "properties": {"highway": "footway", "walkable": true, "on_campus": false, "nodes": [12473216186, 12473216187, 12473216188, 12473216189, 12473216190, 12473216191]}, "geometry": {"type": "LineString", "coordinates": [[-82.4406808, 34.9142472], [-82.4406446, 34.9142796], [-82.4406188, 34.9143035], [-82.4405898, 34.9143114], [-82.4405599, 34.9143054], [-82.4405515, 34.9142985]]}}, {"type": "Feature", "id": "w1348444961", "properties": {"highway": "footway", "walkable": true, "on_campus": false, "nodes": [12473216193, 12473216194, 12473216195]}, "geometry": {"type": "LineString", "coordinates": [[-82.4413106, 34.9137309], [-82.4413222, 34.9137452], [-82.4414059, 34.9136868]]}}, {"type": "Feature", "id": "w1364867635", "properties": {"highway": "service", "walkable": true, "on_campus": false, "nodes": [113080611, 113080615, 113080619, 113080622]}, "geometry": {"type": "LineString", "coordinates": [[-82.4236849, 34.9261495], [-82.423457, 34.926474], [-82.423409, 34.926559], [-82.423364, 34.926676]]}}, {"type": "Feature", "id": "w1390855925", "properties": {"highway": "service", "walkable": true, "on_campus": false, "nodes": [7014112063, 12874458563, 12874458564]}, "geometry": {"type": "LineString", "coordinates": [[-82.4291906, 34.9136804], [-82.4288947, 34.9136416], [-82.4289028, 34.9136466]]}}, {"type": "Feature", "id": "w1424883518", "properties": {"highway": "footway", "walkable": true, "on_campus": true, "nodes": [3085519966, 3085520135, 3085520154]}, "geometry": {"type": "LineString", "coordinates": [[-82.4386042, 34.9293705], [-82.4386024, 34.9292204], [-82.4385989, 34.9290761]]}}, {"type": "Feature", "id": "w1424883519", "properties": {"highway": "footway", "walkable": true, "on_campus": true, "nodes": [3085520031, 3085520091, 3085519987]}, "geometry": {"type": "LineString", "coordinates": [[-82.438062, 34.9290896], [-82.4380645, 34.9292269], [-82.4380649, 34.9293772]]}}, {"type": "Feature", "id": "w1425708017", "properties": {"highway": "service", "name": "Swan View Drive", "surface": "asphalt", "walkable": true, "on_campus": true, "nodes": [13104791025, 13104791026, 13104791027, 434788818, 13104791012, 13104791010, 13104791011, 13104791018, 13104791019, 13104791020, 13104791021, 736992355, 13104791013, 13104791022, 13104791023, 13104791024, 430541037, 13104791014, 13104791015, 13104791025]}, "geometry": {"type": "LineString", "coordinates": [[-82.4437543, 34.9254527], [-82.4437815, 34.925456], [-82.4438085, 34.9254517], [-82.4438321, 34.9254401], [-82.4438489, 34.9254236], [-82.4438584, 34.9254036], [-82.4438595, 34.9253821], [-82.4438521, 34.9253614], [-82.443837, 34.9253439], [-82.4438158, 34.9253312], [-82.4437908, 34.9253248], [-82.4437646, 34.9253253], [-82.4437404, 34.9253325], [-82.4437203, 34.9253456], [-82.4437062, 34.9253632], [-82.4436996, 34.9253835], [-82.4437012, 34.9254045], [-82.4437116, 34.9254253], [-82.4437301, 34.925442], [-82.4437543, 34.9254527]]}}, {"type": "Feature", "id": "w1425708279", "properties": {"highway": "footway", "surface": "concrete", "walkable": true, "on_campus": true, "nodes": [13104782618, 13104782619, 13104782620]}, "geometry": {"type": "LineString", "coordinates": [[-82.442292, 34.9269216], [-82.4424501, 34.9269677], [-82.4424412, 34.9269875]]}}, {"type": "Feature", "id": "w1425708374", "properties": {"highway": "footway", "walkable": true, "on_campus": true, "nodes": [13104784985, 13104784986, 13104784987, 13104784988]}, "geometry": {"type": "LineString", "coordinates": [[-82.4404606, 34.9301665], [-82.4403089, 34.9302154], [-82.4402032, 34.9302262], [-82.4400984, 34.9301785]]}}, {"type": "Feature", "id": "w1425708375", "properties": {"highway": "footway", "walkable": true, "on_campus": true, "nodes": [13104784987, 13104784989, 13104784990]}, "geometry": {"type": "LineString", "coordinates": [[-82.4402032, 34.9302262], [-82.4401651, 34.9302583], [-82.4400938, 34.9302819]]}}, {"type": "Feature", "id": "w1425708407", "properties": {"highway": "footway", "walkable": true, "on_campus": true, "nodes": [3085460958, 3085460775]}, "geometry": {"type": "LineString", "coordinates": [[-82.4400801, 34.9302604], [-82.4398419, 34.9301749]]}}, {"type": "Feature", "id": "w1434808030", "properties": {"highway": "trunk", "name": "North Highway 25 Bypass", "ref": "US 25", "walkable": false, "on_campus": false, "nodes": [13188296272, 113049675, 113049678, 112802378, 112802386]}, "geometry": {"type": "LineString", "coordinates": [[-82.450612, 34.9317691], [-82.45118, 34.931069], [-82.451577, 34.930566], [-82.4524614, 34.9294693], [-82.452894, 34.928938]]}}, {"type": "Feature", "id": "w1434808031", "properties": {"highway": "trunk", "name": "North Highway 25 Bypass", "ref": "US 25", "walkable": false, "on_campus": false, "nodes": [113049673, 13188296272]}, "geometry": {"type": "LineString", "coordinates": [[-82.450307, 34.932145], [-82.450612, 34.9317691]]}}, {"type": "Feature", "id": "w1456955086", "properties": {"highway": "service", "surface": "asphalt", "walkable": true, "on_campus": false, "nodes": [1129748308, 1129748594, 1129748977, 1129748460, 1129749031, 1129748849, 1129748518]}, "geometry": {"type": "LineString", "coordinates": [[-82.4438703, 34.9363989], [-82.4437117, 34.9365119], [-82.4435692, 34.9365952], [-82.4434285, 34.9366214], [-82.4432735, 34.9366083], [-82.4428598, 34.9364939], [-82.4425894, 34.9364418]]}}, {"type": "Feature", "id": "w1457016675", "properties": {"highway": "service", "name": "Little Creek Drive", "walkable": true, "on_campus": false, "nodes": [113080608, 113080611]}, "geometry": {"type": "LineString", "coordinates": [[-82.423742, 34.926066], [-82.4236849, 34.9261495]]}}, {"type": "Feature", "id": "w1463267766", "properties": {"highway": "service", "walkable": true, "on_campus": false, "nodes": [5040151645, 13422385791, 13422385792, 13422385793, 13945812419, 13945812403, 13945812418, 13945812417, 13945812416]}, "geometry": {"type": "LineString", "coordinates": [[-82.4253113, 34.9119553], [-82.4254962, 34.9119659], [-82.4257363, 34.9118777], [-82.4259733, 34.9118059], [-82.4260332, 34.911816], [-82.4260955, 34.911949], [-82.426163, 34.9120931], [-82.4261459, 34.9121212], [-82.4260698, 34.912155]]}}, {"type": "Feature", "id": "w1489520148", "properties": {"highway": "footway", "walkable": true, "on_campus": false, "nodes": [11952020767, 11952020771, 11952020768]}, "geometry": {"type": "LineString", "coordinates": [[-82.4292707, 34.9129095], [-82.4292568, 34.9129454], [-82.4292338, 34.9130047]]}}, {"type": "Feature", "id": "w1489520832", "properties": {"highway": "tertiary", "name": "Duncan Chapel Road", "surface": "asphalt", "walkable": true, "on_campus": false, "nodes": [112996090, 7306196301, 112996092, 3142707555, 112996094, 112996096]}, "geometry": {"type": "LineString", "coordinates": [[-82.4356677, 34.9148191], [-82.4353133, 34.9147011], [-82.4352688, 34.9146834], [-82.4351365, 34.9146422], [-82.4345717, 34.9144492], [-82.4341129, 34.9143073]]}}, {"type": "Feature", "id": "w1489520833", "properties": {"highway": "tertiary", "name": "Old Buncombe Road", "surface": "asphalt", "walkable": true, "on_campus": false, "nodes": [113018876, 113031937, 8133984151, 3222750774]}, "geometry": {"type": "LineString", "coordinates": [[-82.4292706, 34.9124757], [-82.4293903, 34.9120607], [-82.4294036, 34.9120161], [-82.4295295, 34.9115955]]}}, {"type": "Feature", "id": "w1530128274", "properties": {"highway": "service", "walkable": true, "on_campus": false, "nodes": [13945812415, 13945812414, 13945812413, 13945812412, 13945812411]}, "geometry": {"type": "LineString", "coordinates": [[-82.4256758, 34.9122711], [-82.425604, 34.9122849], [-82.4255484, 34.912265], [-82.4255255, 34.9122381], [-82.425487, 34.9121411]]}}, {"type": "Feature", "id": "w1530128275", "properties": {"covered": "yes", "highway": "service", "walkable": true, "on_campus": false, "nodes": [13945812416, 13945812415]}, "geometry": {"type": "LineString", "coordinates": [[-82.4260698, 34.912155], [-82.4256758, 34.9122711]]}}, {"type": "Feature", "id": "w1530128277", "properties": {"highway": "service", "walkable": true, "on_campus": false, "nodes": [13945812403, 13945812411]}, "geometry": {"type": "LineString", "coordinates": [[-82.4260955, 34.911949], [-82.425487, 34.9121411]]}}, {"type": "Feature", "id": "w1530128278", "properties": {"highway": "service", "walkable": true, "on_campus": false, "nodes": [13945812411, 13945812402, 5359357565]}, "geometry": {"type": "LineString", "coordinates": [[-82.425487, 34.9121411], [-82.4254029, 34.9121563], [-82.4252779, 34.9121811]]}}, {"type": "Feature", "id": "w1532386827", "properties": {"access": "no", "highway": "service", "walkable": true, "on_campus": false, "nodes": [13965865921, 13965865922, 13965865923, 13965865924, 13965865925, 13965865926, 13965865927, 13965865928, 13965865929, 13965865930]}, "geometry": {"type": "LineString", "coordinates": [[-82.4438508, 34.940116], [-82.4437409, 34.9400572], [-82.443633, 34.9399605], [-82.443567, 34.9393229], [-82.4433238, 34.9390737], [-82.443288, 34.938609], [-82.4429411, 34.9381561], [-82.4427355, 34.9380373], [-82.442596, 34.9379992], [-82.4425383, 34.9379979]]}}, {"type": "Feature", "id": "w1532386828", "properties": {"access": "no", "highway": "service", "walkable": true, "on_campus": false, "nodes": [13965865929, 13965865931, 13965865932, 13965865933, 13965865934, 13965865935]}, "geometry": {"type": "LineString", "coordinates": [[-82.442596, 34.9379992], [-82.4426872, 34.9379743], [-82.4429036, 34.9378849], [-82.4432898, 34.9376078], [-82.4435813, 34.9373234], [-82.4436153, 34.9372252]]}}, {"type": "Feature", "id": "w1532386829", "properties": {"access": "no", "highway": "service", "walkable": true, "on_campus": false, "nodes": [13965865930, 13965865936, 13965865937, 13965865938, 13965865939, 13965865940, 13965865941, 13965865942]}, "geometry": {"type": "LineString", "coordinates": [[-82.4425383, 34.9379979], [-82.4424083, 34.9380065], [-82.4423153, 34.9380872], [-82.4422795, 34.9384316], [-82.4422956, 34.9387116], [-82.4422509, 34.9388685], [-82.4421669, 34.9390385], [-82.4421883, 34.9391865]]}}, {"type": "Feature", "id": "w1532386830", "properties": {"access": "no", "highway": "service", "walkable": true, "on_campus": false, "nodes": [13965865936, 13965865943, 13965865944, 13965865945]}, "geometry": {"type": "LineString", "coordinates": [[-82.4424083, 34.9380065], [-82.4423046, 34.9378957], [-82.4421772, 34.9371713], [-82.4421471, 34.937008]]}}, {"type": "Feature", "id": "w1551840267", "properties": {"highway": "footway", "name": "Furman University Lake Trail", "surface": "unhewn_cobblestone", "walkable": true, "on_campus": true, "nodes": [430541173, 430541174, 3109824616, 430541175, 430541176, 430541177, 430541178, 3084658695, 3109824617]}, "geometry": {"type": "LineString", "coordinates": [[-82.4378028, 34.9286622], [-82.4377659, 34.9286232], [-82.4377266, 34.9285885], [-82.4377086, 34.928551], [-82.4377008, 34.9284907], [-82.4376757, 34.9284129], [-82.4376546, 34.9283716], [-82.4376334, 34.9283404], [-82.4376073, 34.9283007]]}}, {"type": "Feature", "id": "w1551853104", "properties": {"highway": "footway", "walkable": true, "on_campus": true, "nodes": [14116838326, 14116838325, 14116838327, 14116838328, 3078472158]}, "geometry": {"type": "LineString", "coordinates": [[-82.4342344, 34.9269521], [-82.4341729, 34.9269163], [-82.4340586, 34.9268689], [-82.4339884, 34.9268418], [-82.4339864, 34.9268195]]}}, {"type": "Feature", "id": "w1551853105", "properties": {"highway": "footway", "walkable": true, "on_campus": true, "nodes": [3078472107, 14116838326]}, "geometry": {"type": "LineString", "coordinates": [[-82.4343134, 34.9269782], [-82.4342344, 34.9269521]]}}, {"type": "Feature", "id": "w172331158", "properties": {"highway": "trunk", "name": "Poinsett Highway", "ref": "US 276", "surface": "asphalt", "walkable": false, "on_campus": false, "nodes": [626034090, 113267297, 113267300, 112655288, 112698704, 113267303, 113267306, 113267309, 113267311, 113267312, 113267314, 113267316, 113267318, 113267321, 113267323, 113267325, 113267328, 113267330, 113267332, 112702690]}, "geometry": {"type": "LineString", "coordinates": [[-82.4331771, 34.9232566], [-82.433165, 34.922701], [-82.433163, 34.922624], [-82.433164, 34.922248], [-82.433164, 34.921888], [-82.433167, 34.92002], [-82.433147, 34.919671], [-82.433095, 34.919302], [-82.433027, 34.918991], [-82.43294, 34.918694], [-82.432846, 34.918432], [-82.432719, 34.918145], [-82.432574, 34.917865], [-82.432402, 34.917581], [-82.432212, 34.917307], [-82.43201, 34.917053], [-82.431698, 34.916705], [-82.431442, 34.916458], [-82.431158, 34.916224], [-82.430786, 34.915961]]}}, {"type": "Feature", "id": "w172331159", "properties": {"highway": "trunk", "name": "Poinsett Highway", "ref": "US 276", "surface": "asphalt", "walkable": false, "on_campus": false, "nodes": [112655289, 113267095, 113267097, 113267099, 626034131, 112655312, 113267102]}, "geometry": {"type": "LineString", "coordinates": [[-82.43295, 34.922408], [-82.432963, 34.922732], [-82.432968, 34.922854], [-82.432966, 34.923435], [-82.4329661, 34.9235468], [-82.4329665, 34.92439], [-82.432979, 34.9246569]]}}, {"type": "Feature", "id": "w172331170", "properties": {"highway": "trunk_link", "surface": "asphalt", "walkable": false, "on_campus": true, "nodes": [736992468, 626034113, 626034115, 626034097, 626034099, 626034102, 626034104, 626034086, 626034089, 626034090]}, "geometry": {"type": "LineString", "coordinates": [[-82.4346999, 34.9250729], [-82.4344923, 34.9250022], [-82.4342376, 34.9249026], [-82.4339498, 34.9247623], [-82.4338169, 34.9246479], [-82.4336139, 34.9244486], [-82.4334589, 34.9242567], [-82.4333261, 34.9240427], [-82.4332227, 34.9237327], [-82.4331771, 34.9232566]]}}, {"type": "Feature", "id": "w172331171", "properties": {"highway": "service", "surface": "asphalt", "walkable": true, "on_campus": true, "nodes": [736992315, 736992468]}, "geometry": {"type": "LineString", "coordinates": [[-82.4345351, 34.9253729], [-82.4346999, 34.9250729]]}}, {"type": "Feature", "id": "w172331172", "properties": {"highway": "trunk_link", "name": "Paladin Parkway", "surface": "asphalt", "walkable": false, "on_campus": true, "nodes": [736992315, 626034111, 626034093]}, "geometry": {"type": "LineString", "coordinates": [[-82.4345351, 34.9253729], [-82.434665, 34.9254197], [-82.4348756, 34.9254956]]}}, {"type": "Feature", "id": "w172348300", "properties": {"highway": "unclassified", "name": "New Plaza Drive", "surface": "asphalt", "walkable": true, "on_campus": false, "nodes": [626033990, 113018853, 113018855, 113018860, 3222750768, 113018864, 3222750770, 113018867, 8758904742, 113018870, 3222750773, 113018873, 3222750775, 3222750776, 8758904743, 3222750777, 3222750780, 3222750784, 3222750786, 3222750790, 3222750794, 8758904744, 8133984157, 8133984153, 113018876]}, "geometry": {"type": "LineString", "coordinates": [[-82.4265881, 34.9112014], [-82.426593, 34.911225], [-82.42661, 34.911274], [-82.426648, 34.911326], [-82.4266891, 34.9113748], [-82.426728, 34.911421], [-82.4268162, 34.9114999], [-82.426832, 34.911514], [-82.4268641, 34.9115353], [-82.426905, 34.91156], [-82.4269677, 34.9115918], [-82.427033, 34.911625], [-82.4271404, 34.9116659], [-82.4272972, 34.9117256], [-82.4274185, 34.9117729], [-82.4274862, 34.9117976], [-82.4276467, 34.9118587], [-82.4278435, 34.9119337], [-82.4280091, 34.9119967], [-82.4281872, 34.9120646], [-82.42837, 34.9121372], [-82.4285468, 34.9122033], [-82.4286411, 34.9122374], [-82.4287274, 34.9122702], [-82.4292706, 34.9124757]]}}, {"type": "Feature", "id": "w172348302", "properties": {"highway": "tertiary", "name": "Old Buncombe Road", "surface": "asphalt", "walkable": true, "on_campus": false, "nodes": [11681596007, 11681595986, 12874458563, 458612467, 7014112061, 11952020770, 113060969]}, "geometry": {"type": "LineString", "coordinates": [[-82.428838, 34.9139786], [-82.428886, 34.9136808], [-82.4288947, 34.9136416], [-82.428926, 34.913501], [-82.428962, 34.9133674], [-82.4291071, 34.9129872], [-82.4291327, 34.91292]]}}, {"type": "Feature", "id": "w172348304", "properties": {"highway": "trunk", "name": "Poinsett Highway", "ref": "US 276", "surface": "asphalt", "walkable": false, "on_campus": false, "nodes": [112702690, 113267338, 113267340, 458612448, 458612447, 458612446, 113267350, 113267352, 458612443]}, "geometry": {"type": "LineString", "coordinates": [[-82.430786, 34.915961], [-82.429414, 34.915218], [-82.428762, 34.914832], [-82.428537, 34.914674], [-82.428333, 34.914518], [-82.42813, 34.914346], [-82.42792, 34.91415], [-82.427705, 34.913929], [-82.42756, 34.913776]]}}, {"type": "Feature", "id": "w172348305", "properties": {"access": "private", "highway": "service", "walkable": true, "on_campus": false, "nodes": [1832591050, 7138176242, 1832591049, 1832591048, 1832591047]}, "geometry": {"type": "LineString", "coordinates": [[-82.4299759, 34.914789], [-82.4299901, 34.9147556], [-82.4300227, 34.9146739], [-82.4299916, 34.914549], [-82.429789, 34.9144629]]}}, {"type": "Feature", "id": "w227570271", "properties": {"highway": "residential", "name": "Trails Edge Court", "surface": "asphalt", "walkable": true, "on_campus": false, "nodes": [2362309184, 2362309185, 2362309186, 2362309187, 2362309188, 2362309191, 2362309192, 2362309193, 2362309194]}, "geometry": {"type": "LineString", "coordinates": [[-82.4464769, 34.9121723], [-82.4465548, 34.912261], [-82.4466099, 34.9123881], [-82.4466274, 34.9125522], [-82.4466274, 34.9127594], [-82.4465623, 34.913028], [-82.4464698, 34.9132475], [-82.4464273, 34.9133685], [-82.4464173, 34.9134997]]}}, {"type": "Feature", "id": "w262761903", "properties": {"highway": "service", "walkable": true, "on_campus": false, "nodes": [2684164850, 2684164851, 2684164855, 2684164856, 2684164854, 2684164852, 2684164849, 2684164844, 2684164841, 2684164840]}, "geometry": {"type": "LineString", "coordinates": [[-82.4343367, 34.9128569], [-82.4341621, 34.91289], [-82.4337983, 34.912959], [-82.4336459, 34.9129879], [-82.4334446, 34.9129509], [-82.4332816, 34.9128987], [-82.4330974, 34.9128398], [-82.4328336, 34.9125893], [-82.4327016, 34.9124214], [-82.4327051, 34.9122449]]}}, {"type": "Feature", "id": "w262761905", "properties": {"highway": "service", "walkable": true, "on_campus": false, "nodes": [2684164849, 2684164845, 2684164842, 2684164843, 12147148127, 2684164847, 2684164853, 2684164858, 2684164867, 2684164869, 2684164870, 2684164871, 2684164873, 2684164872, 2684164868, 2684164852]}, "geometry": {"type": "LineString", "coordinates": [[-82.4330974, 34.9128398], [-82.4326287, 34.9126149], [-82.4323302, 34.9125324], [-82.4319969, 34.9125552], [-82.43184, 34.9126817], [-82.4317886, 34.9127231], [-82.4317157, 34.9129452], [-82.4316845, 34.9131928], [-82.4319761, 34.9133978], [-82.432149, 34.9134477], [-82.4323087, 34.9134938], [-82.4324091, 34.9135228], [-82.4327155, 34.9136113], [-82.4328995, 34.9135572], [-82.43308, 34.9134206], [-82.4332816, 34.9128987]]}}, {"type": "Feature", "id": "w262761908", "properties": {"highway": "service", "walkable": true, "on_campus": false, "nodes": [2684164877, 2684164870]}, "geometry": {"type": "LineString", "coordinates": [[-82.432208, 34.9137253], [-82.4323087, 34.9134938]]}}, {"type": "Feature", "id": "w262761910", "properties": {"highway": "service", "walkable": true, "on_campus": false, "nodes": [2684164863, 2684164851]}, "geometry": {"type": "LineString", "coordinates": [[-82.4340132, 34.9133084], [-82.4341621, 34.91289]]}}, {"type": "Feature", "id": "w262761911", "properties": {"access": "private", "highway": "service", "walkable": true, "on_campus": false, "nodes": [112996096, 8758970798, 3142707550, 2684164876, 2684164865, 2684164863, 2684164859]}, "geometry": {"type": "LineString", "coordinates": [[-82.4341129, 34.9143073], [-82.4341257, 34.9142147], [-82.4341357, 34.9141357], [-82.4341909, 34.9137195], [-82.4341701, 34.9133522], [-82.4340132, 34.9133084], [-82.4337223, 34.913227]]}}, {"type": "Feature", "id": "w262761915", "properties": {"highway": "service", "walkable": true, "on_campus": false, "nodes": [2684164872, 2684164875, 2684164878, 2684164859, 2684164857, 2684164855]}, "geometry": {"type": "LineString", "coordinates": [[-82.4328995, 34.9135572], [-82.4332397, 34.9137138], [-82.433507, 34.9137593], [-82.4337223, 34.913227], [-82.4338021, 34.9130733], [-82.4337983, 34.912959]]}}, {"type": "Feature", "id": "w262761917", "properties": {"highway": "service", "walkable": true, "on_campus": false, "nodes": [2684164871, 2684164866, 2684164862, 2684164860, 2684164864, 2684164869]}, "geometry": {"type": "LineString", "coordinates": [[-82.4324091, 34.9135228], [-82.432476, 34.913375], [-82.4324135, 34.9132839], [-82.4322677, 34.913264], [-82.4321913, 34.9133466], [-82.432149, 34.9134477]]}}, {"type": "Feature", "id": "w303471300", "properties": {"highway": "footway", "walkable": true, "on_campus": true, "nodes": [3078323144, 3078323135, 3078317130, 3078317126, 3078317122, 3078317119, 3078317115, 3078317111, 3078323147, 3078323142, 3078323138, 3078323133, 5733623455, 3078317128]}, "geometry": {"type": "LineString", "coordinates": [[-82.4391669, 34.9257999], [-82.4391233, 34.925846], [-82.4390669, 34.9258711], [-82.4389808, 34.925888], [-82.4388827, 34.9258948], [-82.438795, 34.9259103], [-82.4387039, 34.9259421], [-82.438612, 34.9259951], [-82.4385382, 34.9260705], [-82.4384732, 34.926148], [-82.4384221, 34.9262322], [-82.4384029, 34.9262877], [-82.4383872, 34.926323], [-82.4383604, 34.9263849]]}}, {"type": "Feature", "id": "w303471301", "properties": {"highway": "footway", "walkable": true, "on_campus": true, "nodes": [3078317131, 3078323136, 3078323140, 3078323145, 3078317124, 3078323149, 3078317117, 3078317111]}, "geometry": {"type": "LineString", "coordinates": [[-82.4386936, 34.9255418], [-82.4386856, 34.9255836], [-82.438668, 34.9256608], [-82.4386442, 34.9257442], [-82.4386486, 34.9258087], [-82.4386339, 34.9258833], [-82.4386066, 34.9259489], [-82.438612, 34.9259951]]}}, {"type": "Feature", "id": "w303471302", "properties": {"highway": "footway", "walkable": true, "on_campus": true, "nodes": [3078317125, 3078323148, 3078317113]}, "geometry": {"type": "LineString", "coordinates": [[-82.4381988, 34.9267329], [-82.4378186, 34.9274643], [-82.4380936, 34.9275653]]}}, {"type": "Feature", "id": "w303491770", "properties": {"highway": "service", "walkable": true, "on_campus": true, "nodes": [3078471853, 3078471844, 3078471845, 3078471846, 3078471848, 3078471854, 3078471849, 3078471850, 3078471851, 3078471852, 3078471853, 3078471854]}, "geometry": {"type": "LineString", "coordinates": [[-82.4375788, 34.9278951], [-82.4377726, 34.9279174], [-82.4378179, 34.9278801], [-82.4379378, 34.9276185], [-82.4378112, 34.9275738], [-82.4377528, 34.9275516], [-82.4375564, 34.9274847], [-82.4374424, 34.9276914], [-82.4374233, 34.9277349], [-82.4373911, 34.9278164], [-82.4375788, 34.9278951], [-82.4377528, 34.9275516]]}}, {"type": "Feature", "id": "w303491771", "properties": {"highway": "footway", "walkable": true, "on_campus": true, "nodes": [3078317112, 6486416433, 6486416424, 6486416423, 6486416422, 6486416407, 6486416421, 430541208]}, "geometry": {"type": "LineString", "coordinates": [[-82.4387071, 34.9265953], [-82.4387606, 34.9265964], [-82.4387958, 34.9266006], [-82.4388533, 34.9265695], [-82.4389249, 34.9264917], [-82.4391241, 34.9262515], [-82.4391861, 34.9261759], [-82.4393106, 34.9261879]]}}, {"type": "Feature", "id": "w303491772", "properties": {"highway": "footway", "walkable": true, "on_campus": true, "nodes": [3078471862, 3220896879, 3078471859, 3078471860, 3078471861, 3078471862, 3078471863, 3078471864, 3081860692, 3078471865, 3078471866, 3078471867, 3078471868, 3078471869, 3081860698, 12363347832, 3078471870, 3078471871, 3078471899, 3078471872, 3078471873, 3092857606, 3092857607, 3078471874, 3092857608, 3092857604, 3092857605, 3078471875, 3092858065, 3078471876]}, "geometry": {"type": "LineString", "coordinates": [[-82.4392515, 34.9254934], [-82.4392134, 34.9255118], [-82.4391563, 34.9255341], [-82.4392931, 34.9256188], [-82.4393535, 34.9255561], [-82.4392515, 34.9254934], [-82.4392136, 34.9254676], [-82.4388814, 34.9252559], [-82.4387298, 34.9251382], [-82.4387138, 34.9251262], [-82.4385676, 34.9249986], [-82.4384201, 34.9248667], [-82.4383074, 34.9247369], [-82.4384254, 34.924594], [-82.4384888, 34.924518], [-82.4385552, 34.9244387], [-82.4386886, 34.9242796], [-82.4389377, 34.9240244], [-82.438983, 34.9239935], [-82.4390571, 34.923943], [-82.4392158, 34.9238264], [-82.4392867, 34.9238034], [-82.4393243, 34.9238001], [-82.4393565, 34.9238034], [-82.4394034, 34.92381], [-82.4394396, 34.9238122], [-82.4394866, 34.9238133], [-82.4395144, 34.9237957], [-82.4395348, 34.923733], [-82.4395573, 34.9236747]]}}, {"type": "Feature", "id": "w303491773", "properties": {"highway": "footway", "walkable": true, "on_campus": true, "nodes": [3078471876, 3078471877, 3078471878, 3078471879, 3078471880, 3078471937, 3078471881, 3078471882, 3078471883, 3078471884, 3078471885, 3078471886, 3087553434, 3078471887, 3078471888, 3078471889, 3078471890, 3078471891, 3078471892, 3078471893, 3078471894, 3078471895, 3078471896, 3078471897, 3078471898]}, "geometry": {"type": "LineString", "coordinates": [[-82.4395573, 34.9236747], [-82.4395546, 34.9236406], [-82.43956, 34.9235956], [-82.4395935, 34.9235219], [-82.4396566, 34.9234273], [-82.4396749, 34.9234017], [-82.4397022, 34.9233636], [-82.4397491, 34.923302], [-82.4397813, 34.9232668], [-82.4398094, 34.9232591], [-82.4398389, 34.9232635], [-82.4398644, 34.9232844], [-82.4399226, 34.9233302], [-82.4399959, 34.9233877], [-82.4401233, 34.9234889], [-82.4402305, 34.9235725], [-82.4403258, 34.9236472], [-82.4403928, 34.9236967], [-82.440417, 34.9237176], [-82.4404223, 34.9237352], [-82.4404116, 34.9237517], [-82.4403687, 34.9237858], [-82.4403325, 34.9238331], [-82.4403419, 34.9238606], [-82.4402507, 34.9238782]]}}, {"type": "Feature", "id": "w303491774", "properties": {"highway": "footway", "walkable": true, "on_campus": true, "nodes": [3078471899, 3078471900, 3078471901, 3092857587, 3078471902]}, "geometry": {"type": "LineString", "coordinates": [[-82.438983, 34.9239935], [-82.4389283, 34.9239364], [-82.438872, 34.9238892], [-82.4388454, 34.9238605], [-82.438813, 34.9238254]]}}, {"type": "Feature", "id": "w303491775", "properties": {"highway": "footway", "walkable": true, "on_campus": true, "nodes": [3078471922, 3078471923, 3078471927, 3078471924, 3078471925]}, "geometry": {"type": "LineString", "coordinates": [[-82.4388291, 34.9233976], [-82.4388894, 34.9233372], [-82.4390524, 34.9232227], [-82.4391416, 34.9231601], [-82.4392663, 34.9230689]]}}, {"type": "Feature", "id": "w303491776", "properties": {"highway": "footway", "walkable": true, "on_campus": true, "nodes": [3078471926, 3078471927, 3078471928]}, "geometry": {"type": "LineString", "coordinates": [[-82.4386185, 34.9232239], [-82.4390524, 34.9232227], [-82.43899, 34.922883]]}}, {"type": "Feature", "id": "w303491777", "properties": {"highway": "footway", "walkable": true, "on_campus": true, "nodes": [3078471927, 3078471929, 3078471930, 3078471931, 3078471932, 3092857581]}, "geometry": {"type": "LineString", "coordinates": [[-82.4390524, 34.9232227], [-82.4391148, 34.9232569], [-82.4391751, 34.9233009], [-82.4392033, 34.923313], [-82.4394313, 34.92338], [-82.4395933, 34.9234231]]}}, {"type": "Feature", "id": "w303491778", "properties": {"highway": "footway", "walkable": true, "on_campus": true, "nodes": [3078471933, 3078471934, 3078471935, 3078471936, 736992245, 3078471937]}, "geometry": {"type": "LineString", "coordinates": [[-82.4395837, 34.9231456], [-82.4396217, 34.9231722], [-82.4396485, 34.9232316], [-82.4396606, 34.9232745], [-82.4396669, 34.9233344], [-82.4396749, 34.9234017]]}}, {"type": "Feature", "id": "w303491779", "properties": {"highway": "footway", "walkable": true, "on_campus": true, "nodes": [3078471934, 3078471938, 3078471939, 5733613549, 3078471884]}, "geometry": {"type": "LineString", "coordinates": [[-82.4396217, 34.9231722], [-82.4396767, 34.9231942], [-82.4397223, 34.9232129], [-82.4397738, 34.9232402], [-82.4398094, 34.9232591]]}}, {"type": "Feature", "id": "w303491780", "properties": {"highway": "footway", "walkable": true, "on_campus": true, "nodes": [3078471940, 3078471961, 3078471949, 3078471941]}, "geometry": {"type": "LineString", "coordinates": [[-82.4386521, 34.9235714], [-82.4386349, 34.9235887], [-82.4384676, 34.9237585], [-82.4383568, 34.9238689]]}}, {"type": "Feature", "id": "w303491781", "properties": {"highway": "footway", "walkable": true, "on_campus": true, "nodes": [3078471949, 3078471950, 3078471951, 3078471952, 3078471953, 3078471967, 3078471954, 3078471955, 3078471956, 3078471957, 3078471958, 3078471959, 3078471960]}, "geometry": {"type": "LineString", "coordinates": [[-82.4384676, 34.9237585], [-82.4384509, 34.9237165], [-82.4384284, 34.923678], [-82.438415, 34.9236539], [-82.438411, 34.9236308], [-82.4384107, 34.92361], [-82.4384093, 34.9235912], [-82.4384053, 34.9235604], [-82.4384174, 34.9235263], [-82.438416, 34.9234878], [-82.4383973, 34.9234559], [-82.4383664, 34.9234174], [-82.4383892, 34.9233954]]}}, {"type": "Feature", "id": "w303491782", "properties": {"highway": "footway", "walkable": true, "on_campus": true, "nodes": [3078471961, 3078471962, 3078471963, 3078471964, 3092857603, 3078471965, 3078471966, 3078471967, 3078471968, 3092857601, 3078471969, 3092857602, 3078471970, 3078471971, 3078471959]}, "geometry": {"type": "LineString", "coordinates": [[-82.4386349, 34.9235887], [-82.4386065, 34.9235758], [-82.4385733, 34.9235725], [-82.4385317, 34.9235769], [-82.4384915, 34.9235901], [-82.438467, 34.9235989], [-82.4384308, 34.9236077], [-82.4384107, 34.92361], [-82.4383718, 34.9236143], [-82.4383332, 34.9236176], [-82.4382927, 34.9236165], [-82.4382594, 34.9236132], [-82.4382162, 34.9236066], [-82.4381773, 34.9236022], [-82.4383664, 34.9234174]]}}, {"type": "Feature", "id": "w303491783", "properties": {"highway": "footway", "surface": "concrete", "walkable": true, "on_campus": true, "nodes": [3078471971, 3078471972, 3078471973, 3082164850, 3078471974, 5733633336, 3078471975, 3078471976, 3079063862, 3078471977, 3078471978, 3078472065, 3078471979, 3078471980, 3078471981, 3078471982, 3078471983]}, "geometry": {"type": "LineString", "coordinates": [[-82.4381773, 34.9236022], [-82.4381424, 34.9236506], [-82.4381116, 34.9236869], [-82.4380845, 34.9237061], [-82.4377092, 34.9241377], [-82.4376847, 34.9241727], [-82.4376543, 34.9242162], [-82.4375805, 34.9243092], [-82.4372069, 34.9248176], [-82.4371031, 34.9249415], [-82.4369663, 34.9251471], [-82.4369504, 34.9251724], [-82.4368067, 34.9254], [-82.4366739, 34.9256166], [-82.4365988, 34.9257683], [-82.4365452, 34.9258651], [-82.4365105, 34.925881]]}}, {"type": "Feature", "id": "w303491784", "properties": {"highway": "footway", "walkable": true, "on_campus": true, "nodes": [3078471982, 3079063861, 3078472067, 3078471984, 3078471985, 3078471986, 3086124320, 3078471987, 3078472064, 3078471988, 3078471989, 3078471990, 12417317748, 12417317750, 12417317749, 12417317747, 3079063863]}, "geometry": {"type": "LineString", "coordinates": [[-82.4365452, 34.9258651], [-82.4367219, 34.9257912], [-82.4369957, 34.9256768], [-82.4372425, 34.9255784], [-82.4372278, 34.9254121], [-82.437209, 34.9253516], [-82.4371893, 34.9253111], [-82.4371648, 34.9252746], [-82.4371548, 34.9252606], [-82.4371246, 34.9252185], [-82.4371165, 34.9251955], [-82.4371339, 34.9251559], [-82.4372224, 34.9250294], [-82.437239, 34.9249985], [-82.4372252, 34.9249418], [-82.4372304, 34.9249062], [-82.4372693, 34.9248469]]}}, {"type": "Feature", "id": "w303491785", "properties": {"highway": "footway", "walkable": true, "on_campus": true, "nodes": [3078471984, 3078472004, 3078472005, 3078472010, 3078472006, 3078472007, 3078472008, 3078472059, 3078472009]}, "geometry": {"type": "LineString", "coordinates": [[-82.4372425, 34.9255784], [-82.4372761, 34.9255924], [-82.4373204, 34.9255902], [-82.4373347, 34.92556], [-82.4373418, 34.9255451], [-82.4373874, 34.9254671], [-82.437433, 34.9254187], [-82.4374393, 34.9254074], [-82.4374609, 34.9253737]]}}, {"type": "Feature", "id": "w303491786", "properties": {"highway": "footway", "walkable": true, "on_campus": true, "nodes": [3078472010, 3078472011, 3078472012, 3078472013, 3078472014, 3078472015, 3078472016, 3078472017, 3078472018, 3078472019, 3078472020, 3078472021, 3078472022, 3078471858]}, "geometry": {"type": "LineString", "coordinates": [[-82.4373347, 34.92556], [-82.437433, 34.9255297], [-82.437492, 34.9255187], [-82.437665, 34.9255143], [-82.4377106, 34.9255143], [-82.4378233, 34.9255605], [-82.4379225, 34.9255968], [-82.4379936, 34.9256133], [-82.4380459, 34.9256188], [-82.4380888, 34.9256144], [-82.4382645, 34.9255858], [-82.4384214, 34.9255561], [-82.438522, 34.925533], [-82.4385837, 34.9255143]]}}, {"type": "Feature", "id": "w303491787", "properties": {"highway": "footway", "walkable": true, "on_campus": true, "nodes": [3078472024, 3078472025]}, "geometry": {"type": "LineString", "coordinates": [[-82.4374384, 34.9259663], [-82.4375398, 34.9257426]]}}, {"type": "Feature", "id": "w303491788", "properties": {"highway": "footway", "walkable": true, "on_campus": true, "nodes": [3092429200, 3092429201, 3092429202, 3078472025, 3078472026, 3078472027, 3092429195, 3092429196, 3078472028, 3078472029, 3078472030, 3092429197, 3092429198, 3078472031, 3078472040, 3092429199, 3078472039, 3092429203, 3078472038, 3078472037, 3078472036, 3078472035, 3092429200]}, "geometry": {"type": "LineString", "coordinates": [[-82.4375122, 34.9257166], [-82.4375178, 34.9257275], [-82.4375274, 34.9257365], [-82.4375398, 34.9257426], [-82.4375526, 34.9257452], [-82.4375657, 34.9257446], [-82.4375781, 34.9257411], [-82.4375888, 34.9257348], [-82.4375969, 34.9257263], [-82.437602, 34.9257154], [-82.4376028, 34.9257037], [-82.4375991, 34.9256923], [-82.4375914, 34.9256825], [-82.4375803, 34.925675], [-82.4375696, 34.9256712], [-82.437558, 34.9256698], [-82.4375464, 34.9256708], [-82.43754, 34.9256729], [-82.437533, 34.9256753], [-82.4375219, 34.925683], [-82.4375144, 34.9256931], [-82.437511, 34.9257047], [-82.4375122, 34.9257166]]}}, {"type": "Feature", "id": "w303491789", "properties": {"highway": "footway", "walkable": true, "on_campus": true, "nodes": [3092429203, 3078472042, 3078472043, 3078472012]}, "geometry": {"type": "LineString", "coordinates": [[-82.43754, 34.9256729], [-82.4375296, 34.9256364], [-82.4375135, 34.9255891], [-82.437492, 34.9255187]]}}, {"type": "Feature", "id": "w303491790", "properties": {"highway": "footway", "walkable": true, "on_campus": true, "nodes": [3078472004, 3078472044, 3078472045, 3078472046, 3078472047, 3078472048, 3078472049, 3078472050, 3078472051, 3078472024, 3078472052, 3078472053, 3078472054, 736991850]}, "geometry": {"type": "LineString", "coordinates": [[-82.4372761, 34.9255924], [-82.4372815, 34.9256221], [-82.4372761, 34.9256452], [-82.4372587, 34.9256694], [-82.4372466, 34.9257013], [-82.4372493, 34.9257408], [-82.4372654, 34.9257936], [-82.4373002, 34.9258541], [-82.4373686, 34.9259113], [-82.4374384, 34.9259663], [-82.4375269, 34.9260157], [-82.4375859, 34.9260432], [-82.4376167, 34.9260564], [-82.4376129, 34.9260845]]}}, {"type": "Feature", "id": "w303491791", "properties": {"highway": "footway", "walkable": true, "on_campus": true, "nodes": [3078472024, 3078472068, 3078472055]}, "geometry": {"type": "LineString", "coordinates": [[-82.4374384, 34.9259663], [-82.4373067, 34.9262942], [-82.4372868, 34.9264254]]}}, {"type": "Feature", "id": "w303491792", "properties": {"highway": "footway", "walkable": true, "on_campus": true, "nodes": [3078471984, 3078472058, 3078472057, 3078471979]}, "geometry": {"type": "LineString", "coordinates": [[-82.4372425, 34.9255784], [-82.4368832, 34.925433], [-82.4368429, 34.9254165], [-82.4368067, 34.9254]]}}, {"type": "Feature", "id": "w303491793", "properties": {"highway": "footway", "walkable": true, "on_campus": true, "nodes": [3078472058, 3078471985, 3078472059, 3078472060, 3078472061, 3078472062]}, "geometry": {"type": "LineString", "coordinates": [[-82.4368832, 34.925433], [-82.4372278, 34.9254121], [-82.4374393, 34.9254074], [-82.4374813, 34.9254033], [-82.4376154, 34.9254627], [-82.4376775, 34.9254923]]}}, {"type": "Feature", "id": "w303491794", "properties": {"highway": "footway", "walkable": true, "on_campus": true, "nodes": [3078472059, 3078472063, 3078472064, 3078472065]}, "geometry": {"type": "LineString", "coordinates": [[-82.4374393, 34.9254074], [-82.4374263, 34.9253791], [-82.4371548, 34.9252606], [-82.4369504, 34.9251724]]}}, {"type": "Feature", "id": "w303491795", "properties": {"highway": "footway", "walkable": true, "on_campus": true, "nodes": [3078472058, 3078472067, 3078472068]}, "geometry": {"type": "LineString", "coordinates": [[-82.4368832, 34.925433], [-82.4369957, 34.9256768], [-82.4373067, 34.9262942]]}}, {"type": "Feature", "id": "w303491797", "properties": {"highway": "footway", "walkable": true, "on_campus": true, "nodes": [3078472069, 3078472070, 3078472071, 3222447665, 3078472072, 3078472073, 5733595632, 5733595631, 3078472074, 3078472075, 3078472076, 3078472077, 3078472078, 3078472079, 3078472080, 3078472081, 3663527718, 3078472082, 3078472083, 3084658652, 3078472084, 3078472085, 3663527719, 3078472086, 3078472087, 3078472088, 3663527721, 3078472089, 3078472090, 3078472091, 3078472092, 3078472093, 3084658788, 3084658787, 3078472094, 3078472095, 3078472096, 3078472097, 3078472098, 3078472099, 3078472100, 3078472101, 3078472102, 3078472103, 3078472104, 3078472105, 3078472106, 3078472108, 3078472107]}, "geometry": {"type": "LineString", "coordinates": [[-82.4363982, 34.9254096], [-82.4363534, 34.9254923], [-82.4363266, 34.9255044], [-82.4363169, 34.9255297], [-82.4362638, 34.9256379], [-82.4361925, 34.9256144], [-82.436121, 34.9255815], [-82.4361273, 34.925617], [-82.4361341, 34.9256996], [-82.4361295, 34.9257233], [-82.4361147, 34.9258079], [-82.4360906, 34.925864], [-82.436049, 34.9259465], [-82.4359994, 34.9260157], [-82.4359444, 34.9260718], [-82.4358854, 34.9261147], [-82.4358633, 34.9261291], [-82.4358398, 34.9261444], [-82.4358049, 34.9261631], [-82.435798, 34.9261741], [-82.4357794, 34.9262038], [-82.4357298, 34.9262192], [-82.435606, 34.9262513], [-82.4354924, 34.9262807], [-82.4354911, 34.9263049], [-82.4354777, 34.9263291], [-82.4354188, 34.9264527], [-82.4354012, 34.9264896], [-82.4354093, 34.9265072], [-82.4354106, 34.9265292], [-82.4353986, 34.9265589], [-82.4352296, 34.9268888], [-82.4351517, 34.9270367], [-82.4350956, 34.9271432], [-82.4350807, 34.9271714], [-82.4350619, 34.9271901], [-82.4350311, 34.9271945], [-82.4349935, 34.9271912], [-82.4348474, 34.9271395], [-82.4348326, 34.9271263], [-82.4348219, 34.9270559], [-82.4348098, 34.9270394], [-82.4347629, 34.9270218], [-82.4346972, 34.9270042], [-82.4346301, 34.927046], [-82.4345979, 34.9270526], [-82.4345671, 34.9270416], [-82.4344649, 34.9270075], [-82.4343134, 34.9269782]]}}, {"type": "Feature", "id": "w303491798", "properties": {"highway": "footway", "walkable": true, "on_campus": true, "nodes": [3078472108, 3078472109]}, "geometry": {"type": "LineString", "coordinates": [[-82.4344649, 34.9270075], [-82.434559, 34.9267953]]}}, {"type": "Feature", "id": "w303491799", "properties": {"highway": "footway", "walkable": true, "on_campus": true, "nodes": [3078472086, 3078472116, 3078472117, 3078472118, 3078472119, 3078472120, 3078472121, 3078472122, 3078472123, 3078472124, 3078472125, 3078472126, 3078472127, 3078472128, 3078472129, 3078472130, 3078472131, 3078472132, 3078472133, 3078472134, 3078472135, 3078472136, 3078472137, 3078472138, 3078472139, 3078472140, 3078472141, 3078472142, 3078472143, 3078472144, 3078472145, 3078472146, 3078472147, 3078472088]}, "geometry": {"type": "LineString", "coordinates": [[-82.4354924, 34.9262807], [-82.435479, 34.9262653], [-82.4354549, 34.9262488], [-82.4354213, 34.9262433], [-82.435369, 34.9262411], [-82.4353074, 34.9262323], [-82.4352483, 34.9262192], [-82.4351934, 34.9262027], [-82.4351504, 34.9261851], [-82.4350928, 34.9261609], [-82.4350499, 34.9261345], [-82.4349935, 34.9261004], [-82.4349546, 34.9260762], [-82.4349198, 34.9260718], [-82.4348889, 34.9260861], [-82.4348742, 34.9261147], [-82.4348782, 34.9261455], [-82.4348956, 34.9261741], [-82.4349332, 34.926206], [-82.4349828, 34.9262104], [-82.4350351, 34.9262192], [-82.4350968, 34.9262356], [-82.4351585, 34.9262565], [-82.4352027, 34.9262719], [-82.4352524, 34.9262917], [-82.4352926, 34.9263115], [-82.4353194, 34.926328], [-82.4353369, 34.9263434], [-82.4353543, 34.92635], [-82.4353825, 34.9263544], [-82.4354093, 34.9263544], [-82.4354415, 34.9263467], [-82.4354616, 34.9263368], [-82.4354777, 34.9263291]]}}, {"type": "Feature", "id": "w303491800", "properties": {"highway": "footway", "walkable": true, "on_campus": true, "nodes": [736992667, 3078472162, 3078472149, 3078472159, 3078472150, 3078472151, 3078472152, 3078472153, 3078472154, 3078472155, 3078472156, 3078472157, 3078472158]}, "geometry": {"type": "LineString", "coordinates": [[-82.4350976, 34.9263741], [-82.4349542, 34.926331], [-82.4348192, 34.9262785], [-82.4347719, 34.9262602], [-82.434378, 34.9261081], [-82.4343511, 34.9261081], [-82.4343283, 34.9261158], [-82.4343136, 34.9261345], [-82.4340306, 34.9266656], [-82.4340038, 34.9267162], [-82.433985, 34.9267568], [-82.433977, 34.9267953], [-82.4339864, 34.9268195]]}}, {"type": "Feature", "id": "w303491801", "properties": {"highway": "footway", "walkable": true, "on_campus": true, "nodes": [3078472159, 3078472161, 3222447709]}, "geometry": {"type": "LineString", "coordinates": [[-82.4347719, 34.9262602], [-82.4347168, 34.9263696], [-82.4346824, 34.9264381]]}}, {"type": "Feature", "id": "w303491802", "properties": {"highway": "footway", "walkable": true, "on_campus": true, "nodes": [3078472161, 3078472162]}, "geometry": {"type": "LineString", "coordinates": [[-82.4347168, 34.9263696], [-82.4349542, 34.926331]]}}, {"type": "Feature", "id": "w303491805", "properties": {"highway": "footway", "walkable": true, "on_campus": true, "nodes": [3078472180, 3078472181, 3078472182, 3078472183, 3078472184, 3078472185, 3078472186, 3078472187, 3078472188, 3078472189, 3078472190, 3078472191, 3078472192, 3078472193, 3078472194, 3216889520, 3078472195, 3078472196, 3078472197, 3216889531, 3078472198, 3216889530, 3078472199, 3078472200, 3078472201]}, "geometry": {"type": "LineString", "coordinates": [[-82.4359524, 34.9267162], [-82.4359725, 34.9266711], [-82.4360986, 34.9267173], [-82.4361616, 34.9267348], [-82.4362166, 34.926748], [-82.4363306, 34.926759], [-82.4363789, 34.9267579], [-82.4364661, 34.9267513], [-82.4365291, 34.9267414], [-82.4365881, 34.9267249], [-82.4366833, 34.9267129], [-82.4367651, 34.9267118], [-82.4368456, 34.9267151], [-82.4369945, 34.9267403], [-82.4370957, 34.9267635], [-82.4371184, 34.9267831], [-82.4371447, 34.9267986], [-82.4372533, 34.926847], [-82.4373472, 34.9268844], [-82.4373893, 34.9268893], [-82.4374276, 34.9268866], [-82.4374496, 34.9268816], [-82.4374665, 34.9268668], [-82.4374953, 34.9268185], [-82.4375154, 34.9267756]]}}, {"type": "Feature", "id": "w303491806", "properties": {"highway": "footway", "walkable": true, "on_campus": true, "nodes": [3078472220, 3078472221, 3078472222, 3078472223, 3078472224, 3078472225, 3084658776, 3078472226]}, "geometry": {"type": "LineString", "coordinates": [[-82.4360275, 34.9277486], [-82.435994, 34.9277596], [-82.4355528, 34.9279883], [-82.435542, 34.928051], [-82.4355273, 34.9280939], [-82.4355152, 34.9281462], [-82.4354974, 34.9282055], [-82.4354884, 34.9282357]]}}, {"type": "Feature", "id": "w303491807", "properties": {"highway": "footway", "walkable": true, "on_campus": true, "nodes": [3078472227, 3078472228, 736991454, 3078472229, 3078472230, 3078472231, 3078472232, 3078472233, 3078472234, 3078472235]}, "geometry": {"type": "LineString", "coordinates": [[-82.4366981, 34.9273605], [-82.4366042, 34.9275331], [-82.4365489, 34.9275595], [-82.436505, 34.9275815], [-82.4364661, 34.9275727], [-82.4364205, 34.9275848], [-82.4363668, 34.9276035], [-82.4363333, 34.9276167], [-82.4363105, 34.9276332], [-82.4362998, 34.9276519]]}}, {"type": "Feature", "id": "w303491808", "properties": {"highway": "service", "walkable": true, "on_campus": true, "nodes": [3109824632, 3109824633, 3109824634, 736991920, 3078472238, 736992804, 3078472239, 736991320, 736992423, 736992700, 3109824629, 3109824630, 3109824631, 3086124321, 736992029, 736992305, 3078472240, 736991622, 3078472241, 3109824632]}, "geometry": {"type": "LineString", "coordinates": [[-82.4367494, 34.9276059], [-82.4367153, 34.9276043], [-82.4366823, 34.9276116], [-82.4366538, 34.927627], [-82.4366313, 34.9276507], [-82.4366198, 34.9276792], [-82.4366207, 34.9277092], [-82.4366338, 34.9277373], [-82.4366576, 34.9277601], [-82.4366893, 34.9277751], [-82.4367253, 34.9277805], [-82.4367615, 34.9277757], [-82.4367936, 34.9277612], [-82.4368179, 34.9277388], [-82.4368311, 34.927713], [-82.4368338, 34.927685], [-82.4368256, 34.9276578], [-82.4368075, 34.9276341], [-82.4367812, 34.9276162], [-82.4367494, 34.9276059]]}}, {"type": "Feature", "id": "w303491810", "properties": {"highway": "footway", "walkable": true, "on_campus": true, "nodes": [10836142154, 10836142153]}, "geometry": {"type": "LineString", "coordinates": [[-82.4369232, 34.9273084], [-82.4371702, 34.9273929]]}}, {"type": "Feature", "id": "w303535993", "properties": {"highway": "footway", "walkable": true, "on_campus": true, "nodes": [3078472202, 3663527720, 3079063861]}, "geometry": {"type": "LineString", "coordinates": [[-82.4364178, 34.9263742], [-82.4364431, 34.9263257], [-82.4367219, 34.9257912]]}}, {"type": "Feature", "id": "w303535994", "properties": {"highway": "footway", "surface": "paving_stones", "walkable": true, "on_campus": true, "nodes": [3079063862, 3079063863, 12417317746]}, "geometry": {"type": "LineString", "coordinates": [[-82.4372069, 34.9248176], [-82.4372693, 34.9248469], [-82.4375408, 34.9249745]]}}, {"type": "Feature", "id": "w303535995", "properties": {"highway": "footway", "walkable": true, "on_campus": true, "nodes": [3079063865, 3078472032, 3079063866]}, "geometry": {"type": "LineString", "coordinates": [[-82.4377835, 34.9250844], [-82.4378796, 34.9251361], [-82.4381998, 34.9252763]]}}, {"type": "Feature", "id": "w303535996", "properties": {"highway": "footway", "walkable": true, "on_campus": true, "nodes": [3078471864, 3079063867, 3079063868, 3079063869, 3079063870, 3092858053, 3079063871, 3079063872, 3092858052, 3079063873, 3079063874, 3079063875, 3079063876, 3079063877, 3079063878, 3079063879, 3079063880, 3079063881, 3079063882, 3079063883, 3079063884, 3079063914, 3079063885, 3079063886, 3079063887, 4494810331, 3079063888, 4494810330, 3079063889, 4494810329, 3079063890, 3079063891, 4494810332, 3079063892, 3079063893, 4494810333, 3079063894, 3079063895, 3079063896, 3079063897, 3079063898, 3079063899, 3078471873]}, "geometry": {"type": "LineString", "coordinates": [[-82.4388814, 34.9252559], [-82.4389181, 34.9252273], [-82.4389717, 34.9251987], [-82.4390522, 34.9251767], [-82.4391379, 34.9251669], [-82.4391727, 34.9251603], [-82.4391997, 34.9251503], [-82.4392453, 34.9251217], [-82.43928, 34.9251031], [-82.4393204, 34.9250888], [-82.4393875, 34.9250888], [-82.4394384, 34.9250954], [-82.439476, 34.9250756], [-82.4395645, 34.92497], [-82.4395913, 34.924981], [-82.4396235, 34.9249766], [-82.439645, 34.9249612], [-82.4396557, 34.9249414], [-82.4396557, 34.9249172], [-82.4396396, 34.9248996], [-82.4397201, 34.9247809], [-82.439762, 34.924728], [-82.4397898, 34.9246929], [-82.4398488, 34.9246203], [-82.4399105, 34.9245324], [-82.4399252, 34.9244961], [-82.4399373, 34.9244598], [-82.4399427, 34.9244356], [-82.4399427, 34.9244114], [-82.4399292, 34.9243773], [-82.4399077, 34.9243433], [-82.4398944, 34.9243278], [-82.4398729, 34.9243136], [-82.4398488, 34.9243015], [-82.4397979, 34.9242905], [-82.439763, 34.9242883], [-82.4397308, 34.9242839], [-82.4396933, 34.9242729], [-82.4396423, 34.9242421], [-82.4395511, 34.9241849], [-82.439476, 34.9241431], [-82.4393982, 34.9241013], [-82.4392158, 34.9238264]]}}, {"type": "Feature", "id": "w303535997", "properties": {"highway": "footway", "walkable": true, "on_campus": true, "nodes": [3078471899, 3079063899]}, "geometry": {"type": "LineString", "coordinates": [[-82.438983, 34.9239935], [-82.4393982, 34.9241013]]}}, {"type": "Feature", "id": "w303535998", "properties": {"highway": "footway", "walkable": true, "on_campus": true, "nodes": [3079063900, 3092858045]}, "geometry": {"type": "LineString", "coordinates": [[-82.4400029, 34.924627], [-82.4401323, 34.9247045]]}}, {"type": "Feature", "id": "w303535999", "properties": {"highway": "footway", "walkable": true, "on_campus": true, "nodes": [3079063904, 3079063906]}, "geometry": {"type": "LineString", "coordinates": [[-82.4398756, 34.9252307], [-82.4399513, 34.9251439]]}}, {"type": "Feature", "id": "w303536000", "properties": {"highway": "footway", "walkable": true, "on_campus": true, "nodes": [736991610, 3079063907, 3079063908, 3079063910]}, "geometry": {"type": "LineString", "coordinates": [[-82.4402066, 34.9250049], [-82.4402581, 34.9250102], [-82.4402847, 34.9249832], [-82.4403035, 34.9249697]]}}, {"type": "Feature", "id": "w303536001", "properties": {"highway": "footway", "walkable": true, "on_campus": true, "nodes": [3079063910, 3079063913]}, "geometry": {"type": "LineString", "coordinates": [[-82.4403035, 34.9249697], [-82.4405336, 34.925107]]}}, {"type": "Feature", "id": "w303536002", "properties": {"highway": "footway", "walkable": true, "on_campus": true, "nodes": [3079063914, 3079063915, 3079063916]}, "geometry": {"type": "LineString", "coordinates": [[-82.439762, 34.924728], [-82.4398752, 34.9247908], [-82.4400017, 34.9248655]]}}, {"type": "Feature", "id": "w303536003", "properties": {"highway": "footway", "walkable": true, "on_campus": true, "nodes": [3079063875, 3079063919, 3079063920, 3079063921]}, "geometry": {"type": "LineString", "coordinates": [[-82.4394384, 34.9250954], [-82.4394559, 34.9251217], [-82.4395467, 34.9251751], [-82.4396629, 34.925242]]}}, {"type": "Feature", "id": "w303536004", "properties": {"highway": "footway", "walkable": true, "on_campus": true, "nodes": [736992572, 3079064138, 3079064139, 3087553511, 3079064140, 3079064141, 3079064156, 3079064142, 3079064143, 3079064158, 3079064144, 3079064160, 3079064150, 3079064145, 3079064146, 3079064147, 3079064148, 3079064149]}, "geometry": {"type": "LineString", "coordinates": [[-82.440878, 34.9237534], [-82.4408976, 34.9236697], [-82.4409137, 34.9236137], [-82.4410678, 34.9233895], [-82.4410934, 34.9233366], [-82.4411296, 34.9233069], [-82.4411795, 34.9232703], [-82.4412168, 34.9232431], [-82.441316, 34.923187], [-82.441496, 34.9230545], [-82.4415923, 34.9229836], [-82.4416146, 34.9229682], [-82.4419733, 34.922721], [-82.4420295, 34.9226823], [-82.4421743, 34.9225822], [-82.4422655, 34.9225361], [-82.4423634, 34.9225075], [-82.4424413, 34.9225129]]}}, {"type": "Feature", "id": "w303536005", "properties": {"highway": "footway", "walkable": true, "on_campus": true, "nodes": [3079064150, 3079064151, 3079064152, 3079064153, 3079064159, 3079064157, 3079064154, 3079064155, 3079064156]}, "geometry": {"type": "LineString", "coordinates": [[-82.4419733, 34.922721], [-82.4418243, 34.9227549], [-82.4416687, 34.9227967], [-82.4415198, 34.9228176], [-82.4414855, 34.9228387], [-82.4413554, 34.9229189], [-82.4413307, 34.9229341], [-82.4413026, 34.9230001], [-82.4411795, 34.9232703]]}}, {"type": "Feature", "id": "w303536006", "properties": {"highway": "footway", "walkable": true, "on_campus": true, "nodes": [3079064157, 3079064158]}, "geometry": {"type": "LineString", "coordinates": [[-82.4413554, 34.9229189], [-82.441496, 34.9230545]]}}, {"type": "Feature", "id": "w303536007", "properties": {"highway": "footway", "walkable": true, "on_campus": true, "nodes": [3079064159, 3079064160]}, "geometry": {"type": "LineString", "coordinates": [[-82.4414855, 34.9228387], [-82.4416146, 34.9229682]]}}, {"type": "Feature", "id": "w303536009", "properties": {"highway": "footway", "walkable": true, "on_campus": true, "nodes": [3079064162, 3079064166, 3079064169, 3079064163]}, "geometry": {"type": "LineString", "coordinates": [[-82.4411443, 34.922988], [-82.4410735, 34.9229226], [-82.4409103, 34.922772], [-82.4408667, 34.9227318]]}}, {"type": "Feature", "id": "w303536010", "properties": {"highway": "footway", "walkable": true, "on_campus": true, "nodes": [3079064164, 3079064165, 3079064166, 3079064167]}, "geometry": {"type": "LineString", "coordinates": [[-82.4418752, 34.922392], [-82.441305, 34.9227593], [-82.4410735, 34.9229226], [-82.4407554, 34.923165]]}}, {"type": "Feature", "id": "w303536011", "properties": {"highway": "footway", "walkable": true, "on_campus": true, "nodes": [3079064168, 3079064169, 3079064170, 3079064171]}, "geometry": {"type": "LineString", "coordinates": [[-82.4405824, 34.9230023], [-82.4409103, 34.922772], [-82.4411479, 34.922608], [-82.4417331, 34.9222249]]}}, {"type": "Feature", "id": "w303536012", "properties": {"highway": "footway", "walkable": true, "on_campus": true, "nodes": [3079064172, 5733623449, 3079064173]}, "geometry": {"type": "LineString", "coordinates": [[-82.4412141, 34.9223865], [-82.4410403, 34.9225044], [-82.4408332, 34.9226449]]}}, {"type": "Feature", "id": "w303536013", "properties": {"highway": "footway", "walkable": true, "on_campus": true, "nodes": [3079064174, 3079064175, 3079064176, 3413024875, 3079064177, 3413024874, 3079064178, 3413024873, 3079064179, 3413024872, 3079064180, 3413024871, 3079064181, 3079064182, 3413024880, 3079064183, 3413024879, 3079064184, 3413024878, 3079064185, 3413024877, 3079064186, 3413024876, 3079064187, 3079064188, 3079064189, 3079064190, 3079064191, 3079064192, 3079064193, 3079064194, 3079064195, 3079064196, 3089529508, 3079064197, 3079064225, 3079064198, 3079064199, 3079064200, 3079064201, 3079064202, 3079064203, 3079064204, 3079064205, 3089529507, 3079064206, 3079064207, 3079064208, 3079064209, 3079064210, 3079064211, 3079064212, 736992419, 3079064213]}, "geometry": {"type": "LineString", "coordinates": [[-82.4403705, 34.9223568], [-82.4403853, 34.9223227], [-82.440396, 34.922282], [-82.4404021, 34.9222584], [-82.4404067, 34.922226], [-82.4404079, 34.922199], [-82.4404056, 34.9221703], [-82.4404021, 34.9221426], [-82.4403947, 34.9221127], [-82.4403834, 34.922088], [-82.4403682, 34.922065], [-82.4403461, 34.9220315], [-82.4403209, 34.9220005], [-82.440274, 34.921961], [-82.4402457, 34.9219415], [-82.4402096, 34.9219203], [-82.4401873, 34.921909], [-82.4401519, 34.9218972], [-82.4401231, 34.9218898], [-82.4400892, 34.9218822], [-82.4400542, 34.9218783], [-82.4400232, 34.9218763], [-82.439969, 34.9218764], [-82.4399172, 34.9218818], [-82.4398502, 34.9218906], [-82.4396772, 34.9217311], [-82.4396477, 34.9216883], [-82.4396356, 34.9216454], [-82.4396222, 34.9215827], [-82.4396007, 34.9214947], [-82.4395618, 34.9213584], [-82.4395203, 34.9213166], [-82.4392266, 34.9210956], [-82.4391848, 34.9210747], [-82.439134, 34.9210549], [-82.4391151, 34.9210384], [-82.4390991, 34.9210142], [-82.4390911, 34.9209779], [-82.4390857, 34.9209394], [-82.4390938, 34.9208822], [-82.4391111, 34.9207855], [-82.4391179, 34.9207481], [-82.4391287, 34.920703], [-82.4391474, 34.9206788], [-82.4391687, 34.9206612], [-82.4392009, 34.9206579], [-82.4392519, 34.9206634], [-82.4393057, 34.9206645], [-82.439362, 34.9206502], [-82.4394049, 34.9206293], [-82.4395913, 34.9204743], [-82.4397134, 34.9205699], [-82.4397867, 34.920511], [-82.4398502, 34.92046]]}}, {"type": "Feature", "id": "w303536014", "properties": {"highway": "footway", "walkable": true, "on_campus": true, "nodes": [3079064225, 3079064226, 5733699908, 3079064227, 3079064228, 3079064229, 3079064230, 3089529509]}, "geometry": {"type": "LineString", "coordinates": [[-82.4391151, 34.9210384], [-82.439067, 34.9210483], [-82.4390166, 34.9210377], [-82.4389677, 34.9210274], [-82.4387612, 34.9209735], [-82.4386821, 34.920946], [-82.4386351, 34.9209251], [-82.4386061, 34.9208932]]}}, {"type": "Feature", "id": "w303536015", "properties": {"highway": "footway", "walkable": true, "on_campus": true, "nodes": [736991538, 3079064202, 3079064231, 3079064232]}, "geometry": {"type": "LineString", "coordinates": [[-82.4390695, 34.9207448], [-82.4391111, 34.9207855], [-82.4391367, 34.9208031], [-82.4392359, 34.9208723]]}}, {"type": "Feature", "id": "w303775282", "properties": {"highway": "footway", "walkable": true, "on_campus": true, "nodes": [3081860697, 3082164869, 5733619769, 3081860706]}, "geometry": {"type": "LineString", "coordinates": [[-82.4369076, 34.9246774], [-82.4368737, 34.9246584], [-82.4364561, 34.9244625], [-82.4363536, 34.9244144]]}}, {"type": "Feature", "id": "w303775283", "properties": {"highway": "footway", "walkable": true, "on_campus": true, "nodes": [3081860677, 3081860673, 3081860705, 3081860675, 3081860691, 3081860708]}, "geometry": {"type": "LineString", "coordinates": [[-82.4376445, 34.9244726], [-82.4376758, 34.9244381], [-82.4377285, 34.9243925], [-82.4377774, 34.924362], [-82.4378398, 34.9243418], [-82.4379608, 34.924325]]}}, {"type": "Feature", "id": "w303775284", "properties": {"highway": "footway", "walkable": true, "on_campus": true, "nodes": [3078471999, 3081860701, 3081860669, 3081860686, 3081860703, 3081860671, 3081860688, 736991507]}, "geometry": {"type": "LineString", "coordinates": [[-82.4376489, 34.9244851], [-82.4377726, 34.9244636], [-82.4378669, 34.9244545], [-82.4379339, 34.9244507], [-82.4379886, 34.9244632], [-82.438046, 34.9244905], [-82.4381306, 34.9245371], [-82.438181, 34.9245967]]}}, {"type": "Feature", "id": "w303775285", "properties": {"highway": "footway", "walkable": true, "on_campus": true, "nodes": [3081860706, 3081860687, 3081860672, 3081860689, 3081860704, 3081860674, 3081860690, 3082164859]}, "geometry": {"type": "LineString", "coordinates": [[-82.4363536, 34.9244144], [-82.436281, 34.9244093], [-82.4361831, 34.9244096], [-82.4360571, 34.9244153], [-82.435926, 34.924415], [-82.4358327, 34.9243974], [-82.4356918, 34.9243551], [-82.4355633, 34.9243278]]}}, {"type": "Feature", "id": "w303775286", "properties": {"highway": "footway", "walkable": true, "on_campus": true, "nodes": [3081860692, 3081860678, 3081860693, 3081860709, 3081860680, 3081860694, 3081860711, 3081860681, 3081860696]}, "geometry": {"type": "LineString", "coordinates": [[-82.4387298, 34.9251382], [-82.4387556, 34.9251101], [-82.4388, 34.9250937], [-82.4388504, 34.925072], [-82.4388929, 34.9250475], [-82.4389246, 34.9250252], [-82.4389438, 34.9250039], [-82.4389566, 34.9249796], [-82.4389617, 34.9249541]]}}, {"type": "Feature", "id": "w303775287", "properties": {"highway": "footway", "walkable": true, "on_campus": true, "nodes": [3081860712, 3081860698]}, "geometry": {"type": "LineString", "coordinates": [[-82.4382215, 34.9245444], [-82.4384888, 34.924518]]}}, {"type": "Feature", "id": "w303790655", "properties": {"highway": "footway", "walkable": true, "on_campus": true, "nodes": [3082134427, 3082134428, 3082134429, 3082134430, 3082134431, 3082134432, 3082164533, 3082164534, 3082164535, 3082164536, 3082164537, 3082164538, 3082164539, 3082164540, 3082164567, 3082164541, 3082164542, 3082164543, 3082164544, 3082164545, 3082164546, 3082164547, 3082164548, 3082164549, 3082164550, 3082164551, 3082164552, 3082164553, 3092857933, 3082164554, 3082164555, 3082164556, 3082164557, 3082164558, 3082164559]}, "geometry": {"type": "LineString", "coordinates": [[-82.4398593, 34.9219785], [-82.4398234, 34.9220063], [-82.4395503, 34.9222319], [-82.439529, 34.9222537], [-82.4395184, 34.9222798], [-82.4395046, 34.9223234], [-82.4394929, 34.9223669], [-82.4394632, 34.9223991], [-82.4393357, 34.922508], [-82.4391976, 34.9226239], [-82.4392273, 34.9226352], [-82.4392698, 34.9226317], [-82.4397267, 34.9226135], [-82.4397809, 34.9226056], [-82.4398102, 34.9225976], [-82.4398478, 34.9225873], [-82.4399115, 34.9225751], [-82.4399763, 34.9225638], [-82.440022, 34.9225612], [-82.4400592, 34.9225594], [-82.4400879, 34.9225612], [-82.4401145, 34.9225638], [-82.4401378, 34.9225682], [-82.4401665, 34.9225777], [-82.4401942, 34.9225864], [-82.4402165, 34.9226004], [-82.4402505, 34.9226239], [-82.4403758, 34.9227162], [-82.4404138, 34.9227474], [-82.4404608, 34.9227859], [-82.4406489, 34.9226448], [-82.4409618, 34.9224287], [-82.4412194, 34.9222624], [-82.4416136, 34.922008], [-82.441961, 34.9217954]]}}, {"type": "Feature", "id": "w303790658", "properties": {"highway": "footway", "walkable": true, "on_campus": true, "nodes": [3082164560, 3082164561, 3082164562, 3082164563, 3082164564, 3082134430]}, "geometry": {"type": "LineString", "coordinates": [[-82.439324, 34.9223277], [-82.4393686, 34.922285], [-82.4394101, 34.9222519], [-82.4394387, 34.9222432], [-82.4394802, 34.9222467], [-82.439529, 34.9222537]]}}, {"type": "Feature", "id": "w303790661", "properties": {"highway": "footway", "walkable": true, "on_campus": true, "nodes": [3082164533, 3082164565, 3082164566, 3082164567]}, "geometry": {"type": "LineString", "coordinates": [[-82.4394929, 34.9223669], [-82.439546, 34.9223896], [-82.4397904, 34.9225708], [-82.4398102, 34.9225976]]}}, {"type": "Feature", "id": "w303790664", "properties": {"highway": "footway", "walkable": true, "on_campus": true, "nodes": [3082164572, 3082164573, 3082164574, 3082164575, 3082164576, 3082164577, 3082164578, 3082164579, 5733625016, 3082164580, 3082164581, 5733625015, 3082164582, 3082164583]}, "geometry": {"type": "LineString", "coordinates": [[-82.4387489, 34.9226795], [-82.4387093, 34.9226513], [-82.4386783, 34.9225991], [-82.438649, 34.9225483], [-82.4386301, 34.9224579], [-82.4386198, 34.9224311], [-82.4385957, 34.9224015], [-82.4384614, 34.9223013], [-82.4384248, 34.9222863], [-82.4383857, 34.9222702], [-82.4380759, 34.9220458], [-82.4380527, 34.9220275], [-82.4379847, 34.9219739], [-82.4378143, 34.9218624]]}}, {"type": "Feature", "id": "w303790668", "properties": {"highway": "footway", "walkable": true, "on_campus": true, "nodes": [3082164584, 3082164585, 3082164586, 3082164587, 3082164588, 3082164589, 3082164590, 3082164591, 5733625013, 3082164592, 3082164593, 5733625014, 3082164594, 3082164595, 3082164851]}, "geometry": {"type": "LineString", "coordinates": [[-82.4383014, 34.9230365], [-82.4382618, 34.9230154], [-82.4382187, 34.9229956], [-82.4381723, 34.92299], [-82.4380569, 34.9229914], [-82.4380191, 34.9229829], [-82.4379967, 34.922966], [-82.4378779, 34.9228799], [-82.4378322, 34.92285], [-82.4377678, 34.9228079], [-82.4374907, 34.9226202], [-82.4374562, 34.9225996], [-82.4373771, 34.9225525], [-82.4372136, 34.9224339], [-82.4371619, 34.9223991]]}}, {"type": "Feature", "id": "w303790670", "properties": {"highway": "footway", "walkable": true, "on_campus": true, "nodes": [8758903286, 3082164596, 3082164626, 3082164597]}, "geometry": {"type": "LineString", "coordinates": [[-82.4373225, 34.9233678], [-82.4372772, 34.9233428], [-82.4370856, 34.9233373], [-82.4369169, 34.9233324]]}}, {"type": "Feature", "id": "w303790672", "properties": {"highway": "footway", "walkable": true, "on_campus": true, "nodes": [3082164600, 3082164602, 3082164603, 3082164604, 3082164605, 3082164606, 3082164607, 3082164608, 3082164597]}, "geometry": {"type": "LineString", "coordinates": [[-82.4368678, 34.9233805], [-82.4368399, 34.9233844], [-82.436813, 34.9233789], [-82.4367947, 34.9233655], [-82.4368726, 34.9232725], [-82.4368938, 34.9232867], [-82.4369072, 34.9233017], [-82.436913, 34.9233166], [-82.4369169, 34.9233324]]}}, {"type": "Feature", "id": "w303790674", "properties": {"highway": "footway", "walkable": true, "on_campus": true, "nodes": [3082164609, 3082164625, 3082164614, 3082164624, 3082164613, 3082164623, 3082164627, 3082164615, 3082164622, 3082164610, 3082164621, 3082164616, 3082164626, 3082164620, 3082164612, 3082164619, 3082164617, 3082164618, 3082164611]}, "geometry": {"type": "LineString", "coordinates": [[-82.4366813, 34.9234814], [-82.4367197, 34.9234972], [-82.4367621, 34.9235106], [-82.4368072, 34.9235193], [-82.4368544, 34.9235208], [-82.436913, 34.9235122], [-82.4369307, 34.9235052], [-82.4369553, 34.9234956], [-82.4370005, 34.9234656], [-82.4370332, 34.9234325], [-82.437063, 34.9233978], [-82.4370851, 34.9233529], [-82.4370856, 34.9233373], [-82.4370861, 34.9233182], [-82.4370755, 34.9232812], [-82.4370621, 34.9232449], [-82.4370351, 34.9232047], [-82.4370081, 34.9231788], [-82.4369755, 34.9231542]]}}, {"type": "Feature", "id": "w303790677", "properties": {"highway": "footway", "walkable": true, "on_campus": true, "nodes": [3082164611, 5733625012, 3082164628, 3082164629, 3082164630, 736992516, 3082164631, 3082164632]}, "geometry": {"type": "LineString", "coordinates": [[-82.4369755, 34.9231542], [-82.4369259, 34.9231249], [-82.4368565, 34.9230838], [-82.436841, 34.9230652], [-82.4368195, 34.9229546], [-82.4367913, 34.9229382], [-82.4365092, 34.9227734], [-82.436362, 34.9229406]]}}, {"type": "Feature", "id": "w303790680", "properties": {"highway": "footway", "walkable": true, "on_campus": true, "nodes": [3082164631, 736992229, 3082164833]}, "geometry": {"type": "LineString", "coordinates": [[-82.4365092, 34.9227734], [-82.4362334, 34.9225985], [-82.4361524, 34.9225472]]}}, {"type": "Feature", "id": "w303790682", "properties": {"highway": "footway", "walkable": true, "on_campus": true, "nodes": [3082164834, 3082164835, 3082164836, 3082164837, 3082164838, 3082164839, 3082164840, 3082164841, 3082164842, 3082164867, 3082164843, 3082164844, 3082164845, 3082164846, 3082164834]}, "geometry": {"type": "LineString", "coordinates": [[-82.4362284, 34.9231022], [-82.436163, 34.923103], [-82.4360322, 34.9231219], [-82.436039, 34.9231527], [-82.4360592, 34.9231842], [-82.4360794, 34.9232078], [-82.4361063, 34.9232291], [-82.436138, 34.9232449], [-82.4361851, 34.9232583], [-82.4362146, 34.9232611], [-82.4362265, 34.9232622], [-82.436263, 34.9232551], [-82.4362899, 34.9232417], [-82.436262, 34.9231503], [-82.4362284, 34.9231022]]}}, {"type": "Feature", "id": "w303790684", "properties": {"highway": "footway", "walkable": true, "on_campus": true, "nodes": [3082164840, 3082164860, 3082164847]}, "geometry": {"type": "LineString", "coordinates": [[-82.4361063, 34.9232291], [-82.436089, 34.9232502], [-82.4360611, 34.9232807]]}}, {"type": "Feature", "id": "w303790687", "properties": {"highway": "footway", "walkable": true, "on_campus": true, "nodes": [3082164834, 3082164848]}, "geometry": {"type": "LineString", "coordinates": [[-82.4362284, 34.9231022], [-82.4362467, 34.9230785]]}}, {"type": "Feature", "id": "w303790689", "properties": {"highway": "footway", "walkable": true, "on_campus": true, "nodes": [3082164833, 3082164849]}, "geometry": {"type": "LineString", "coordinates": [[-82.4361524, 34.9225472], [-82.4360611, 34.9224905]]}}, {"type": "Feature", "id": "w303790693", "properties": {"highway": "footway", "walkable": true, "on_campus": true, "nodes": [3082164631, 736992395]}, "geometry": {"type": "LineString", "coordinates": [[-82.4365092, 34.9227734], [-82.4365612, 34.9227559]]}}, {"type": "Feature", "id": "w303790695", "properties": {"highway": "footway", "walkable": true, "on_campus": true, "nodes": [3082164860, 3082164861, 3082164862, 3082164863, 3082164864, 3082164865, 3082164866, 3082164628]}, "geometry": {"type": "LineString", "coordinates": [[-82.436089, 34.9232502], [-82.4364208, 34.9234361], [-82.4365151, 34.9234087], [-82.4365366, 34.9234087], [-82.4365521, 34.9234117], [-82.4365701, 34.9234117], [-82.4365844, 34.9234029], [-82.4368565, 34.9230838]]}}, {"type": "Feature", "id": "w303790696", "properties": {"highway": "footway", "walkable": true, "on_campus": true, "nodes": [3082164865, 5733626516, 3082164609]}, "geometry": {"type": "LineString", "coordinates": [[-82.4365701, 34.9234117], [-82.4366415, 34.9234565], [-82.4366813, 34.9234814]]}}, {"type": "Feature", "id": "w303790698", "properties": {"highway": "footway", "walkable": true, "on_campus": true, "nodes": [3082164868, 3082164869, 3082164871]}, "geometry": {"type": "LineString", "coordinates": [[-82.4373374, 34.9240371], [-82.4368737, 34.9246584], [-82.4364712, 34.9252474]]}}, {"type": "Feature", "id": "w303841677", "properties": {"highway": "footway", "walkable": true, "on_campus": true, "nodes": [3082164868, 3083000964]}, "geometry": {"type": "LineString", "coordinates": [[-82.4373374, 34.9240371], [-82.4373684, 34.9239982]]}}, {"type": "Feature", "id": "w303958474", "properties": {"highway": "footway", "walkable": true, "on_campus": true, "nodes": [3084658644, 3084658643, 3084658642, 3084658641, 3084658640, 3084658639, 3084658638, 3084658637, 3084658636, 3078472055]}, "geometry": {"type": "LineString", "coordinates": [[-82.4370092, 34.9264914], [-82.4370306, 34.9264974], [-82.4370601, 34.9264941], [-82.4370809, 34.9264881], [-82.4371057, 34.9264782], [-82.4371305, 34.9264645], [-82.4371607, 34.9264491], [-82.4372003, 34.9264337], [-82.4372419, 34.9264276], [-82.4372868, 34.9264254]]}}, {"type": "Feature", "id": "w303958481", "properties": {"highway": "footway", "walkable": true, "on_campus": true, "nodes": [3216889499, 3220898104, 3084658587, 3220898105, 3084658588, 3220898106, 3084658589, 3220898107, 3084658590, 3220898108, 3084658591, 3220898109, 3084658592, 3220898110, 3084658593, 3220898111, 3084658594, 3220898112, 3084658595, 3220898113, 3216889498, 3220898114, 3084658596, 3220898115, 3084658597, 3220898116, 3084658598, 3220898117, 3084658599, 3220898118, 3084658600, 3220898119, 3084658633, 3220898120, 3084658601, 3220898102, 3084658602, 3220898121, 3084658603, 3220898103, 3216889499]}, "geometry": {"type": "LineString", "coordinates": [[-82.4372829, 34.9266739], [-82.4372745, 34.9266731], [-82.4372664, 34.9266714], [-82.4372579, 34.9266683], [-82.4372518, 34.9266651], [-82.4372462, 34.9266612], [-82.4372394, 34.9266547], [-82.4372342, 34.9266472], [-82.4372314, 34.9266409], [-82.4372297, 34.9266344], [-82.4372294, 34.9266263], [-82.4372307, 34.9266183], [-82.4372335, 34.9266112], [-82.4372373, 34.9266051], [-82.4372424, 34.9265993], [-82.4372485, 34.9265943], [-82.437255, 34.9265903], [-82.4372622, 34.9265871], [-82.4372708, 34.9265847], [-82.4372798, 34.9265835], [-82.4372885, 34.9265834], [-82.4372971, 34.9265845], [-82.4373054, 34.9265866], [-82.4373121, 34.9265893], [-82.4373197, 34.9265936], [-82.4373263, 34.9265989], [-82.4373315, 34.9266047], [-82.4373355, 34.926611], [-82.4373384, 34.9266184], [-82.4373397, 34.926626], [-82.4373396, 34.9266327], [-82.4373382, 34.9266393], [-82.4373359, 34.9266454], [-82.4373319, 34.926652], [-82.4373272, 34.9266574], [-82.4373216, 34.9266622], [-82.4373147, 34.9266665], [-82.4373071, 34.9266699], [-82.4372994, 34.9266722], [-82.4372913, 34.9266736], [-82.4372829, 34.9266739]]}}, {"type": "Feature", "id": "w303958482", "properties": {"highway": "footway", "walkable": true, "on_campus": true, "nodes": [3084658587, 3084658604]}, "geometry": {"type": "LineString", "coordinates": [[-82.4372664, 34.9266714], [-82.4372371, 34.9267353]]}}, {"type": "Feature", "id": "w303958483", "properties": {"highway": "footway", "walkable": true, "on_campus": true, "nodes": [3084658592, 3084658605, 3220898147, 3220898142, 3220898146, 3220898141, 3220898145, 3220898143, 3220898144, 3084658611, 3084658604, 3220898099, 3220898101, 3220898268, 3220898157, 3220898267, 3220898156, 3220898266, 3220898158, 3220898265, 3084658617, 3220898100]}, "geometry": {"type": "LineString", "coordinates": [[-82.4372335, 34.9266112], [-82.4371413, 34.9265805], [-82.4371347, 34.9265973], [-82.4371327, 34.9266157], [-82.4371321, 34.9266327], [-82.4371341, 34.926652], [-82.4371408, 34.9266709], [-82.4371498, 34.9266896], [-82.4371629, 34.9267039], [-82.4371777, 34.9267156], [-82.4372371, 34.9267353], [-82.4372976, 34.9267558], [-82.4373285, 34.9267656], [-82.4373382, 34.9267671], [-82.4373473, 34.9267671], [-82.4373564, 34.9267663], [-82.4373647, 34.9267639], [-82.4373724, 34.9267614], [-82.4373806, 34.9267567], [-82.4373869, 34.926752], [-82.4373916, 34.926746], [-82.4374263, 34.9266755]]}}, {"type": "Feature", "id": "w303958484", "properties": {"highway": "footway", "walkable": true, "on_campus": true, "nodes": [3084658633, 3220898100]}, "geometry": {"type": "LineString", "coordinates": [[-82.4373359, 34.9266454], [-82.4374263, 34.9266755]]}}, {"type": "Feature", "id": "w303958485", "properties": {"highway": "footway", "walkable": true, "on_campus": true, "nodes": [3084658596, 3084658635]}, "geometry": {"type": "LineString", "coordinates": [[-82.4373054, 34.9265866], [-82.4373309, 34.926531]]}}, {"type": "Feature", "id": "w303958486", "properties": {"highway": "footway", "walkable": true, "on_campus": true, "nodes": [3078472194, 3084658645, 3084658646, 3216889519, 3216889537, 3084658647, 3216889518, 3084658648, 3216889517, 3084658649, 3216889516, 3084658650, 3084658651, 3078472202]}, "geometry": {"type": "LineString", "coordinates": [[-82.4370957, 34.9267635], [-82.4370702, 34.9267355], [-82.4370427, 34.9266954], [-82.4370352, 34.9266792], [-82.4370317, 34.9266693], [-82.4370286, 34.926658], [-82.437027, 34.9266427], [-82.4370246, 34.9266244], [-82.4370218, 34.9266111], [-82.4370159, 34.9265969], [-82.437007, 34.9265858], [-82.4369931, 34.9265766], [-82.4369542, 34.9265607], [-82.4364178, 34.9263742]]}}, {"type": "Feature", "id": "w303958487", "properties": {"highway": "footway", "walkable": true, "on_campus": true, "nodes": [3078472202, 3084658653, 3084658652]}, "geometry": {"type": "LineString", "coordinates": [[-82.4364178, 34.9263742], [-82.4361571, 34.92629], [-82.435798, 34.9261741]]}}, {"type": "Feature", "id": "w303958488", "properties": {"highway": "footway", "walkable": true, "on_campus": true, "nodes": [3084658653, 3078472181, 3084658654, 3084658655, 3084658656, 3084658657, 3084658658, 3084658659, 3663527722, 3078472090]}, "geometry": {"type": "LineString", "coordinates": [[-82.4361571, 34.92629], [-82.4359725, 34.9266711], [-82.4358823, 34.9266401], [-82.4358153, 34.9266181], [-82.435767, 34.9266159], [-82.4357106, 34.926617], [-82.4356503, 34.9265972], [-82.4355551, 34.926562], [-82.4354806, 34.926534], [-82.4354093, 34.9265072]]}}, {"type": "Feature", "id": "w303958492", "properties": {"highway": "footway", "walkable": true, "on_campus": true, "nodes": [3086124321, 3084658672, 3084658673, 3084658674, 3084658675, 3084658676, 3084658677, 3084658678, 3084658679, 3084658680, 9036382537, 3084658681, 3084658682, 3084658683, 3084658684, 3084658685, 3084658686, 9036382535, 3084658687, 3084658729, 3084658688, 3084658689, 3084658690, 3084658691, 736991749]}, "geometry": {"type": "LineString", "coordinates": [[-82.4368179, 34.9277388], [-82.4368482, 34.9277537], [-82.4369408, 34.9278372], [-82.4369716, 34.9278548], [-82.4370172, 34.9278548], [-82.4371057, 34.9278548], [-82.4371326, 34.9278636], [-82.4371661, 34.9278911], [-82.4372291, 34.9279263], [-82.4373015, 34.9279461], [-82.4373363, 34.9279516], [-82.4373927, 34.9279604], [-82.4374669, 34.9279726], [-82.4375158, 34.9279905], [-82.4375546, 34.9280008], [-82.4375888, 34.9280204], [-82.4376033, 34.9280325], [-82.4373745, 34.9281079], [-82.437272, 34.9281418], [-82.4372513, 34.9281506], [-82.4370333, 34.928243], [-82.4366243, 34.928464], [-82.4363534, 34.9286311], [-82.4361428, 34.9287641], [-82.4361149, 34.9287314]]}}, {"type": "Feature", "id": "w303958493", "properties": {"highway": "footway", "walkable": true, "on_campus": true, "nodes": [3084658695, 3084658696, 3084658697, 3084658698, 3084658699, 3084658700, 3084658701, 3084658702, 3084658703, 3084658704, 3084658705, 3084658706, 3084658707, 3084658708, 3084658709, 3084658710, 3084658711, 3084658712, 3084658713, 3084658714, 3084658715, 3084658716, 3084658717, 3084658718, 3084658719, 3084658720, 3084658721, 3084658722, 3084658723, 3084658724, 3084658725, 3084658726, 3084658727, 3084658728]}, "geometry": {"type": "LineString", "coordinates": [[-82.4376334, 34.9283404], [-82.4376033, 34.9283496], [-82.4375805, 34.9283716], [-82.4375671, 34.9283991], [-82.4375617, 34.9284277], [-82.4375778, 34.9284618], [-82.4375926, 34.9284926], [-82.4375912, 34.9285244], [-82.4375899, 34.9285508], [-82.4375979, 34.9285761], [-82.4376073, 34.9286014], [-82.4376046, 34.9286223], [-82.4375926, 34.9286388], [-82.4375657, 34.9286476], [-82.4375362, 34.9286476], [-82.4374906, 34.9286652], [-82.4374504, 34.9286784], [-82.4374182, 34.9286872], [-82.437382, 34.9286839], [-82.4373552, 34.9286696], [-82.4373284, 34.9286564], [-82.4373082, 34.9286454], [-82.4372948, 34.9286531], [-82.4372787, 34.9286872], [-82.4372573, 34.9287147], [-82.4372211, 34.9287334], [-82.4371714, 34.9287355], [-82.4371312, 34.9287366], [-82.4370977, 34.9287355], [-82.4370668, 34.9287586], [-82.4370306, 34.9287916], [-82.4369864, 34.9288323], [-82.4369743, 34.9288598], [-82.4369381, 34.9288818]]}}, {"type": "Feature", "id": "w303958494", "properties": {"highway": "footway", "walkable": true, "on_campus": true, "nodes": [3084658729, 3084658730, 3084658731, 3084658732, 3084658733, 3084658734, 3084658735, 3084658736, 3084658737, 3084658738]}, "geometry": {"type": "LineString", "coordinates": [[-82.4372513, 34.9281506], [-82.4372398, 34.9281352], [-82.4372184, 34.9281319], [-82.4371768, 34.928144], [-82.4370561, 34.9281825], [-82.4370159, 34.9281869], [-82.4369502, 34.9281869], [-82.4368697, 34.9281858], [-82.4368, 34.9281858], [-82.4367155, 34.9281891]]}}, {"type": "Feature", "id": "w303958496", "properties": {"highway": "footway", "walkable": true, "on_campus": true, "nodes": [3084658776, 3084658777, 13682842521, 3084658778, 3084658779, 3084658780, 3084658781, 3084658782, 3084658783, 3084658784, 3084658785, 3084658786, 3663245400, 3084658787]}, "geometry": {"type": "LineString", "coordinates": [[-82.4354974, 34.9282055], [-82.4353811, 34.9280857], [-82.4353515, 34.9280382], [-82.4353207, 34.927989], [-82.4352832, 34.9279164], [-82.4352389, 34.9278328], [-82.4352, 34.9277515], [-82.4351759, 34.9276657], [-82.4351544, 34.9275612], [-82.4351477, 34.9274568], [-82.4351383, 34.9273644], [-82.4351343, 34.9273292], [-82.4351142, 34.9272323], [-82.4350956, 34.9271432]]}}, {"type": "Feature", "id": "w303958497", "properties": {"highway": "footway", "walkable": true, "on_campus": true, "nodes": [3084658788, 736992767, 3084658789, 3084658791, 3084658790]}, "geometry": {"type": "LineString", "coordinates": [[-82.4351517, 34.9270367], [-82.4352229, 34.9270547], [-82.4352926, 34.9270764], [-82.4356938, 34.9272158], [-82.4361907, 34.9273885]]}}, {"type": "Feature", "id": "w303958498", "properties": {"highway": "footway", "walkable": true, "on_campus": true, "nodes": [3084658791, 3084658792]}, "geometry": {"type": "LineString", "coordinates": [[-82.4356938, 34.9272158], [-82.4357794, 34.9270313]]}}, {"type": "Feature", "id": "w303958499", "properties": {"highway": "footway", "surface": "concrete", "walkable": true, "on_campus": true, "nodes": [3084658842, 3084658843, 3084658844, 3084658845, 3084658846, 3084658847, 3084658848, 3084658849, 3084658850, 3084658851, 3084658852, 3084659118, 3084658853, 3084658854, 3084658855, 3084658856, 3084658857, 3084658858, 3084659122, 3084658859, 3084658860, 3084658861, 3084658862, 3084658967, 3084658863, 3084658864, 3084658865, 3084658866, 3084658867, 3084658868, 3084658869, 3084658891, 3084658870, 3084658871, 3084658872, 3084658873, 3084658874, 3084658875, 3084658876, 3084658877, 3084658878, 3084658879, 3084658880, 3084658881]}, "geometry": {"type": "LineString", "coordinates": [[-82.4355715, 34.9313887], [-82.4355447, 34.9313271], [-82.4355286, 34.9312611], [-82.4355393, 34.9312281], [-82.4355433, 34.9311688], [-82.4355514, 34.9311116], [-82.4355474, 34.9310346], [-82.4355541, 34.9309873], [-82.4355836, 34.930895], [-82.4355916, 34.9308411], [-82.4355849, 34.9307938], [-82.4355787, 34.9307807], [-82.4355635, 34.9307488], [-82.4355474, 34.930718], [-82.4355474, 34.9306894], [-82.4355608, 34.9306366], [-82.4355809, 34.9305926], [-82.435593, 34.9305355], [-82.4355962, 34.9305042], [-82.435597, 34.930497], [-82.4356091, 34.9304222], [-82.4356117, 34.930354], [-82.4356024, 34.9302661], [-82.435596, 34.9302329], [-82.4355863, 34.9301825], [-82.4355715, 34.9300825], [-82.4355769, 34.9300231], [-82.4355889, 34.9299714], [-82.4356024, 34.9299043], [-82.4356131, 34.929856], [-82.4356171, 34.9297977], [-82.4356377, 34.9297422], [-82.4356587, 34.9296855], [-82.4356855, 34.929624], [-82.4357204, 34.9295624], [-82.4357606, 34.9295195], [-82.4358196, 34.9294821], [-82.4358974, 34.9294502], [-82.4359792, 34.9294337], [-82.4360235, 34.9294249], [-82.436065, 34.9293865], [-82.4361334, 34.9293491], [-82.4362434, 34.9292864], [-82.436344, 34.9292336]]}}, {"type": "Feature", "id": "w303958500", "properties": {"highway": "footway", "walkable": true, "on_campus": true, "nodes": [3084658877, 3084658882, 3084658883, 3084658884, 3084658885, 3084658886, 3084658887, 3084658888, 3084658889, 3084658890, 3084658891, 3084658892, 3084658893, 3084658894]}, "geometry": {"type": "LineString", "coordinates": [[-82.4360235, 34.9294249], [-82.4360181, 34.9294788], [-82.435994, 34.9295833], [-82.4359779, 34.9296624], [-82.4359779, 34.9297031], [-82.4359859, 34.9297361], [-82.436002, 34.9297823], [-82.4359189, 34.9297746], [-82.4358585, 34.9297625], [-82.4357686, 34.9297537], [-82.4356377, 34.9297422], [-82.4355621, 34.9297427], [-82.4354709, 34.9297317], [-82.4354091, 34.9297096]]}}, {"type": "Feature", "id": "w303958501", "properties": {"highway": "footway", "surface": "concrete", "walkable": true, "on_campus": true, "nodes": [3084658896, 3084658898, 3084658899, 3084658808, 3084658900, 3084658901, 3084658902, 3084658903, 3084658904, 3084658925, 3084658905, 3084658906, 3084658907, 3084658908, 3084658909, 3084658910, 3084658911, 3084658912, 3086461591, 3084658913, 3084658914, 3084658915, 3084658916, 3084658799, 3084658917, 3084658918, 3084658919, 3084658920, 3084658921, 3084658922, 3084658923, 3084658924]}, "geometry": {"type": "LineString", "coordinates": [[-82.4352604, 34.9295833], [-82.4352322, 34.9295855], [-82.43509, 34.9296591], [-82.4350538, 34.9296734], [-82.4349975, 34.9296405], [-82.4349278, 34.9295921], [-82.4348433, 34.9295492], [-82.4347735, 34.9295206], [-82.4347119, 34.9295019], [-82.4346691, 34.9294852], [-82.4346528, 34.9294788], [-82.4346301, 34.9294403], [-82.4346207, 34.9293546], [-82.4346528, 34.9293337], [-82.4347803, 34.9293535], [-82.4348138, 34.9293623], [-82.4348808, 34.9293513], [-82.434913, 34.9293392], [-82.4349446, 34.9293392], [-82.43496, 34.9293392], [-82.4350069, 34.929326], [-82.4350324, 34.9293084], [-82.4350941, 34.9292952], [-82.4351477, 34.9292996], [-82.435188, 34.9293084], [-82.4352376, 34.9292655], [-82.4352926, 34.9292105], [-82.435318, 34.9291644], [-82.4353382, 34.9291006], [-82.4353569, 34.929039], [-82.4353623, 34.9289928], [-82.4353878, 34.9289643]]}}, {"type": "Feature", "id": "w303958502", "properties": {"highway": "footway", "surface": "concrete", "walkable": true, "on_campus": true, "nodes": [3084658910, 3084658925, 3084658926, 3084658927, 3084658928, 3084658929, 3084658930, 3084658931, 3084658932, 3084658933, 3084658934, 3084658810]}, "geometry": {"type": "LineString", "coordinates": [[-82.4348138, 34.9293623], [-82.4346691, 34.9294852], [-82.4346596, 34.9295173], [-82.4346756, 34.9297174], [-82.434685, 34.929856], [-82.4346824, 34.9299296], [-82.4346783, 34.9299846], [-82.4347467, 34.929978], [-82.4348326, 34.9299571], [-82.4348916, 34.9299219], [-82.4349358, 34.92989], [-82.4349694, 34.9298801]]}}, {"type": "Feature", "id": "w303958503", "properties": {"highway": "footway", "surface": "concrete", "walkable": true, "on_campus": true, "nodes": [3084658935, 3084658936, 3084658937, 3084658938, 3084658939, 3084658940, 3084658941, 3084658942]}, "geometry": {"type": "LineString", "coordinates": [[-82.4344557, 34.9298801], [-82.4344088, 34.9298834], [-82.4343712, 34.9298988], [-82.434339, 34.9299186], [-82.4342854, 34.9299351], [-82.434225, 34.9299417], [-82.4341303, 34.9299741], [-82.434019, 34.9299994]]}}, {"type": "Feature", "id": "w303958504", "properties": {"highway": "footway", "surface": "concrete", "walkable": true, "on_campus": true, "nodes": [3084658943, 3084658944, 3084658945, 3084658946, 3084658947, 3084658948, 3084658949, 3084658950, 3084658951, 3084658952, 3084658953, 3084658954, 3084658955, 3084658956, 3084658957]}, "geometry": {"type": "LineString", "coordinates": [[-82.4345375, 34.9301561], [-82.4344825, 34.9301605], [-82.434449, 34.9301726], [-82.4344262, 34.9301946], [-82.4344155, 34.9302199], [-82.4344356, 34.9303342], [-82.4344396, 34.9303584], [-82.434441, 34.9303804], [-82.4344316, 34.9304035], [-82.4343511, 34.9305431], [-82.4343363, 34.9305541], [-82.4342532, 34.9305728], [-82.4343712, 34.9308972], [-82.434386, 34.9309115], [-82.434445, 34.9309302]]}}, {"type": "Feature", "id": "w303958505", "properties": {"highway": "footway", "surface": "concrete", "walkable": true, "on_campus": true, "nodes": [3084658958, 3084658959, 3084658960, 3084658971, 3084658961, 3084658962, 11410983624]}, "geometry": {"type": "LineString", "coordinates": [[-82.434907, 34.9306551], [-82.4349506, 34.9306498], [-82.4350418, 34.9306212], [-82.4350729, 34.9305999], [-82.43509, 34.9305882], [-82.4351732, 34.9305146], [-82.4352436, 34.9304769]]}}, {"type": "Feature", "id": "w303958506", "properties": {"highway": "footway", "surface": "concrete", "walkable": true, "on_campus": true, "nodes": [3084658968, 3084658969, 3084658970, 3084658971]}, "geometry": {"type": "LineString", "coordinates": [[-82.4349496, 34.9305408], [-82.4350002, 34.9305706], [-82.4350418, 34.9305948], [-82.4350729, 34.9305999]]}}, {"type": "Feature", "id": "w303958507", "properties": {"highway": "footway", "walkable": true, "on_campus": true, "nodes": [3084658844, 3084658972, 3084658973, 3084658974, 3084658975, 3084658976, 3084658977, 3084658978, 3084658979, 3084658980, 3084658981, 3084658982, 3084658983, 3734891925, 3734891926, 3084658984, 3084658985, 3084658986, 3084658987, 3084659030, 3084658988, 3084658989, 3084658990, 3084658991, 3084658992, 3084658993, 3084659031, 3084658994, 3084659036, 3084658995, 3084658996, 3084658997, 3084658998, 3084658999, 3084659000, 3084659001, 3084659002, 3084659003, 3084659004, 3084659005, 3084659040, 3084659006, 3084659007, 3084659008, 3084659009, 3084659010, 3084659011, 3084659069, 3084659012, 3084659013, 3084659014, 3084659015, 3087553668, 3084659016, 3084659017, 3084659018, 3084659019, 3084659020, 3084659021, 3084659022, 3084659023, 3084659024, 3084659025, 3084659027, 3084659026, 3084658986]}, "geometry": {"type": "LineString", "coordinates": [[-82.4355286, 34.9312611], [-82.4354817, 34.931282], [-82.4354226, 34.9313051], [-82.4353823, 34.931322], [-82.4353462, 34.9313568], [-82.4352081, 34.9314986], [-82.4351598, 34.9315591], [-82.435141, 34.9316196], [-82.4351383, 34.9316965], [-82.4351517, 34.9317636], [-82.4351839, 34.9318296], [-82.435247, 34.9318977], [-82.4353569, 34.9320066], [-82.4354435, 34.9320867], [-82.4355776, 34.9322107], [-82.43566, 34.9322869], [-82.4357271, 34.9323309], [-82.4357874, 34.9323705], [-82.4358116, 34.932431], [-82.4358247, 34.9324723], [-82.4358505, 34.932553], [-82.4358652, 34.9326058], [-82.4358759, 34.9326959], [-82.43588, 34.9327542], [-82.4358934, 34.9327927], [-82.4359229, 34.9328301], [-82.4359481, 34.9328458], [-82.436002, 34.9328796], [-82.4360854, 34.9329254], [-82.4360999, 34.9329334], [-82.4361388, 34.9329642], [-82.4361763, 34.9330093], [-82.4362233, 34.9330533], [-82.4362689, 34.9330917], [-82.4363225, 34.9331203], [-82.4363708, 34.9331412], [-82.4364124, 34.9331445], [-82.4364472, 34.9331324], [-82.4364741, 34.9331148], [-82.4365398, 34.9330478], [-82.4365748, 34.9330139], [-82.4366524, 34.9329389], [-82.4367463, 34.9328697], [-82.4368295, 34.9328114], [-82.4369072, 34.9327652], [-82.436985, 34.9327135], [-82.4370051, 34.9326849], [-82.4370039, 34.9326719], [-82.4370025, 34.9326575], [-82.4369837, 34.9326355], [-82.4369582, 34.9326168], [-82.436918, 34.9325981], [-82.4368208, 34.9325738], [-82.4367289, 34.9325508], [-82.4365063, 34.9324947], [-82.4363802, 34.9324607], [-82.4363078, 34.9324354], [-82.4362045, 34.9323903], [-82.4361562, 34.9323727], [-82.4361093, 34.9323683], [-82.4360556, 34.9323793], [-82.4359644, 34.932409], [-82.4359148, 34.9324145], [-82.435894, 34.9324116], [-82.4358665, 34.9324079], [-82.4357874, 34.9323705]]}}, {"type": "Feature", "id": "w303958508", "properties": {"highway": "footway", "walkable": true, "on_campus": true, "nodes": [3084659027, 3084659028, 3084659029, 3084659030]}, "geometry": {"type": "LineString", "coordinates": [[-82.435894, 34.9324116], [-82.4358558, 34.9324332], [-82.435837, 34.932453], [-82.4358247, 34.9324723]]}}, {"type": "Feature", "id": "w303958509", "properties": {"highway": "footway", "walkable": true, "on_campus": true, "nodes": [3084659031, 3084659032, 3084659033, 3084659034, 3084659035]}, "geometry": {"type": "LineString", "coordinates": [[-82.4359481, 34.9328458], [-82.4359564, 34.9328883], [-82.4359765, 34.9329389], [-82.4359805, 34.9329708], [-82.4359631, 34.9330192]]}}, {"type": "Feature", "id": "w303958510", "properties": {"highway": "footway", "walkable": true, "on_campus": true, "nodes": [3084659036, 3084659037, 3084659038, 3084659039, 3084659034]}, "geometry": {"type": "LineString", "coordinates": [[-82.4360854, 34.9329254], [-82.436053, 34.9329224], [-82.4360261, 34.9329279], [-82.4359993, 34.9329433], [-82.4359805, 34.9329708]]}}, {"type": "Feature", "id": "w303958511", "properties": {"highway": "footway", "walkable": true, "on_campus": true, "nodes": [3084659040, 3084659041, 3084659042, 3084659043, 3084659044, 3084659045, 3084659046, 3084659047, 3084659048, 3084659049, 3084659050, 3084659051, 3084659052, 3084659053, 3084659070, 3084659054, 3084659055, 3084659065, 3084659056, 3084659057, 3084659058, 3084659059, 3084659060, 3084659061, 3084659062, 3084659063, 3084659064]}, "geometry": {"type": "LineString", "coordinates": [[-82.4365748, 34.9330139], [-82.4366189, 34.9330104], [-82.4366793, 34.9329983], [-82.4367329, 34.9329752], [-82.4367624, 34.9329609], [-82.4368026, 34.9329532], [-82.4368415, 34.9329488], [-82.4368818, 34.9329521], [-82.436922, 34.9329499], [-82.4369542, 34.932929], [-82.4369542, 34.9329037], [-82.4369582, 34.9328763], [-82.4369783, 34.9328554], [-82.4370481, 34.9328103], [-82.4370686, 34.9328006], [-82.4371111, 34.9327806], [-82.4371969, 34.9327333], [-82.4372352, 34.9327231], [-82.4372506, 34.932719], [-82.4373257, 34.9327135], [-82.4374195, 34.9327234], [-82.4374745, 34.9327256], [-82.4375751, 34.9327025], [-82.4376314, 34.932686], [-82.4376985, 34.9326783], [-82.4377723, 34.9326871], [-82.4377951, 34.9326904]]}}, {"type": "Feature", "id": "w303958512", "properties": {"highway": "footway", "walkable": true, "on_campus": true, "nodes": [3084659065, 3084659066, 3084659067, 3084659074, 3084659068, 3084659069]}, "geometry": {"type": "LineString", "coordinates": [[-82.4372352, 34.9327231], [-82.4371647, 34.9327091], [-82.4371098, 34.9326981], [-82.4370728, 34.9326898], [-82.4370561, 34.932686], [-82.4370039, 34.9326719]]}}, {"type": "Feature", "id": "w303958513", "properties": {"highway": "footway", "walkable": true, "on_campus": true, "nodes": [3084659070, 3084659071, 3084659072, 3084659073, 3084659074]}, "geometry": {"type": "LineString", "coordinates": [[-82.4370686, 34.9328006], [-82.4370802, 34.9327707], [-82.437087, 34.9327421], [-82.4370789, 34.9327135], [-82.4370728, 34.9326898]]}}, {"type": "Feature", "id": "w303958514", "properties": {"highway": "footway", "walkable": true, "on_campus": true, "nodes": [3084659075, 3084659076, 3084659077, 3084659078, 3084659079, 3084659080, 3084659081, 3084659064, 3084659082, 3084659083, 3084659084, 3084659085, 3084659086, 3084659087, 3084659088, 3084659089, 3084659090, 3084659091, 3084659092, 3084659093]}, "geometry": {"type": "LineString", "coordinates": [[-82.4371714, 34.9329378], [-82.4373843, 34.933193], [-82.4374276, 34.9331643], [-82.4374893, 34.9331093], [-82.4376113, 34.9329873], [-82.4376824, 34.9328938], [-82.4377253, 34.9328202], [-82.4377951, 34.9326904], [-82.4378152, 34.9326377], [-82.4378299, 34.9325992], [-82.4378286, 34.9325607], [-82.4378004, 34.9325365], [-82.4377481, 34.9325156], [-82.437677, 34.9325035], [-82.4376046, 34.9324848], [-82.4375309, 34.9324629], [-82.4374732, 34.9324343], [-82.4373941, 34.9323815], [-82.437323, 34.9323232], [-82.4372881, 34.9322792]]}}, {"type": "Feature", "id": "w303958515", "properties": {"highway": "footway", "walkable": true, "on_campus": true, "nodes": [3084659094, 3084659095, 3084659096]}, "geometry": {"type": "LineString", "coordinates": [[-82.4369251, 34.9323499], [-82.4369716, 34.9322463], [-82.4371676, 34.9320839]]}}, {"type": "Feature", "id": "w303958516", "properties": {"highway": "footway", "walkable": true, "on_campus": true, "nodes": [3084659093, 736991510]}, "geometry": {"type": "LineString", "coordinates": [[-82.4372881, 34.9322792], [-82.4373299, 34.9322532]]}}, {"type": "Feature", "id": "w303958517", "properties": {"highway": "footway", "walkable": true, "on_campus": true, "nodes": [3084659097, 3084659098, 3084659099, 3084659100]}, "geometry": {"type": "LineString", "coordinates": [[-82.4366106, 34.9322415], [-82.4367034, 34.9320187], [-82.4368026, 34.9318592], [-82.4368323, 34.9318486]]}}, {"type": "Feature", "id": "w303958518", "properties": {"highway": "footway", "walkable": true, "on_campus": true, "nodes": [736992587, 3084659101, 3084659102, 3084659103, 3084659104, 3084659105, 3084659106, 3084659107, 3084659108, 3084659109, 3084659110, 3084659111, 3084659112, 3084659113, 3084659114, 3084659115, 3084659116, 3084659117]}, "geometry": {"type": "LineString", "coordinates": [[-82.4369383, 34.9317079], [-82.4368938, 34.9316877], [-82.4368616, 34.9316668], [-82.436804, 34.9316207], [-82.4367879, 34.9315855], [-82.4367906, 34.9315415], [-82.4368147, 34.9314854], [-82.4368482, 34.9314008], [-82.4368751, 34.9313183], [-82.4368965, 34.9312402], [-82.436914, 34.9311523], [-82.43693, 34.9310731], [-82.4369274, 34.9310159], [-82.4368992, 34.9309588], [-82.4368684, 34.9309104], [-82.4368214, 34.9308741], [-82.436753, 34.9308477], [-82.4366312, 34.9308404]]}}, {"type": "Feature", "id": "w303958519", "properties": {"highway": "footway", "walkable": true, "on_campus": true, "nodes": [3084659118, 3084659119, 3084659120, 3084659121, 3084659122]}, "geometry": {"type": "LineString", "coordinates": [[-82.4355787, 34.9307807], [-82.4358156, 34.9307004], [-82.4358183, 34.9306784], [-82.4358022, 34.9306564], [-82.4355962, 34.9305042]]}}, {"type": "Feature", "id": "w303958520", "properties": {"highway": "footway", "walkable": true, "on_campus": true, "nodes": [736991399, 3084659123, 3084659124, 3084659125, 3084659126, 3084658924]}, "geometry": {"type": "LineString", "coordinates": [[-82.4356252, 34.9286582], [-82.435593, 34.928718], [-82.4355568, 34.9288015], [-82.4355366, 34.9288576], [-82.4355071, 34.928884], [-82.4353878, 34.9289643]]}}, {"type": "Feature", "id": "w303958521", "properties": {"highway": "footway", "walkable": true, "on_campus": true, "nodes": [3085460948, 3085460849, 3085460747, 3085460937, 3085460837, 3085460738, 3085460927, 3085460828, 3085459327, 3084658881, 3084659128, 3084659129, 3085114779, 3084659130, 3084659131, 3084659132, 5733623453, 3084658776]}, "geometry": {"type": "LineString", "coordinates": [[-82.4362221, 34.9297297], [-82.4365379, 34.9298912], [-82.4366314, 34.9298158], [-82.4366534, 34.9298016], [-82.4366694, 34.9297828], [-82.436679, 34.9297592], [-82.4366849, 34.9297365], [-82.4366806, 34.9297135], [-82.4364546, 34.9293879], [-82.436344, 34.9292336], [-82.4362582, 34.9291006], [-82.4361214, 34.9289027], [-82.4360347, 34.9287877], [-82.43601, 34.9287487], [-82.435829, 34.9285343], [-82.4356091, 34.9283144], [-82.4355615, 34.928268], [-82.4354974, 34.9282055]]}}, {"type": "Feature", "id": "w303958522", "properties": {"highway": "footway", "surface": "concrete", "walkable": true, "on_campus": true, "nodes": [3084659233, 3084659234, 3084659235, 3084659236, 3084659237, 3084659238, 3084659239, 3085114825, 3085114823, 3084659240, 3084659241, 3084659242, 3084659236]}, "geometry": {"type": "LineString", "coordinates": [[-82.4350408, 34.9289022], [-82.4349962, 34.9288862], [-82.4348339, 34.9288631], [-82.4347414, 34.9289104], [-82.4346944, 34.9290258], [-82.4346958, 34.9291479], [-82.4346783, 34.9291402], [-82.4346667, 34.9291271], [-82.4346317, 34.9290877], [-82.434563, 34.9290104], [-82.4346086, 34.9289917], [-82.4346649, 34.9289708], [-82.4347414, 34.9289104]]}}, {"type": "Feature", "id": "w303995641", "properties": {"highway": "footway", "walkable": true, "on_campus": true, "nodes": [3085114785, 3085114786, 3085114795, 3085114787, 3085114788, 3085114794, 3085114789]}, "geometry": {"type": "LineString", "coordinates": [[-82.4346393, 34.9280815], [-82.4346225, 34.9281148], [-82.4346094, 34.9281413], [-82.4344951, 34.9283721], [-82.4344804, 34.9283754], [-82.4344397, 34.9284566], [-82.434374, 34.9285722]]}}, {"type": "Feature", "id": "w303995642", "properties": {"highway": "service", "walkable": true, "on_campus": true, "nodes": [3085114790, 3085114791, 3085114792, 3085114793, 3085114794]}, "geometry": {"type": "LineString", "coordinates": [[-82.4348051, 34.9283937], [-82.4347607, 34.9283523], [-82.4346963, 34.9283402], [-82.434648, 34.9283479], [-82.4344397, 34.9284566]]}}, {"type": "Feature", "id": "w303995643", "properties": {"highway": "footway", "walkable": true, "on_campus": true, "nodes": [3085114795, 3085114796, 3085114797, 3085114798, 3085114792]}, "geometry": {"type": "LineString", "coordinates": [[-82.4346094, 34.9281413], [-82.4346413, 34.9281753], [-82.4346748, 34.928227], [-82.4346909, 34.9282853], [-82.4346963, 34.9283402]]}}, {"type": "Feature", "id": "w303995644", "properties": {"highway": "footway", "walkable": true, "on_campus": true, "nodes": [3085114799, 3085114800, 3085114801, 3085114802, 3085114803, 3085114804, 3085114805, 3085114806, 3085114807, 3085114808, 9036358796, 3085114809, 3085114810, 3085114811]}, "geometry": {"type": "LineString", "coordinates": [[-82.4342323, 34.928227], [-82.4340512, 34.9285898], [-82.4340458, 34.9286228], [-82.4340593, 34.928647], [-82.4340847, 34.9286668], [-82.4341008, 34.9286866], [-82.4341116, 34.9287207], [-82.4341236, 34.9287515], [-82.4341411, 34.9287658], [-82.4341746, 34.92878], [-82.4341702, 34.9288383], [-82.4341679, 34.9288955], [-82.4342537, 34.928956], [-82.4343275, 34.9290154]]}}, {"type": "Feature", "id": "w303995645", "properties": {"highway": "footway", "surface": "concrete", "walkable": true, "on_campus": true, "nodes": [3084659240, 3085114812, 3085114813]}, "geometry": {"type": "LineString", "coordinates": [[-82.434563, 34.9290104], [-82.4345085, 34.9289505], [-82.4344844, 34.9289136]]}}, {"type": "Feature", "id": "w303995646", "properties": {"highway": "footway", "surface": "concrete", "walkable": true, "on_campus": true, "nodes": [3085115048, 3085115049, 3085115050, 3085115051, 3085115052]}, "geometry": {"type": "LineString", "coordinates": [[-82.4344053, 34.9293199], [-82.4343637, 34.9292682], [-82.4343382, 34.9292155], [-82.4342899, 34.9291429], [-82.4342296, 34.9290725]]}}, {"type": "Feature", "id": "w304030198", "properties": {"highway": "footway", "walkable": true, "on_campus": true, "nodes": [3085460971, 3085460963]}, "geometry": {"type": "LineString", "coordinates": [[-82.4395383, 34.9291204], [-82.4394669, 34.9292054]]}}, {"type": "Feature", "id": "w304030199", "properties": {"highway": "footway", "walkable": true, "on_campus": true, "nodes": [3085460787, 3085460870, 3085460780, 3085460880, 3085460977, 3085460789, 3085460888, 3085459300, 3085460797, 3085460898, 3085459308, 3085460807]}, "geometry": {"type": "LineString", "coordinates": [[-82.4395412, 34.930197], [-82.4395448, 34.9302282], [-82.4395535, 34.9302952], [-82.4395585, 34.9303391], [-82.4395627, 34.930383], [-82.4395575, 34.9304249], [-82.4395463, 34.9304761], [-82.4395361, 34.93053], [-82.4395298, 34.9305815], [-82.4395337, 34.9306256], [-82.4395631, 34.9306597], [-82.4395998, 34.9306811]]}}, {"type": "Feature", "id": "w304030200", "properties": {"highway": "footway", "walkable": true, "on_campus": true, "nodes": [3085460775, 3085460777, 3085460767, 3085459318, 3085460819, 3085460917, 3085459326, 3085460829, 3085460926, 3085460737, 3085460838, 3085460936, 3085460748, 3085460848, 3085460947, 3085460859, 13104784990, 3085460889, 3085460958]}, "geometry": {"type": "LineString", "coordinates": [[-82.4398419, 34.9301749], [-82.4396532, 34.9302083], [-82.43966, 34.9302306], [-82.439678, 34.9302658], [-82.4396967, 34.9302965], [-82.4397216, 34.930326], [-82.439749, 34.9303541], [-82.4397864, 34.9303806], [-82.4398244, 34.9304008], [-82.4398693, 34.9304184], [-82.4399192, 34.93043], [-82.439967, 34.9304367], [-82.4400159, 34.9304382], [-82.4400646, 34.9304338], [-82.440125, 34.9304199], [-82.4401715, 34.9304036], [-82.4400938, 34.9302819], [-82.4400831, 34.9302651], [-82.4400801, 34.9302604]]}}, {"type": "Feature", "id": "w304030201", "properties": {"highway": "footway", "walkable": true, "on_campus": true, "nodes": [717490560, 3085459331, 3085460931, 3085460742, 3085460842, 3085460941, 3085460751, 3085460853, 3085460952, 3085460761, 3085460863, 3085460791]}, "geometry": {"type": "LineString", "coordinates": [[-82.4388811, 34.9299835], [-82.438829, 34.9299572], [-82.4387943, 34.9299287], [-82.4387688, 34.9298945], [-82.4387422, 34.9298568], [-82.4387167, 34.9298185], [-82.4387011, 34.9297978], [-82.4387416, 34.9297769], [-82.4387762, 34.9297633], [-82.4388137, 34.9297612], [-82.4388495, 34.9297704], [-82.4389116, 34.9297788]]}}, {"type": "Feature", "id": "w304030203", "properties": {"highway": "footway", "walkable": true, "on_campus": true, "nodes": [3085460906, 3085460963]}, "geometry": {"type": "LineString", "coordinates": [[-82.4394053, 34.9292057], [-82.4394669, 34.9292054]]}}, {"type": "Feature", "id": "w304030204", "properties": {"highway": "footway", "surface": "concrete", "walkable": true, "on_campus": true, "nodes": [3085460981, 3085460916, 3085460827, 3085460924, 3085460736, 3085460836, 3085460934, 3085460746, 3085460847, 3085460946, 3085460756, 3085460857, 3085460957, 3085460766, 3085460866, 3085460965, 3085460774, 3085460874, 3085460973, 3085460783, 3085460883]}, "geometry": {"type": "LineString", "coordinates": [[-82.4397358, 34.9293058], [-82.4396996, 34.9293091], [-82.4396462, 34.9293182], [-82.4396215, 34.9293277], [-82.4396128, 34.9293441], [-82.4396194, 34.929371], [-82.4396284, 34.929402], [-82.439644, 34.9294269], [-82.4396509, 34.9294487], [-82.4396513, 34.9294691], [-82.4396476, 34.9294908], [-82.439634, 34.9295114], [-82.4396189, 34.9295357], [-82.4395985, 34.9295694], [-82.4395703, 34.9296012], [-82.4395372, 34.9296375], [-82.4395033, 34.9296732], [-82.4394763, 34.9297028], [-82.4394564, 34.9297339], [-82.4394494, 34.9297635], [-82.4394596, 34.9297993]]}}, {"type": "Feature", "id": "w304030205", "properties": {"highway": "footway", "walkable": true, "on_campus": true, "nodes": [3085460908, 3220640155]}, "geometry": {"type": "LineString", "coordinates": [[-82.4392672, 34.9292064], [-82.4391797, 34.9292068]]}}, {"type": "Feature", "id": "w304030206", "properties": {"highway": "footway", "walkable": true, "on_campus": true, "nodes": [3085460900, 3085460809]}, "geometry": {"type": "LineString", "coordinates": [[-82.4393356, 34.9291766], [-82.4393353, 34.9291101]]}}, {"type": "Feature", "id": "w304030207", "properties": {"highway": "footway", "walkable": true, "on_campus": true, "nodes": [3085460890, 3085460798]}, "geometry": {"type": "LineString", "coordinates": [[-82.439336, 34.9293022], [-82.4393357, 34.9292342]]}}, {"type": "Feature", "id": "w304030209", "properties": {"highway": "footway", "walkable": true, "on_campus": true, "nodes": [3085460779, 3085460940, 3085460852, 3085460950, 3409779505, 3085460760, 3409779506, 3085460862, 3409779507, 3085460961, 3409779508, 3085460771, 3085460869, 3085460890, 3085460969]}, "geometry": {"type": "LineString", "coordinates": [[-82.4397298, 34.929204], [-82.4396791, 34.9292043], [-82.4396122, 34.9292046], [-82.4395898, 34.9292047], [-82.4395901, 34.9292176], [-82.439588, 34.9292307], [-82.4395843, 34.9292428], [-82.4395782, 34.9292545], [-82.4395705, 34.9292658], [-82.439561, 34.9292763], [-82.4395525, 34.9292849], [-82.4395393, 34.9292936], [-82.439519, 34.9293009], [-82.439336, 34.9293022], [-82.4391805, 34.9293035]]}}, {"type": "Feature", "id": "w304030210", "properties": {"highway": "footway", "walkable": true, "on_campus": true, "nodes": [3085460906, 3409779514, 3085460816, 3409779513, 3085460913, 3409779512, 3085459322, 3085460798, 3085460824, 3409779523, 3085460922, 3409779522, 3085459332, 3409779521, 3085460908, 3409779520, 3085460844, 3409779519, 3085460942, 3409779518, 3085460753, 3085460900, 3085460855, 3409779517, 3085460953, 3409779516, 3085460763, 3409779515, 3085460906]}, "geometry": {"type": "LineString", "coordinates": [[-82.4394053, 34.9292057], [-82.439404, 34.9292129], [-82.4394009, 34.9292197], [-82.4393972, 34.9292253], [-82.4393916, 34.9292307], [-82.4393841, 34.9292329], [-82.4393752, 34.9292344], [-82.4393357, 34.9292342], [-82.4392943, 34.9292343], [-82.4392858, 34.9292326], [-82.4392786, 34.9292291], [-82.4392734, 34.9292232], [-82.4392694, 34.9292169], [-82.4392678, 34.9292118], [-82.4392672, 34.9292064], [-82.4392685, 34.9291995], [-82.4392707, 34.9291924], [-82.4392757, 34.9291865], [-82.439281, 34.9291817], [-82.4392869, 34.9291788], [-82.4392943, 34.9291767], [-82.4393356, 34.9291766], [-82.4393752, 34.9291767], [-82.4393828, 34.9291783], [-82.4393898, 34.9291807], [-82.4393961, 34.929186], [-82.4394004, 34.9291919], [-82.4394038, 34.9291985], [-82.4394053, 34.9292057]]}}, {"type": "Feature", "id": "w304030211", "properties": {"highway": "footway", "walkable": true, "on_campus": true, "nodes": [3085460805, 3085460809, 3085459307, 3220640152, 3085460897, 3085460971, 3085460796, 3409779509, 3085459299, 3409779510, 3085460886, 3409779511, 3085460878, 3085460950]}, "geometry": {"type": "LineString", "coordinates": [[-82.4392154, 34.9291108], [-82.4393353, 34.9291101], [-82.4394981, 34.9291095], [-82.4395169, 34.9291094], [-82.4395296, 34.9291155], [-82.4395383, 34.9291204], [-82.4395507, 34.9291275], [-82.4395605, 34.9291347], [-82.4395677, 34.9291433], [-82.4395743, 34.9291525], [-82.4395788, 34.9291613], [-82.4395827, 34.9291738], [-82.4395861, 34.9291861], [-82.4395898, 34.9292047]]}}, {"type": "Feature", "id": "w304030212", "properties": {"highway": "footway", "walkable": true, "on_campus": true, "nodes": [3085460757, 3085519952, 3085460959, 3085519975, 3085460768, 3085460867, 3085460966, 3085520016, 3085460776, 3085460876, 3085460974, 3085520062, 3085460786]}, "geometry": {"type": "LineString", "coordinates": [[-82.436557, 34.9292289], [-82.4365746, 34.9292183], [-82.4366954, 34.9291452], [-82.436778, 34.9290944], [-82.4368417, 34.9290551], [-82.436924, 34.9290093], [-82.4370532, 34.9289491], [-82.4371067, 34.928931], [-82.4371574, 34.9289138], [-82.4372813, 34.9288746], [-82.4373869, 34.9288455], [-82.4374484, 34.9288272], [-82.4374784, 34.9288182]]}}, {"type": "Feature", "id": "w304036785", "properties": {"highway": "footway", "walkable": true, "on_campus": true, "nodes": [3085520122, 3085519961, 3085520129, 3085520108, 3085520085, 3085520061, 3085520041, 3971849334]}, "geometry": {"type": "LineString", "coordinates": [[-82.4388885, 34.9286372], [-82.4389477, 34.928633], [-82.4390421, 34.9286289], [-82.439122, 34.9286307], [-82.4392037, 34.9286328], [-82.4392673, 34.9286371], [-82.4392738, 34.9285795], [-82.4392781, 34.9285428]]}}, {"type": "Feature", "id": "w304036787", "properties": {"highway": "footway", "walkable": true, "on_campus": true, "nodes": [3085519996, 3085520061]}, "geometry": {"type": "LineString", "coordinates": [[-82.4392812, 34.9286815], [-82.4392673, 34.9286371]]}}, {"type": "Feature", "id": "w304036788", "properties": {"highway": "footway", "walkable": true, "on_campus": true, "nodes": [3085520135, 3085520067, 3085520091]}, "geometry": {"type": "LineString", "coordinates": [[-82.4386024, 34.9292204], [-82.4383461, 34.9292242], [-82.4380645, 34.9292269]]}}, {"type": "Feature", "id": "w304036789", "properties": {"highway": "footway", "walkable": true, "on_campus": true, "nodes": [3085519987, 3085520022, 3085519966]}, "geometry": {"type": "LineString", "coordinates": [[-82.4380649, 34.9293772], [-82.4383499, 34.9293745], [-82.4386042, 34.9293705]]}}, {"type": "Feature", "id": "w304036790", "properties": {"highway": "footway", "walkable": true, "on_campus": true, "nodes": [3085520076, 3085520142, 3085520098]}, "geometry": {"type": "LineString", "coordinates": [[-82.4378601, 34.9290387], [-82.4378697, 34.9290727], [-82.4380397, 34.9294323]]}}, {"type": "Feature", "id": "w304036792", "properties": {"highway": "footway", "walkable": true, "on_campus": true, "nodes": [3085520067, 3085520022, 3085519999, 3085519980, 3085519958, 3085520148, 3085520126]}, "geometry": {"type": "LineString", "coordinates": [[-82.4383461, 34.9292242], [-82.4383499, 34.9293745], [-82.4383516, 34.9294814], [-82.4383557, 34.9295773], [-82.438385, 34.9296542], [-82.4384461, 34.9297277], [-82.4384714, 34.9297675]]}}, {"type": "Feature", "id": "w304036793", "properties": {"highway": "footway", "walkable": true, "on_campus": true, "nodes": [3971849328, 3085519968, 3085520136, 3085520115, 3085520092, 3085520069, 3085520045, 3085520024, 3085520001, 3085519981, 3085519960, 3085520149, 3085520128, 3085520107, 3085520076, 3085520084, 3085520060, 3085520040, 3085520015, 3085520031, 13097207153, 3109824295, 13097207152, 3085520154]}, "geometry": {"type": "LineString", "coordinates": [[-82.4378244, 34.9286852], [-82.437867, 34.9287123], [-82.437895, 34.9287371], [-82.4379238, 34.9287714], [-82.4379464, 34.9288086], [-82.4379551, 34.9288339], [-82.4379536, 34.928857], [-82.4379366, 34.9288774], [-82.4379071, 34.9288952], [-82.4378843, 34.928918], [-82.4378583, 34.9289413], [-82.4378401, 34.9289739], [-82.4378401, 34.9290065], [-82.4378566, 34.9290361], [-82.4378601, 34.9290387], [-82.4378866, 34.9290575], [-82.4379276, 34.9290709], [-82.4379717, 34.9290807], [-82.4380168, 34.9290861], [-82.438062, 34.9290896], [-82.4385689, 34.929086], [-82.4385693, 34.9290766], [-82.4385835, 34.9290764], [-82.4385989, 34.9290761]]}}, {"type": "Feature", "id": "w304036797", "properties": {"highway": "footway", "walkable": true, "on_campus": true, "nodes": [3085520024, 3085520141, 3085520097, 3085520075, 3085520051, 3085520030, 3085520006, 3085519986, 3085519965, 3085520153, 3085520134, 3085520113, 3085520090, 3085520066, 3109824300, 3085520044, 3085520021, 3085519998, 3085519979, 3085519957, 3085520147, 3085520125, 3085520104, 3085520082, 3085520057, 3085520037, 3085520012, 3085519992, 3085519972, 3085519950, 3085520139, 3085520118, 3085520095, 3085520072, 3085520048, 3085520027, 3085520004, 3085519983, 3085519963, 3085520150, 3085520131, 3085519996, 3085520110, 3085520087, 3085520063, 3085519982, 3085520042]}, "geometry": {"type": "LineString", "coordinates": [[-82.4379366, 34.9288774], [-82.4379539, 34.9288908], [-82.4379877, 34.9289073], [-82.4380273, 34.9289209], [-82.438066, 34.928922], [-82.4381177, 34.9289188], [-82.438168, 34.9289197], [-82.4382208, 34.9289165], [-82.4382729, 34.9289089], [-82.4383209, 34.9289071], [-82.4383689, 34.9289104], [-82.4384187, 34.9289135], [-82.4384687, 34.928909], [-82.4385175, 34.9289102], [-82.4385253, 34.9289112], [-82.4385656, 34.9289166], [-82.4386188, 34.9289218], [-82.4386621, 34.9289334], [-82.4386976, 34.9289363], [-82.4387329, 34.9289304], [-82.4387645, 34.9289161], [-82.4387952, 34.928903], [-82.4388357, 34.9288905], [-82.4388777, 34.9288819], [-82.4389206, 34.9288775], [-82.4389638, 34.9288772], [-82.4390068, 34.928881], [-82.439049, 34.9288889], [-82.4390905, 34.9288972], [-82.439134, 34.9289037], [-82.4391779, 34.9289079], [-82.4392119, 34.9289041], [-82.4392436, 34.9288932], [-82.4392709, 34.9288761], [-82.439292, 34.9288538], [-82.4393054, 34.9288279], [-82.4393103, 34.9288], [-82.4393662, 34.9287767], [-82.4393654, 34.9287388], [-82.4393463, 34.9287115], [-82.4393115, 34.9286844], [-82.4392812, 34.9286815], [-82.4392607, 34.9286796], [-82.4392116, 34.9286908], [-82.4391711, 34.9287163], [-82.4391658, 34.9287281], [-82.4391553, 34.9287517]]}}, {"type": "Feature", "id": "w304036798", "properties": {"highway": "footway", "walkable": true, "on_campus": true, "nodes": [3085519982, 3085520018, 3085519977, 3085519954, 3085520145, 3085520122, 3085520101, 3085520079, 3085520054, 3085520034, 3085520009, 3085519989, 3085519969, 3085520156, 3085520137, 3085520116, 3085520093, 3085520070, 3085520046, 3085520025, 3085520002]}, "geometry": {"type": "LineString", "coordinates": [[-82.4391658, 34.9287281], [-82.4391282, 34.9287193], [-82.439031, 34.9286963], [-82.438969, 34.9286816], [-82.438918, 34.9286566], [-82.4388885, 34.9286372], [-82.4387631, 34.9286406], [-82.4386678, 34.9286457], [-82.4386275, 34.9286751], [-82.4385666, 34.9287068], [-82.4385218, 34.9287212], [-82.4385126, 34.9287004], [-82.4384915, 34.9286787], [-82.4384629, 34.9286637], [-82.4384235, 34.9286658], [-82.4382118, 34.9286939], [-82.4381854, 34.9286992], [-82.4381604, 34.9287128], [-82.4381423, 34.9287324], [-82.4381195, 34.9287463], [-82.4380842, 34.9287616]]}}, {"type": "Feature", "id": "w304079101", "properties": {"highway": "footway", "walkable": true, "on_campus": true, "nodes": [3085977494, 3085977469, 3085977454, 3085977444, 3085975832, 3085977538, 3085977526, 3085977514, 3664626032, 3085977494]}, "geometry": {"type": "LineString", "coordinates": [[-82.4399191, 34.9278733], [-82.4398937, 34.9278276], [-82.4399167, 34.9277812], [-82.439969, 34.9277581], [-82.4400303, 34.9277767], [-82.4400565, 34.9278213], [-82.4400346, 34.9278723], [-82.4399824, 34.9278906], [-82.4399465, 34.9278808], [-82.4399191, 34.9278733]]}}, {"type": "Feature", "id": "w304079111", "properties": {"highway": "footway", "walkable": true, "on_campus": true, "nodes": [3085977540, 3085977516, 3085977503, 3085977492, 3085977480, 3085977467, 3085977452, 3085977442, 3085977547, 3085977536, 3085977524, 3085977511, 3085977500, 3085977486, 3085977475, 3085977461, 3085977448, 3085977437, 3085977543, 3085977530, 3085977519, 3085977505, 3085977495, 3085977482, 3085977470, 3085977490, 3085977455, 3085977445, 3085977433, 3085977539, 3085977527]}, "geometry": {"type": "LineString", "coordinates": [[-82.4367769, 34.9300213], [-82.4368218, 34.9300564], [-82.4368555, 34.9301016], [-82.4370291, 34.9303439], [-82.4371294, 34.9304896], [-82.4371675, 34.9305915], [-82.4372148, 34.93067], [-82.4372769, 34.9307411], [-82.4373512, 34.9308123], [-82.437397, 34.9308788], [-82.4374529, 34.9309797], [-82.4375162, 34.9310867], [-82.4375829, 34.9311922], [-82.4376386, 34.9312945], [-82.4376869, 34.9313993], [-82.4377258, 34.9314996], [-82.4377406, 34.9315729], [-82.4377394, 34.9316439], [-82.4377322, 34.9317185], [-82.4377445, 34.9317783], [-82.4377742, 34.9318338], [-82.437791, 34.9319067], [-82.4378384, 34.931985], [-82.4379097, 34.9320499], [-82.4379713, 34.9321559], [-82.4379775, 34.9321675], [-82.4380179, 34.9322367], [-82.438051, 34.9322997], [-82.4381057, 34.9324719], [-82.4381542, 34.9326349], [-82.4381492, 34.9327781]]}}, {"type": "Feature", "id": "w304079112", "properties": {"highway": "footway", "walkable": true, "on_campus": true, "nodes": [3085977522, 3085977534, 3085977546, 3085977440, 3085977451, 3085977465, 3085977478, 3085977515, 3085977490]}, "geometry": {"type": "LineString", "coordinates": [[-82.437792, 34.9324343], [-82.4378278, 34.932425], [-82.4378625, 34.9324022], [-82.4378773, 34.9323701], [-82.4378852, 34.9323363], [-82.4378858, 34.932297], [-82.4379026, 34.9322603], [-82.437932, 34.9322196], [-82.4379775, 34.9321675]]}}, {"type": "Feature", "id": "w304095246", "properties": {"highway": "footway", "walkable": true, "on_campus": true, "nodes": [3078472028, 3086124262]}, "geometry": {"type": "LineString", "coordinates": [[-82.4375969, 34.9257263], [-82.437672, 34.9257566]]}}, {"type": "Feature", "id": "w304095255", "properties": {"highway": "footway", "walkable": true, "on_campus": true, "nodes": [3086124522, 3086124523, 3086124524, 3086124525]}, "geometry": {"type": "LineString", "coordinates": [[-82.4360545, 34.9299718], [-82.43632, 34.9300828], [-82.4363992, 34.9301026], [-82.4364475, 34.930118]]}}, {"type": "Feature", "id": "w304095256", "properties": {"highway": "footway", "walkable": true, "on_campus": true, "nodes": [3085460849, 3086124526]}, "geometry": {"type": "LineString", "coordinates": [[-82.4365379, 34.9298912], [-82.4365708, 34.9299157]]}}, {"type": "Feature", "id": "w304095257", "properties": {"highway": "footway", "walkable": true, "on_campus": true, "nodes": [3085977540, 3086124527]}, "geometry": {"type": "LineString", "coordinates": [[-82.4367769, 34.9300213], [-82.4367291, 34.9300014]]}}, {"type": "Feature", "id": "w304095258", "properties": {"highway": "footway", "walkable": true, "on_campus": true, "nodes": [3086124648, 3086124649, 3086124650]}, "geometry": {"type": "LineString", "coordinates": [[-82.4359995, 34.9308316], [-82.4363616, 34.9308316], [-82.4364247, 34.9308338]]}}, {"type": "Feature", "id": "w304095259", "properties": {"highway": "footway", "walkable": true, "on_campus": true, "nodes": [3086124651, 3086124652, 3086124653]}, "geometry": {"type": "LineString", "coordinates": [[-82.4360062, 34.9305479], [-82.4363361, 34.9305226], [-82.4363914, 34.9305171]]}}, {"type": "Feature", "id": "w304095260", "properties": {"highway": "service", "walkable": true, "on_campus": true, "nodes": [3086124668, 3086124693, 3086286263, 736992708, 3086124691, 736992037, 3086124694, 3086124690, 3086124695, 736992316, 3086124696, 3086124689, 3086124697, 736991819]}, "geometry": {"type": "LineString", "coordinates": [[-82.4355409, 34.9326358], [-82.4355167, 34.9326666], [-82.4354737, 34.9326902], [-82.4353786, 34.9327337], [-82.4352981, 34.9327974], [-82.4352338, 34.9328755], [-82.4352029, 34.9329294], [-82.4351908, 34.9329888], [-82.4351922, 34.9330536], [-82.4352042, 34.9331108], [-82.4352257, 34.9331559], [-82.4352485, 34.9331922], [-82.435278, 34.9332328], [-82.4353156, 34.9332636]]}}, {"type": "Feature", "id": "w304123536", "properties": {"highway": "footway", "walkable": true, "on_campus": true, "nodes": [3084658983, 3086461356, 3086461352, 3086461355, 3086461350, 3086461353, 3086461351, 3086461354, 3086461342, 3086461343, 3086461344, 3086461345, 3086461346, 3086461367, 3086461347, 3086461348, 3086461349]}, "geometry": {"type": "LineString", "coordinates": [[-82.4353569, 34.9320066], [-82.4353166, 34.932037], [-82.4352792, 34.9320718], [-82.4352455, 34.9321066], [-82.4352155, 34.9321537], [-82.4351918, 34.9321976], [-82.4351793, 34.9322447], [-82.4351706, 34.9322897], [-82.4351656, 34.9323388], [-82.4353765, 34.9323409], [-82.4354052, 34.9325352], [-82.4351893, 34.932614], [-82.4352143, 34.9326856], [-82.435087, 34.9326873], [-82.4350633, 34.9326877], [-82.4349784, 34.9326846], [-82.434931, 34.9326928]]}}, {"type": "Feature", "id": "w304123537", "properties": {"highway": "footway", "walkable": true, "on_campus": true, "nodes": [3086461342, 3086461357, 3086461358, 3086461359]}, "geometry": {"type": "LineString", "coordinates": [[-82.4351656, 34.9323388], [-82.4351307, 34.9323398], [-82.4349597, 34.9323767], [-82.434815, 34.9324196]]}}, {"type": "Feature", "id": "w304123538", "properties": {"highway": "footway", "walkable": true, "on_campus": true, "nodes": [3086461358, 3086461360, 3086461361, 3086461362, 3086461363, 3086461364, 3086461365, 3086461366]}, "geometry": {"type": "LineString", "coordinates": [[-82.4349597, 34.9323767], [-82.4349597, 34.932392], [-82.434941, 34.9324115], [-82.4349061, 34.9324278], [-82.4348699, 34.9324442], [-82.4348549, 34.9324657], [-82.4348537, 34.9324872], [-82.4348599, 34.9325005]]}}, {"type": "Feature", "id": "w304123539", "properties": {"highway": "footway", "walkable": true, "on_campus": true, "nodes": [3086461367, 3086461368, 3086461369, 3086461370, 3086461371, 3086461372, 3086461373, 3086461374, 3086461375]}, "geometry": {"type": "LineString", "coordinates": [[-82.435087, 34.9326873], [-82.4350845, 34.9326764], [-82.435067, 34.9326682], [-82.4350296, 34.9326621], [-82.4349922, 34.932657], [-82.4349485, 34.9326498], [-82.4349223, 34.9326386], [-82.4349061, 34.9326242], [-82.4348986, 34.9326048]]}}, {"type": "Feature", "id": "w304123540", "properties": {"highway": "footway", "walkable": true, "on_campus": true, "nodes": [3086461394, 3086461395, 3086461396]}, "geometry": {"type": "LineString", "coordinates": [[-82.4357359, 34.9330334], [-82.4354838, 34.93328], [-82.4354475, 34.9333166]]}}, {"type": "Feature", "id": "w304123541", "properties": {"highway": "footway", "walkable": true, "on_campus": true, "nodes": [3086461397, 3086461398, 3086461399, 3086461400]}, "geometry": {"type": "LineString", "coordinates": [[-82.4360179, 34.9332033], [-82.4358769, 34.9333588], [-82.4358357, 34.9334406], [-82.4358191, 34.9334789]]}}, {"type": "Feature", "id": "w304123542", "properties": {"highway": "footway", "walkable": true, "on_campus": true, "nodes": [3086461417, 3086461418, 3086461419, 3086461420]}, "geometry": {"type": "LineString", "coordinates": [[-82.4368851, 34.933103], [-82.4370498, 34.9333137], [-82.437086, 34.9333639], [-82.4371175, 34.9334028]]}}, {"type": "Feature", "id": "w304123543", "properties": {"highway": "footway", "walkable": true, "on_campus": true, "nodes": [3084659076, 3086461421]}, "geometry": {"type": "LineString", "coordinates": [[-82.4373843, 34.933193], [-82.4374191, 34.9332229]]}}, {"type": "Feature", "id": "w304123545", "properties": {"highway": "footway", "walkable": true, "on_campus": true, "nodes": [3086461454, 3086461455, 3086461456]}, "geometry": {"type": "LineString", "coordinates": [[-82.4371095, 34.9345119], [-82.4368188, 34.9344296], [-82.4366933, 34.9344008]]}}, {"type": "Feature", "id": "w304123546", "properties": {"highway": "footway", "walkable": true, "on_campus": true, "nodes": [3086461457, 3086461460, 3086461458, 3086461459]}, "geometry": {"type": "LineString", "coordinates": [[-82.4372128, 34.934238], [-82.437103, 34.9342085], [-82.4368787, 34.9341483], [-82.436766, 34.934129]]}}, {"type": "Feature", "id": "w304123547", "properties": {"highway": "footway", "walkable": true, "on_campus": true, "nodes": [3086461460, 3086461461, 3409314515, 3086461462, 3409314516, 3086461467, 3409314517, 3086461466, 3409314518, 3086461470, 3086461469, 3409314519, 3086461463, 3409314520, 3086461468, 3409314521, 3086461464, 3086461465]}, "geometry": {"type": "LineString", "coordinates": [[-82.437103, 34.9342085], [-82.43709, 34.934179], [-82.4370864, 34.9341553], [-82.4370873, 34.9341343], [-82.4370908, 34.9340806], [-82.437099, 34.9340243], [-82.4371156, 34.933966], [-82.4371342, 34.9339102], [-82.4371546, 34.9338652], [-82.4371769, 34.9338289], [-82.4372308, 34.9337516], [-82.437243, 34.9337295], [-82.4372483, 34.9337078], [-82.4372466, 34.9336867], [-82.4372383, 34.9336693], [-82.4372302, 34.9336527], [-82.4372158, 34.9336299], [-82.4371883, 34.933575]]}}, {"type": "Feature", "id": "w304225500", "properties": {"highway": "footway", "walkable": true, "on_campus": true, "nodes": [3087552912, 3087553663]}, "geometry": {"type": "LineString", "coordinates": [[-82.4405881, 34.9235456], [-82.4405374, 34.923495]]}}, {"type": "Feature", "id": "w304225501", "properties": {"highway": "footway", "walkable": true, "on_campus": true, "nodes": [3087553748, 3087553436, 3087553783]}, "geometry": {"type": "LineString", "coordinates": [[-82.4417476, 34.9188533], [-82.4417485, 34.9188869], [-82.441848, 34.9189597]]}}, {"type": "Feature", "id": "w304225504", "properties": {"highway": "footway", "walkable": true, "on_campus": true, "nodes": [3087553653, 3087553768]}, "geometry": {"type": "LineString", "coordinates": [[-82.4403338, 34.9233391], [-82.4403623, 34.9233189]]}}, {"type": "Feature", "id": "w304225509", "properties": {"highway": "footway", "walkable": true, "on_campus": true, "nodes": [3078471890, 3087552901, 3087553725, 3087553663]}, "geometry": {"type": "LineString", "coordinates": [[-82.4403258, 34.9236472], [-82.4403583, 34.9236132], [-82.4403925, 34.9235889], [-82.4405374, 34.923495]]}}, {"type": "Feature", "id": "w304225513", "properties": {"highway": "footway", "walkable": true, "on_campus": true, "nodes": [3087553511, 3087553446, 3087553759, 3087552912, 3087553793]}, "geometry": {"type": "LineString", "coordinates": [[-82.4410678, 34.9233895], [-82.4409494, 34.9234053], [-82.4407653, 34.923476], [-82.4405881, 34.9235456], [-82.4408732, 34.9237706]]}}, {"type": "Feature", "id": "w304225515", "properties": {"highway": "footway", "walkable": true, "on_campus": true, "nodes": [3087553498, 3087553478, 3087553443]}, "geometry": {"type": "LineString", "coordinates": [[-82.4417924, 34.9190844], [-82.4416935, 34.9190854], [-82.4416511, 34.9191126]]}}, {"type": "Feature", "id": "w304225516", "properties": {"highway": "footway", "walkable": true, "on_campus": true, "nodes": [3087552903, 3087553447, 3087553437, 3087553796, 3087553471, 3087553667, 3087553634, 3087553762, 3087553503, 3087553696, 3087553728]}, "geometry": {"type": "LineString", "coordinates": [[-82.4412992, 34.9185892], [-82.4412529, 34.9185916], [-82.441082, 34.918614], [-82.4410068, 34.9186312], [-82.4409746, 34.9186792], [-82.4409474, 34.9187207], [-82.4409792, 34.9187464], [-82.4409338, 34.9187791], [-82.4409047, 34.9188008], [-82.4408993, 34.9188306], [-82.440961, 34.9190501]]}}, {"type": "Feature", "id": "w304225518", "properties": {"highway": "footway", "walkable": true, "on_campus": true, "nodes": [3087553683, 3087553521, 3087553748, 3087553490, 3087553456]}, "geometry": {"type": "LineString", "coordinates": [[-82.4414977, 34.9188785], [-82.4415324, 34.9188534], [-82.4417476, 34.9188533], [-82.4422191, 34.9188535], [-82.4422186, 34.9189673]]}}, {"type": "Feature", "id": "w304225521", "properties": {"highway": "footway", "walkable": true, "on_campus": true, "nodes": [3087553795, 3087553469, 3087553482, 3087552898]}, "geometry": {"type": "LineString", "coordinates": [[-82.4424544, 34.9193233], [-82.4422363, 34.9193203], [-82.4420319, 34.9193175], [-82.4420323, 34.9192762]]}}, {"type": "Feature", "id": "w304225522", "properties": {"highway": "footway", "walkable": true, "on_campus": true, "nodes": [11437923445, 3087553692, 3087553456, 3087553638, 3087553657, 3087553700, 3087553687, 3087553670, 3087553718, 3087553766, 3087553751, 3087553506, 3087553787, 3087553730, 3087552906, 3087553474, 3087553440, 3087553783, 3087552911, 3087552926, 3087552918, 3087552931, 3087553460, 3087553798, 3087553498, 3087553493, 3087553451, 3087553525, 3087553464, 3087553486, 3087553756, 3087553517, 3087552894, 3087553744, 3087553775, 3087553650, 3087553739, 3087552898, 3087553707, 3087553712, 3087553676, 3087553780, 3087553645, 3087553679, 3087553502, 3087553513, 3087553723, 11437923446]}, "geometry": {"type": "LineString", "coordinates": [[-82.442225, 34.9190384], [-82.4422245, 34.9189738], [-82.4422186, 34.9189673], [-82.4421978, 34.9189442], [-82.4421775, 34.9189281], [-82.442156, 34.9189151], [-82.4421311, 34.9189042], [-82.4420993, 34.9188938], [-82.4420699, 34.9188874], [-82.4420313, 34.9188855], [-82.4420063, 34.9188876], [-82.4419763, 34.9188919], [-82.4419516, 34.9188987], [-82.4419265, 34.9189073], [-82.4419013, 34.9189192], [-82.4418767, 34.9189358], [-82.4418577, 34.9189505], [-82.441848, 34.9189597], [-82.4418413, 34.918966], [-82.4418288, 34.9189799], [-82.4418186, 34.918995], [-82.441808, 34.9190163], [-82.4417994, 34.9190379], [-82.4417955, 34.9190553], [-82.4417924, 34.9190844], [-82.4417942, 34.9191], [-82.4417994, 34.9191232], [-82.4418038, 34.9191409], [-82.4418127, 34.9191628], [-82.4418314, 34.9191926], [-82.4418604, 34.9192183], [-82.4418911, 34.9192383], [-82.4419127, 34.9192496], [-82.4419365, 34.9192602], [-82.4419635, 34.9192674], [-82.4419846, 34.9192708], [-82.4420113, 34.9192747], [-82.4420323, 34.9192762], [-82.442072, 34.919272], [-82.4421045, 34.9192659], [-82.442134, 34.9192565], [-82.4421578, 34.9192458], [-82.4421779, 34.9192352], [-82.4421944, 34.9192226], [-82.4422032, 34.9192146], [-82.4422124, 34.9192063], [-82.4422244, 34.9191901], [-82.4422243, 34.9191191]]}}, {"type": "Feature", "id": "w304225523", "properties": {"highway": "footway", "walkable": true, "on_campus": true, "nodes": [3087553668, 3087553698, 3087553727, 3087553763, 3087553709, 3087553648, 3087553515, 3087553483, 3087553448, 3087552915, 3084659019]}, "geometry": {"type": "LineString", "coordinates": [[-82.4368208, 34.9325738], [-82.4367971, 34.9325434], [-82.4367665, 34.932502], [-82.4367303, 34.9324539], [-82.4367193, 34.9324135], [-82.436658, 34.9324174], [-82.4365888, 34.9324097], [-82.4365162, 34.9324087], [-82.4364438, 34.9324146], [-82.4363697, 34.9324217], [-82.4363078, 34.9324354]]}}, {"type": "Feature", "id": "w304225530", "properties": {"highway": "footway", "walkable": true, "on_campus": true, "nodes": [3087553469, 3087553761, 3087553695, 3087553666, 3087553633, 3087553502]}, "geometry": {"type": "LineString", "coordinates": [[-82.4422363, 34.9193203], [-82.4422168, 34.9193026], [-82.4422029, 34.9192769], [-82.442199, 34.9192533], [-82.4421989, 34.9192326], [-82.4422032, 34.9192146]]}}, {"type": "Feature", "id": "w304225531", "properties": {"highway": "footway", "walkable": true, "on_campus": true, "nodes": [3087553453, 3087553653, 3087553489]}, "geometry": {"type": "LineString", "coordinates": [[-82.4403318, 34.9235338], [-82.4403338, 34.9233391], [-82.4400886, 34.9233372]]}}, {"type": "Feature", "id": "w304267134", "properties": {"highway": "footway", "walkable": true, "on_campus": true, "nodes": [3087553490, 3088001314, 3088001315, 3088001316, 3088001317, 3088001318, 3088001319]}, "geometry": {"type": "LineString", "coordinates": [[-82.4422191, 34.9188535], [-82.4423734, 34.9188542], [-82.4424237, 34.9188119], [-82.442423, 34.9185617], [-82.4423647, 34.9185128], [-82.4422198, 34.9185095], [-82.4418979, 34.9185067]]}}, {"type": "Feature", "id": "w304333080", "properties": {"highway": "footway", "walkable": true, "on_campus": true, "nodes": [736992805, 3088557397, 3088557420, 3088557441]}, "geometry": {"type": "LineString", "coordinates": [[-82.4408333, 34.9174385], [-82.4406955, 34.9173871], [-82.440594, 34.9174713], [-82.4405625, 34.9175374]]}}, {"type": "Feature", "id": "w304333081", "properties": {"highway": "footway", "walkable": true, "on_campus": true, "nodes": [3089180577, 3088557446, 3088560484, 3088560483, 3088560477, 3088557419, 3088557416, 3088557396, 3088557439, 3088557394, 3088557440, 3088557455, 3088557457, 3088557462, 3088557444]}, "geometry": {"type": "LineString", "coordinates": [[-82.4404164, 34.917855], [-82.4403865, 34.917846], [-82.4403285, 34.9178255], [-82.4403495, 34.9177861], [-82.4403567, 34.9177671], [-82.4403601, 34.9177512], [-82.440363, 34.9177312], [-82.4403636, 34.9177161], [-82.4403581, 34.9177], [-82.4403448, 34.9176784], [-82.4403304, 34.9176695], [-82.4403144, 34.9176603], [-82.4402981, 34.9176534], [-82.4402757, 34.9176437], [-82.4402308, 34.9177188]]}}, {"type": "Feature", "id": "w304333083", "properties": {"highway": "service", "walkable": true, "on_campus": true, "nodes": [3088557390, 3088560482, 3088557406, 3088557409, 3088560487, 3088557459, 3088557436, 3088557418, 3088557445, 3088560468, 3089180577, 3088560496, 3088557450, 3088557401, 3088557424, 3088557388, 3088557399, 3088560490, 3088557430, 3089180606, 3088560466, 3088557461, 3088560474, 3088557443, 3088557426, 3088560472, 3088557431, 3088557395, 3088557390]}, "geometry": {"type": "LineString", "coordinates": [[-82.4405562, 34.9180409], [-82.4405336, 34.9180431], [-82.4405107, 34.91804], [-82.4404586, 34.9180224], [-82.4404057, 34.9179956], [-82.4403875, 34.9179843], [-82.440374, 34.9179714], [-82.4403715, 34.917959], [-82.4403733, 34.9179466], [-82.440387, 34.917912], [-82.4404164, 34.917855], [-82.4404199, 34.9178483], [-82.4404563, 34.9177868], [-82.4404771, 34.9177519], [-82.4404898, 34.9177354], [-82.4405088, 34.9177225], [-82.4405308, 34.9177217], [-82.4405569, 34.9177258], [-82.4406112, 34.9177478], [-82.440622, 34.9177527], [-82.4406813, 34.9177797], [-82.4406952, 34.9177891], [-82.4407071, 34.9178027], [-82.4407046, 34.9178212], [-82.4406942, 34.9178413], [-82.4406364, 34.9179445], [-82.4406001, 34.918009], [-82.4405813, 34.9180285], [-82.4405562, 34.9180409]]}}, {"type": "Feature", "id": "w304333084", "properties": {"highway": "footway", "walkable": true, "on_campus": true, "nodes": [3088560494, 3222137536, 3088560473, 3088557413]}, "geometry": {"type": "LineString", "coordinates": [[-82.4402873, 34.9174477], [-82.4403818, 34.9174781], [-82.4404966, 34.9175149], [-82.440436, 34.9176474]]}}, {"type": "Feature", "id": "w304333086", "properties": {"highway": "footway", "walkable": true, "on_campus": true, "nodes": [3089180606, 3088557411, 3088557413, 3088557394]}, "geometry": {"type": "LineString", "coordinates": [[-82.440622, 34.9177527], [-82.4406377, 34.9177206], [-82.440436, 34.9176474], [-82.4403448, 34.9176784]]}}, {"type": "Feature", "id": "w304333087", "properties": {"highway": "footway", "walkable": true, "on_campus": true, "nodes": [3088560470, 3088557441, 3088560473]}, "geometry": {"type": "LineString", "coordinates": [[-82.4405746, 34.9175408], [-82.4405625, 34.9175374], [-82.4404966, 34.9175149]]}}, {"type": "Feature", "id": "w304333088", "properties": {"highway": "footway", "walkable": true, "on_campus": true, "nodes": [3088557412, 3222137577, 3088557453, 3222137583, 3088557456, 3222137582, 3088557408, 3222137581, 3088560478, 3222137580, 3088560495, 3222137579, 3088557414, 3089181690, 3222137578, 3222137584, 3088557391, 3088557454, 3088557435, 3088557412, 3088557462]}, "geometry": {"type": "LineString", "coordinates": [[-82.4402281, 34.9176267], [-82.4402106, 34.9176388], [-82.4401939, 34.9176465], [-82.4401744, 34.9176525], [-82.4401548, 34.9176564], [-82.4401329, 34.917658], [-82.4401105, 34.9176568], [-82.4400926, 34.9176531], [-82.4400747, 34.9176479], [-82.4400591, 34.9176399], [-82.4400414, 34.9176299], [-82.4400283, 34.9176206], [-82.4400167, 34.9176093], [-82.4400055, 34.917592], [-82.4399987, 34.9175711], [-82.4399987, 34.9175607], [-82.4400005, 34.9175476], [-82.4400386, 34.9175244], [-82.4402165, 34.9175866], [-82.4402281, 34.9176267], [-82.4402757, 34.9176437]]}}, {"type": "Feature", "id": "w304389777", "properties": {"highway": "footway", "walkable": true, "on_campus": true, "nodes": [3089180661, 3089180641, 3089180586, 3089180583, 3089180640, 3089181692, 3089180589, 3089181669, 3089181688]}, "geometry": {"type": "LineString", "coordinates": [[-82.4396344, 34.9175953], [-82.4397336, 34.9176275], [-82.4397545, 34.9175856], [-82.4397624, 34.9175677], [-82.4397809, 34.9175259], [-82.4398077, 34.9174561], [-82.4398261, 34.9174048], [-82.4397725, 34.9173921], [-82.439721, 34.9173801]]}}, {"type": "Feature", "id": "w304389780", "properties": {"highway": "footway", "walkable": true, "on_campus": true, "nodes": [3089181690, 3089181667, 3089180583]}, "geometry": {"type": "LineString", "coordinates": [[-82.4400055, 34.917592], [-82.4398981, 34.9175748], [-82.4397624, 34.9175677]]}}, {"type": "Feature", "id": "w304389783", "properties": {"highway": "footway", "walkable": true, "on_campus": true, "nodes": [3088001363, 3089180573, 3089180625, 3089180600, 3089181678, 3089180649, 3089180618]}, "geometry": {"type": "LineString", "coordinates": [[-82.4399151, 34.9178458], [-82.440034, 34.9178286], [-82.4401473, 34.9178239], [-82.4401394, 34.9178578], [-82.4401186, 34.9179075], [-82.4400792, 34.9179502], [-82.4399938, 34.9179979]]}}, {"type": "Feature", "id": "w304389784", "properties": {"highway": "footway", "walkable": true, "on_campus": true, "nodes": [3089180634, 3089180601, 3089180632, 3089181684, 3089180659, 3089180656, 3089180575, 3089181686, 3089181699]}, "geometry": {"type": "LineString", "coordinates": [[-82.4401031, 34.9177384], [-82.440087, 34.9177343], [-82.440071, 34.9177336], [-82.440052, 34.9177378], [-82.4400304, 34.9177382], [-82.4400146, 34.9177349], [-82.439998, 34.9177292], [-82.4399529, 34.9177284], [-82.4398993, 34.9177299]]}}, {"type": "Feature", "id": "w304419757", "properties": {"highway": "footway", "walkable": true, "on_campus": true, "nodes": [736992827, 3089529769, 3089529767, 3089529773, 3089529770, 3089529774, 3089529766, 3089529775, 3089529771, 3089529776, 3089529768, 3089529777, 3089529772, 3089529778, 3089529557, 3089529765, 3089529558, 3089529559, 3089529563, 3089529562, 3089529564, 3089529560, 12363347837, 3089529561]}, "geometry": {"type": "LineString", "coordinates": [[-82.4381046, 34.9188575], [-82.4380274, 34.9187808], [-82.4379899, 34.9187335], [-82.4379808, 34.9187068], [-82.4379751, 34.9186763], [-82.4379761, 34.9186469], [-82.4379842, 34.9186156], [-82.4379969, 34.9185969], [-82.4380154, 34.9185763], [-82.4380365, 34.9185595], [-82.4380583, 34.9185455], [-82.4380821, 34.918537], [-82.4381052, 34.9185312], [-82.4381284, 34.9185271], [-82.4381508, 34.9185257], [-82.4381361, 34.9183717], [-82.438135, 34.9182084], [-82.438178, 34.9178168], [-82.4381897, 34.9177416], [-82.4382112, 34.9176613], [-82.438234, 34.9175866], [-82.4382638, 34.9175079], [-82.4382656, 34.9175018], [-82.4382744, 34.9174714]]}}, {"type": "Feature", "id": "w304419758", "properties": {"highway": "footway", "walkable": true, "on_campus": true, "nodes": [3089529781, 3089529779, 3088001407, 3089529780, 3089529766]}, "geometry": {"type": "LineString", "coordinates": [[-82.4376818, 34.9184583], [-82.4378273, 34.9185721], [-82.4378847, 34.9185832], [-82.4379265, 34.9185958], [-82.4379842, 34.9186156]]}}, {"type": "Feature", "id": "w304419759", "properties": {"highway": "footway", "walkable": true, "on_campus": true, "nodes": [3089529779, 3089529782, 3089529794, 3089529792, 3089529793, 12418434223, 3089529783, 3089529784, 12418434222, 3089529791, 3089529789, 3089529790, 3089529785, 12363347838, 3089529788, 3089529786, 3089529787, 736991675]}, "geometry": {"type": "LineString", "coordinates": [[-82.4378273, 34.9185721], [-82.4378434, 34.9185523], [-82.4378917, 34.9184798], [-82.4379332, 34.9184061], [-82.4379634, 34.9183291], [-82.4379803, 34.9182601], [-82.4379828, 34.9182499], [-82.4380378, 34.9177611], [-82.4380424, 34.9177325], [-82.4380479, 34.9176979], [-82.4380653, 34.9176325], [-82.4380848, 34.9175703], [-82.4381082, 34.9175115], [-82.4381091, 34.9174939], [-82.4381096, 34.9174851], [-82.4380935, 34.9174626], [-82.4375778, 34.9173284], [-82.4375621, 34.9172792]]}}, {"type": "Feature", "id": "w304419764", "properties": {"highway": "footway", "walkable": true, "on_campus": true, "nodes": [3089529879, 3089529877, 3089529881, 3089529880, 3089529899, 3089529882, 3089529878]}, "geometry": {"type": "LineString", "coordinates": [[-82.4375024, 34.9188396], [-82.437436, 34.9187835], [-82.4373971, 34.9187407], [-82.4373703, 34.9186901], [-82.4373596, 34.9186637], [-82.4373542, 34.9186329], [-82.4373542, 34.9185845]]}}, {"type": "Feature", "id": "w304419765", "properties": {"highway": "footway", "walkable": true, "on_campus": true, "nodes": [3089529898, 3091602619, 3089529901, 3089529902, 3089529903, 3089529904]}, "geometry": {"type": "LineString", "coordinates": [[-82.4370538, 34.9187517], [-82.437094, 34.918777], [-82.4371584, 34.9188154], [-82.4372053, 34.9188297], [-82.4373234, 34.9188682], [-82.437418, 34.9189167]]}}, {"type": "Feature", "id": "w304666986", "properties": {"highway": "service", "walkable": true, "on_campus": true, "nodes": [736991780, 3092428496, 736991294]}, "geometry": {"type": "LineString", "coordinates": [[-82.4385578, 34.9209218], [-82.4379517, 34.9214276], [-82.4379017, 34.9214668]]}}, {"type": "Feature", "id": "w304666987", "properties": {"highway": "service", "walkable": true, "on_campus": true, "nodes": [736992612, 3092428498, 3092428497, 736991780]}, "geometry": {"type": "LineString", "coordinates": [[-82.4376965, 34.9213042], [-82.4377317, 34.9212748], [-82.438358, 34.9207734], [-82.4385578, 34.9209218]]}}, {"type": "Feature", "id": "w304667019", "properties": {"highway": "footway", "walkable": true, "on_campus": true, "nodes": [3078472031, 3078472013, 3078472062, 3078472032, 3078472033, 736992055, 3078471868]}, "geometry": {"type": "LineString", "coordinates": [[-82.4375803, 34.925675], [-82.437665, 34.9255143], [-82.4376775, 34.9254923], [-82.4378796, 34.9251361], [-82.4380445, 34.9248513], [-82.4380973, 34.9248306], [-82.4383074, 34.9247369]]}}, {"type": "Feature", "id": "w304698328", "properties": {"highway": "footway", "walkable": true, "on_campus": true, "nodes": [10228308193, 3092857926, 3092857913, 10228308195, 10228308194, 3092857914, 3092857938, 3092857915, 3092857916, 3092857935, 3092857917, 10228308209, 3092857936, 3092857918, 3092857937]}, "geometry": {"type": "LineString", "coordinates": [[-82.44212, 34.9218625], [-82.4421687, 34.9218341], [-82.442226, 34.9217887], [-82.4422691, 34.9217724], [-82.4423524, 34.9217789], [-82.4425201, 34.9218098], [-82.4426261, 34.921812], [-82.442724, 34.9218054], [-82.4428621, 34.9217141], [-82.4429627, 34.9216592], [-82.4430767, 34.9216097], [-82.4431567, 34.9216077], [-82.4432208, 34.9216311], [-82.4433057, 34.9215492], [-82.4434012, 34.9216028]]}}, {"type": "Feature", "id": "w304698329", "properties": {"highway": "footway", "walkable": true, "on_campus": true, "nodes": [10228308198, 10228308197, 3092857939, 3092857940, 3092857941, 3092857942, 3092857915]}, "geometry": {"type": "LineString", "coordinates": [[-82.4431468, 34.9221381], [-82.4430688, 34.9220657], [-82.4430129, 34.9220203], [-82.4429319, 34.9219385], [-82.4428796, 34.9218846], [-82.4428125, 34.9218406], [-82.442724, 34.9218054]]}}, {"type": "Feature", "id": "w304698334", "properties": {"highway": "footway", "walkable": true, "on_campus": true, "nodes": [736991841, 736992371, 736992962, 736992015, 736992131]}, "geometry": {"type": "LineString", "coordinates": [[-82.4399955, 34.9254227], [-82.440065, 34.9253446], [-82.440148, 34.9252526], [-82.4402289, 34.9251604], [-82.4403115, 34.9250677]]}}, {"type": "Feature", "id": "w304698335", "properties": {"highway": "footway", "walkable": true, "on_campus": true, "nodes": [736992131, 736991610, 736991436]}, "geometry": {"type": "LineString", "coordinates": [[-82.4403115, 34.9250677], [-82.4402066, 34.9250049], [-82.4400918, 34.9249357]]}}, {"type": "Feature", "id": "w304698336", "properties": {"highway": "footway", "walkable": true, "on_campus": true, "nodes": [736992523, 736991679, 736991841]}, "geometry": {"type": "LineString", "coordinates": [[-82.4397736, 34.9252893], [-82.4398965, 34.9253634], [-82.4399955, 34.9254227]]}}, {"type": "Feature", "id": "w304698337", "properties": {"highway": "footway", "walkable": true, "on_campus": true, "nodes": [736991436, 736992685, 736992791, 736991930]}, "geometry": {"type": "LineString", "coordinates": [[-82.4400918, 34.9249357], [-82.4400043, 34.9250331], [-82.4399642, 34.9250103], [-82.439927, 34.9250525]]}}, {"type": "Feature", "id": "w304698338", "properties": {"highway": "footway", "walkable": true, "on_campus": true, "nodes": [3079063916, 3079063917, 3079063921, 13652908402]}, "geometry": {"type": "LineString", "coordinates": [[-82.4400017, 34.9248655], [-82.4398177, 34.9250699], [-82.4396629, 34.925242], [-82.4395182, 34.9254028]]}}, {"type": "Feature", "id": "w306150264", "properties": {"highway": "footway", "walkable": true, "on_campus": true, "nodes": [3109824295, 3109824296, 3109824297, 3109824301, 3109824298, 3109824302, 3109824299, 3109824300]}, "geometry": {"type": "LineString", "coordinates": [[-82.4385693, 34.9290766], [-82.4385713, 34.9290534], [-82.4385592, 34.9290336], [-82.4385431, 34.9290127], [-82.4385277, 34.9289885], [-82.4385223, 34.9289637], [-82.438523, 34.9289374], [-82.4385253, 34.9289112]]}}, {"type": "Feature", "id": "w306150266", "properties": {"highway": "footway", "walkable": true, "on_campus": true, "nodes": [3085520154, 3109824303, 3109824311, 3109824304, 3109824310, 3109824305, 3109824306, 3109824307, 3109824308, 3109824309]}, "geometry": {"type": "LineString", "coordinates": [[-82.4385989, 34.9290761], [-82.4386229, 34.9290753], [-82.4386249, 34.9290979], [-82.438635, 34.929121], [-82.4386752, 34.9291386], [-82.4387195, 34.9291468], [-82.4388127, 34.9291424], [-82.4389012, 34.9291138], [-82.4390025, 34.9291127], [-82.4390025, 34.9291545]]}}, {"type": "Feature", "id": "w306150276", "properties": {"highway": "footway", "walkable": true, "on_campus": true, "nodes": [3084658686, 3109824628, 430541182]}, "geometry": {"type": "LineString", "coordinates": [[-82.4376033, 34.9280325], [-82.4376328, 34.9280703], [-82.4376559, 34.9281094]]}}, {"type": "Feature", "id": "w306150278", "properties": {"bridge": "yes", "highway": "footway", "name": "Furman University Lake Trail", "surface": "wood", "walkable": true, "on_campus": true, "nodes": [3109824617, 430541179, 3109824618]}, "geometry": {"type": "LineString", "coordinates": [[-82.4376073, 34.9283007], [-82.4375932, 34.9282592], [-82.4375902, 34.9282196]]}}, {"type": "Feature", "id": "w306150279", "properties": {"highway": "footway", "name": "Furman University Lake Trail", "surface": "asphalt", "walkable": true, "on_campus": true, "nodes": [3109824618, 430541180, 430541181, 430541182, 430541183, 430541184, 430541185, 430541186, 430541187, 430541188, 430541189, 430541190, 430541191, 430541192, 430541193, 430541194, 3109824621, 430541195, 430541196, 430541197, 430541198, 430541199, 3078471857, 430541200, 430541202, 430541203, 430541204, 430541205, 430541206, 3220896956, 430541207, 430541208, 430541209, 430541210, 3220896942, 430541211, 430541212, 430541213, 430541214, 430541215, 430541216, 430541217, 430541218, 430541219, 430541220, 3220896941, 430541221, 430541222, 736991380, 3079063913, 430541223, 430541224, 430541225, 430541226, 430541228, 430541230, 430541231, 430541232, 4494810343, 430541233, 13104791016, 430541234, 4494810344, 430541235, 430541236, 4494810345, 13104791017, 430541237, 430541238, 3413577855, 430541240, 430541242, 430541243, 430541035, 430541036, 430541037, 430541038, 430541039, 430541040, 430541041, 430541042, 430541043, 430541044, 430541045, 430541046, 430541047, 430541048, 13104782618, 434652850, 430541049, 430541050, 430541051, 430541052, 430541053, 430541054, 430541055, 430541056, 430541057, 430541058, 430541059, 430541060, 430541061, 430541062, 430541063, 430541064, 430541065, 430541066, 430541067, 430541068, 430541069, 430541070, 434652859, 430541071, 430541072, 430541073, 430541074, 430541075, 430541076, 430541077, 430541078, 430541079, 430541080, 430541081, 430541082, 430541083, 430541084, 430541085, 430541086]}, "geometry": {"type": "LineString", "coordinates": [[-82.4375902, 34.9282196], [-82.4375985, 34.928182], [-82.4376204, 34.9281438], [-82.4376559, 34.9281094], [-82.4377883, 34.9280667], [-82.4379196, 34.9280187], [-82.438079, 34.9279534], [-82.4382149, 34.9278765], [-82.4383625, 34.9277612], [-82.4384821, 34.9276478], [-82.4386016, 34.9275325], [-82.4387118, 34.9274211], [-82.4387961, 34.9273077], [-82.4388571, 34.9271982], [-82.4389133, 34.9270906], [-82.4389532, 34.9270094], [-82.4389714, 34.9269528], [-82.4389766, 34.9268941], [-82.4389696, 34.9268343], [-82.4389861, 34.9267923], [-82.4390471, 34.926734], [-82.439118, 34.9266385], [-82.4391503, 34.9266045], [-82.4391686, 34.9265811], [-82.4392267, 34.9265103], [-82.4392498, 34.9264805], [-82.4392976, 34.9264138], [-82.4393034, 34.9263619], [-82.4392887, 34.9263105], [-82.4392635, 34.9262401], [-82.4392754, 34.9262263], [-82.4393106, 34.9261879], [-82.4393721, 34.9261687], [-82.4394864, 34.9261353], [-82.4395387, 34.9261265], [-82.439591, 34.9261221], [-82.4397063, 34.9260957], [-82.4397881, 34.9260582], [-82.4398584, 34.9260149], [-82.4399317, 34.9259477], [-82.4399853, 34.9258868], [-82.4400107, 34.9258296], [-82.4400241, 34.9257571], [-82.4400268, 34.9256482], [-82.4400778, 34.9255525], [-82.4401113, 34.9255184], [-82.4401234, 34.9254855], [-82.4401778, 34.9254168], [-82.4402757, 34.9253232], [-82.4405336, 34.925107], [-82.4405931, 34.9250375], [-82.4407645, 34.9248378], [-82.4408822, 34.9247005], [-82.4409343, 34.9246398], [-82.4410592, 34.924598], [-82.4412226, 34.9244391], [-82.4412777, 34.9244094], [-82.4413133, 34.9243922], [-82.4413549, 34.9243752], [-82.4414126, 34.9243735], [-82.4414413, 34.9243703], [-82.4414823, 34.9243658], [-82.441544, 34.9243553], [-82.4416084, 34.9243383], [-82.4416768, 34.924313], [-82.4417284, 34.9242904], [-82.4417387, 34.9242855], [-82.4417854, 34.9242635], [-82.4422078, 34.9239897], [-82.4426029, 34.9243265], [-82.4426356, 34.9243614], [-82.4428559, 34.9245722], [-82.4429484, 34.9246573], [-82.4435587, 34.9252155], [-82.4436374, 34.9253031], [-82.4437012, 34.9254045], [-82.4435935, 34.9254854], [-82.4434943, 34.9255322], [-82.4433155, 34.9256319], [-82.4431438, 34.925714], [-82.4430151, 34.9258254], [-82.4429292, 34.9259485], [-82.442822, 34.9261069], [-82.442729, 34.9262476], [-82.4426074, 34.9263942], [-82.4424786, 34.9265467], [-82.442357, 34.9267402], [-82.442292, 34.9269216], [-82.4422796, 34.9269562], [-82.4422498, 34.9270393], [-82.442121, 34.9273267], [-82.4419422, 34.9275554], [-82.4418564, 34.9276492], [-82.4417705, 34.9277137], [-82.4416203, 34.9277665], [-82.4414916, 34.9278251], [-82.4413628, 34.9279189], [-82.4412484, 34.9280949], [-82.4411626, 34.9283177], [-82.4411769, 34.9285112], [-82.441184, 34.9286461], [-82.4411554, 34.928822], [-82.4411769, 34.9289334], [-82.4412055, 34.9290918], [-82.4413557, 34.9292091], [-82.441463, 34.9292384], [-82.4415345, 34.9293381], [-82.4415917, 34.9294378], [-82.4418349, 34.929772], [-82.4418778, 34.9299303], [-82.4418492, 34.9300769], [-82.4418369, 34.9301476], [-82.4418206, 34.9302411], [-82.4417133, 34.930464], [-82.441606, 34.9305871], [-82.4415917, 34.9306457], [-82.4415917, 34.9308217], [-82.4415774, 34.9311618], [-82.4415989, 34.9312439], [-82.4416203, 34.931326], [-82.4415989, 34.9314257], [-82.441513, 34.9315957], [-82.4413831, 34.9318305], [-82.4413674, 34.9319425], [-82.4413845, 34.9319881], [-82.4413905, 34.9320502], [-82.441389, 34.9320976], [-82.4413183, 34.9321437]]}}, {"type": "Feature", "id": "w306150284", "properties": {"highway": "footway", "walkable": true, "on_campus": true, "nodes": [3082164597, 3082164598, 3082164599, 3082164600]}, "geometry": {"type": "LineString", "coordinates": [[-82.4369169, 34.9233324], [-82.4369092, 34.9233537], [-82.4368934, 34.9233696], [-82.4368678, 34.9233805]]}}, {"type": "Feature", "id": "w306150285", "properties": {"highway": "footway", "walkable": true, "on_campus": true, "nodes": [3082164600, 3082164627, 3082164601, 8758903285]}, "geometry": {"type": "LineString", "coordinates": [[-82.4368678, 34.9233805], [-82.4369307, 34.9235052], [-82.4370053, 34.9236533], [-82.4370552, 34.9236779]]}}, {"type": "Feature", "id": "w306150286", "properties": {"highway": "service", "walkable": true, "on_campus": true, "nodes": [736992986, 3082164847, 736992293, 736992792, 3411150633, 736992679]}, "geometry": {"type": "LineString", "coordinates": [[-82.435908, 34.9231968], [-82.4360611, 34.9232807], [-82.4360965, 34.9233001], [-82.4362611, 34.9233902], [-82.4363509, 34.9234394], [-82.4365586, 34.9235532]]}}, {"type": "Feature", "id": "w306150287", "properties": {"highway": "unclassified", "walkable": true, "on_campus": true, "nodes": [736992153, 736991464]}, "geometry": {"type": "LineString", "coordinates": [[-82.4382679, 34.9244944], [-82.4386487, 34.924042]]}}, {"type": "Feature", "id": "w306150288", "properties": {"highway": "unclassified", "name": "Milford Mall Avenue", "surface": "asphalt", "walkable": true, "on_campus": true, "nodes": [736991464, 3078471941, 3082164850, 736991757]}, "geometry": {"type": "LineString", "coordinates": [[-82.4386487, 34.924042], [-82.4383568, 34.9238689], [-82.4380845, 34.9237061], [-82.4374029, 34.9232745]]}}, {"type": "Feature", "id": "w306185595", "properties": {"highway": "footway", "walkable": true, "on_campus": true, "nodes": [3110316752, 3110316753, 3110316754, 3110316755, 3110316756, 3110316757, 3110316758, 3110316759, 3110316760]}, "geometry": {"type": "LineString", "coordinates": [[-82.4447332, 34.9211961], [-82.4447306, 34.9211147], [-82.4442692, 34.9207342], [-82.4441968, 34.9206859], [-82.4441351, 34.9206595], [-82.4440573, 34.9206617], [-82.4439876, 34.9206925], [-82.4439527, 34.9207474], [-82.4439206, 34.9207884]]}}, {"type": "Feature", "id": "w306185596", "properties": {"highway": "service", "walkable": true, "on_campus": true, "nodes": [736992543, 3110316769, 3110316771, 3110316797, 3110316800, 3110316770, 3110316801, 3110316790, 3110316799, 3110316796, 3110316791, 3110316798, 3110316792, 3110316793, 3110316794]}, "geometry": {"type": "LineString", "coordinates": [[-82.4432051, 34.9229109], [-82.4444, 34.9220323], [-82.4444774, 34.9219729], [-82.4445774, 34.921896], [-82.4446763, 34.92182], [-82.4448707, 34.9216706], [-82.4448935, 34.9216757], [-82.4451617, 34.9217354], [-82.4451047, 34.9219123], [-82.4450511, 34.9220787], [-82.4450249, 34.9221599], [-82.4449981, 34.9221907], [-82.4449512, 34.9222171], [-82.4449002, 34.9222303], [-82.4445113, 34.9221445]]}}, {"type": "Feature", "id": "w306185597", "properties": {"highway": "footway", "walkable": true, "on_campus": true, "nodes": [3110316773, 3110316774, 3110316783, 3110316775, 3110316782, 3110316776, 3110316781, 3110316777, 3110316778, 3110316779, 3110316780, 3110316801]}, "geometry": {"type": "LineString", "coordinates": [[-82.444974, 34.9211307], [-82.4450169, 34.9211724], [-82.4450397, 34.9212142], [-82.4450531, 34.9212582], [-82.4450611, 34.9213077], [-82.4450611, 34.9213605], [-82.4450571, 34.9214034], [-82.4450451, 34.9214484], [-82.4450021, 34.9215386], [-82.4449552, 34.9216057], [-82.4449174, 34.9216491], [-82.4448935, 34.9216757]]}}, {"type": "Feature", "id": "w306185598", "properties": {"highway": "footway", "walkable": true, "on_campus": true, "nodes": [3110316777, 3110316784, 3110316785, 3110316786, 3110316787, 3110316788, 3110316789]}, "geometry": {"type": "LineString", "coordinates": [[-82.4450451, 34.9214484], [-82.4450705, 34.9214166], [-82.4451376, 34.9213902], [-82.4452382, 34.9213825], [-82.4453388, 34.9213825], [-82.445434, 34.9213913], [-82.4454715, 34.9213957]]}}, {"type": "Feature", "id": "w306185599", "properties": {"highway": "service", "walkable": true, "on_campus": true, "nodes": [3110316795, 3110316796]}, "geometry": {"type": "LineString", "coordinates": [[-82.4445569, 34.921973], [-82.4450511, 34.9220787]]}}, {"type": "Feature", "id": "w306185600", "properties": {"highway": "service", "walkable": true, "on_campus": true, "nodes": [3110316794, 3110316795, 3110316797]}, "geometry": {"type": "LineString", "coordinates": [[-82.4445113, 34.9221445], [-82.4445569, 34.921973], [-82.4445774, 34.921896]]}}, {"type": "Feature", "id": "w306185601", "properties": {"highway": "service", "walkable": true, "on_campus": true, "nodes": [3110316799, 3110316800]}, "geometry": {"type": "LineString", "coordinates": [[-82.4451047, 34.9219123], [-82.4446763, 34.92182]]}}, {"type": "Feature", "id": "w306185602", "properties": {"highway": "service", "walkable": true, "on_campus": true, "nodes": [3110316802, 3110316803, 3110316804, 3110316805]}, "geometry": {"type": "LineString", "coordinates": [[-82.4441554, 34.9218283], [-82.4431367, 34.9225909], [-82.4429757, 34.9224579], [-82.4440255, 34.921711]]}}, {"type": "Feature", "id": "w306185603", "properties": {"highway": "service", "walkable": true, "on_campus": true, "nodes": [3110316806, 10228308198, 10228308203, 3110316807]}, "geometry": {"type": "LineString", "coordinates": [[-82.4439008, 34.9215984], [-82.4431468, 34.9221381], [-82.443085, 34.9221823], [-82.4428855, 34.9223251]]}}, {"type": "Feature", "id": "w306185604", "properties": {"highway": "footway", "walkable": true, "on_campus": true, "nodes": [3110316816, 3110316817, 3110316818, 3110316819, 3110316820, 3110316805]}, "geometry": {"type": "LineString", "coordinates": [[-82.4437123, 34.9214282], [-82.4437415, 34.9214111], [-82.443834, 34.9214891], [-82.4441036, 34.921532], [-82.4440942, 34.9216585], [-82.4440255, 34.921711]]}}, {"type": "Feature", "id": "w306185605", "properties": {"highway": "service", "walkable": true, "on_campus": true, "nodes": [736992488, 3110316802, 3110316805, 3110316806, 10228308207, 3110316816, 736992369]}, "geometry": {"type": "LineString", "coordinates": [[-82.4441674, 34.9218391], [-82.4441554, 34.9218283], [-82.4440255, 34.921711], [-82.4439008, 34.9215984], [-82.4438095, 34.921516], [-82.4437123, 34.9214282], [-82.4436812, 34.9214001]]}}, {"type": "Feature", "id": "w306185606", "properties": {"highway": "service", "walkable": true, "on_campus": true, "nodes": [736992369, 736991690]}, "geometry": {"type": "LineString", "coordinates": [[-82.4436812, 34.9214001], [-82.4436087, 34.9213836]]}}, {"type": "Feature", "id": "w306185607", "properties": {"highway": "footway", "walkable": true, "on_campus": true, "nodes": [3110316818, 3110316821]}, "geometry": {"type": "LineString", "coordinates": [[-82.443834, 34.9214891], [-82.4439373, 34.9214221]]}}, {"type": "Feature", "id": "w306185609", "properties": {"highway": "path", "walkable": true, "on_campus": false, "nodes": [10817341418, 3110316833, 3110316834, 3110316835, 3110316836, 3110316837, 3110316838, 3110316839, 3110316840, 3110316841, 3110316842, 3110316843, 3110316844, 3110316845, 3110316846, 3110316847, 3110316848, 3110316849, 3414719528, 3414719530, 3110316850, 3414719529, 3110316851, 3110316852, 3110316853, 3110316854, 3110316855, 3110316856, 3110316857, 3110316858, 3110316859, 3110316860, 3110316861, 3110316862, 3110316863, 3110316864, 3110316865, 3110316866, 3110316867, 3110316868, 3110316869, 3110316870, 3110316871, 3110316872, 3110316873, 3110316874, 3110316875, 3110316876, 3110316877, 3110316878, 3110316879, 3110316880, 3110316881, 3110316882, 3110316883, 3110316884, 3110316885, 3110316886, 3110316887, 3110316888, 3110316889, 3110316890, 3110316891, 3110316892, 3110316893, 3110316894, 3110316895, 3110316896, 3110316897, 3110316898, 3110316899, 10268910705, 10268910704, 10268910706, 10268910707, 10268910708, 3414719773]}, "geometry": {"type": "LineString", "coordinates": [[-82.4478435, 34.9252893], [-82.4479546, 34.9253581], [-82.4480726, 34.925534], [-82.4488826, 34.9261541], [-82.4495103, 34.9266819], [-82.4499555, 34.9270558], [-82.4502291, 34.9271789], [-82.4503431, 34.9272328], [-82.4504557, 34.9277034], [-82.4505067, 34.9280311], [-82.4505353, 34.9284247], [-82.4504584, 34.9288887], [-82.4504799, 34.9290734], [-82.4503914, 34.9293989], [-82.4503163, 34.9296144], [-82.4501312, 34.9300982], [-82.4500615, 34.9304126], [-82.4500212, 34.9306523], [-82.4500103, 34.9306968], [-82.4499953, 34.9307189], [-82.4499622, 34.9307337], [-82.4499248, 34.9307213], [-82.4499005, 34.9306941], [-82.4499327, 34.930384], [-82.4499542, 34.9301927], [-82.4500185, 34.9299816], [-82.4500829, 34.9297155], [-82.4501151, 34.929478], [-82.4501875, 34.9292274], [-82.450276, 34.9288623], [-82.450268, 34.9287348], [-82.4502063, 34.9283939], [-82.4501392, 34.9281366], [-82.4500641, 34.9278969], [-82.4500346, 34.9277584], [-82.4500346, 34.9276374], [-82.4500641, 34.9275649], [-82.4500856, 34.9275209], [-82.4500588, 34.9273867], [-82.4499864, 34.9272064], [-82.4498898, 34.9271228], [-82.4498174, 34.9271009], [-82.4497047, 34.9271294], [-82.4495062, 34.9271976], [-82.4493319, 34.9272988], [-82.4491415, 34.9274219], [-82.4490073, 34.9275011], [-82.4488142, 34.9276154], [-82.4486292, 34.9277408], [-82.4485728, 34.9278419], [-82.4485916, 34.9279981], [-82.4486345, 34.928119], [-82.4486882, 34.9282708], [-82.4487552, 34.9284423], [-82.448833, 34.9285588], [-82.4489215, 34.928649], [-82.4490315, 34.9287546], [-82.4491039, 34.9288931], [-82.4491897, 34.9290668], [-82.4494848, 34.9297463], [-82.4495009, 34.9299398], [-82.4495572, 34.9302939], [-82.4495787, 34.930461], [-82.449584, 34.9306325], [-82.4496135, 34.9307821], [-82.4496564, 34.930969], [-82.4497235, 34.9310965], [-82.4498174, 34.9311911], [-82.4498362, 34.9313076], [-82.4498227, 34.9314835], [-82.4498174, 34.9315803], [-82.4497839, 34.9316329], [-82.4497458, 34.9316583], [-82.4496767, 34.931674], [-82.4496099, 34.9317004], [-82.4495586, 34.9317473], [-82.4495525, 34.9317861]]}}, {"type": "Feature", "id": "w308974909", "properties": {"foot": "designated", "highway": "path", "surface": "concrete", "walkable": true, "on_campus": false, "nodes": [3142707568, 3142707569, 3142707567, 3142707562, 8758903305, 8758903306, 3142707561, 8758903307, 3142707560, 8758903308, 8758903309, 3142707559, 3142707557, 12363347835]}, "geometry": {"type": "LineString", "coordinates": [[-82.4359259, 34.9152241], [-82.4358541, 34.9152493], [-82.4357514, 34.9152493], [-82.435659, 34.9152119], [-82.4356259, 34.915182], [-82.4355985, 34.9151324], [-82.4355825, 34.9150735], [-82.4355643, 34.9150108], [-82.4355175, 34.9149088], [-82.4354582, 34.9148405], [-82.4354297, 34.9148162], [-82.4353624, 34.9147909], [-82.4351034, 34.914703], [-82.43512, 34.9146726]]}}, {"type": "Feature", "id": "w308974912", "properties": {"bridge": "yes", "foot": "designated", "highway": "path", "layer": "1", "surface": "concrete", "walkable": true, "on_campus": true, "nodes": [3142707565, 3142707568]}, "geometry": {"type": "LineString", "coordinates": [[-82.4360628, 34.915167], [-82.4359259, 34.9152241]]}}, {"type": "Feature", "id": "w308974915", "properties": {"foot": "designated", "highway": "path", "surface": "concrete", "walkable": true, "on_campus": true, "nodes": [3142707575, 3142707574, 3142707573, 3142707572, 3142707571, 3142707570, 3142707566, 3142707564, 8758903304, 8758903303, 3142707565]}, "geometry": {"type": "LineString", "coordinates": [[-82.437739, 34.9157576], [-82.4375433, 34.9156812], [-82.4368626, 34.9153915], [-82.436524, 34.9153519], [-82.4364154, 34.9153008], [-82.4363207, 34.9152428], [-82.4362579, 34.9152091], [-82.4361975, 34.9151698], [-82.4361507, 34.9151492], [-82.4361051, 34.9151492], [-82.4360628, 34.915167]]}}, {"type": "Feature", "id": "w308974922", "properties": {"foot": "designated", "highway": "path", "surface": "concrete", "walkable": true, "on_campus": true, "nodes": [3222136236, 3142707591, 3142707589, 3142707580, 3142707579, 3142707578, 3142707577, 3142707576, 3142707575]}, "geometry": {"type": "LineString", "coordinates": [[-82.438431, 34.9168044], [-82.4383741, 34.9167279], [-82.4383508, 34.9166617], [-82.4382345, 34.9164289], [-82.4381971, 34.916253], [-82.4381567, 34.9161307], [-82.4380542, 34.9159958], [-82.4378352, 34.9158188], [-82.437739, 34.9157576]]}}, {"type": "Feature", "id": "w309847847", "properties": {"foot": "designated", "highway": "path", "name": "Swamp Rabbit Trail Green Line", "surface": "asphalt", "walkable": true, "on_campus": true, "nodes": [12161946075, 112708777, 3119088113, 112708779, 3119088114, 3119088115, 112708782, 3119088116, 112708784, 3119088117, 3119088118, 112708787, 1329920408, 112708789, 3119088119, 112708792, 3119088120, 112708795, 112708798, 3119088121, 112708800, 112708802, 3119088122, 112708804, 13965865930, 3119088123, 3119088124, 112708807, 3119088125, 112708809, 112708812, 3119088126, 5174769082, 3119088127, 112708815, 434806837, 434806842, 3119088128, 112708816, 3119088529, 112708817, 3119088530, 3119088531, 112708819, 434652857, 112708822, 112708824, 3119088532, 112708827, 3119088533, 112708828, 3119088534, 112708829, 434652842, 3119088535, 112708830, 3119088536, 112708832, 3119088537, 434788828, 434788819, 3119088538, 112708833, 3119088539, 112708834, 3119088540, 3119088541, 112708837, 3119088542, 112708838, 112708840, 112708842, 3119088543, 753435202, 112708845, 3119088544, 434652826, 434652830, 3119088545, 3119088546, 112708847, 3119088547, 112708849, 112708852, 3119088548, 3119088549, 112708854, 3119088550, 112708856, 3119088551, 3106282418, 112708859, 3119088552, 112708860, 2362309199, 2376379051, 112708861, 112708862, 3119088553, 112708863, 112708866, 113337405]}, "geometry": {"type": "LineString", "coordinates": [[-82.4419927, 34.9478685], [-82.4420658, 34.9475954], [-82.4421391, 34.9473447], [-82.4423643, 34.9465748], [-82.4424843, 34.9460888], [-82.4427108, 34.945171], [-82.4429032, 34.9443916], [-82.4429615, 34.9441878], [-82.4432256, 34.9432639], [-82.4432788, 34.943], [-82.4433491, 34.9426511], [-82.4433546, 34.942624], [-82.4433562, 34.9425737], [-82.4434011, 34.9421696], [-82.4433861, 34.9419235], [-82.443361, 34.9415118], [-82.4432612, 34.9410068], [-82.4432435, 34.9409172], [-82.443117, 34.9402], [-82.4429401, 34.9395652], [-82.442881, 34.939353], [-82.442747, 34.938857], [-82.4426414, 34.9384031], [-82.442575, 34.938118], [-82.4425383, 34.9379979], [-82.4423975, 34.9375373], [-82.4422658, 34.9371064], [-82.442232, 34.936996], [-82.4421622, 34.9363721], [-82.442157, 34.936326], [-82.442109, 34.935874], [-82.4422195, 34.9349118], [-82.4422962, 34.9342444], [-82.4423105, 34.9341196], [-82.442315, 34.93408], [-82.4423308, 34.9337032], [-82.4423374, 34.9336123], [-82.4423591, 34.9330505], [-82.442371, 34.932741], [-82.4424168, 34.9319154], [-82.442441, 34.93148], [-82.4424507, 34.9312424], [-82.4424793, 34.9305455], [-82.44248, 34.930528], [-82.4425846, 34.9299417], [-82.44263, 34.929687], [-82.442705, 34.928948], [-82.4427339, 34.9287216], [-82.442774, 34.928408], [-82.4427772, 34.9283658], [-82.442833, 34.92762], [-82.4428622, 34.9275119], [-82.442873, 34.927472], [-82.4429538, 34.9272162], [-82.4429822, 34.9271347], [-82.443021, 34.927023], [-82.4431531, 34.9267383], [-82.443214, 34.926607], [-82.4436307, 34.9260367], [-82.4439361, 34.9255956], [-82.4440113, 34.925505], [-82.4440789, 34.9254234], [-82.444126, 34.925359], [-82.4445494, 34.9248208], [-82.444587, 34.924773], [-82.4449044, 34.9242719], [-82.4449384, 34.9241872], [-82.4450888, 34.9237641], [-82.4450931, 34.9237426], [-82.4452227, 34.9231012], [-82.4453548, 34.9226952], [-82.445491, 34.921885], [-82.4454946, 34.92187], [-82.4455328, 34.9217101], [-82.44562, 34.921345], [-82.4456609, 34.9210536], [-82.4457218, 34.9206189], [-82.4457435, 34.920464], [-82.4457528, 34.9203974], [-82.4458001, 34.9200605], [-82.445815, 34.919954], [-82.4459183, 34.9192589], [-82.4461246, 34.91787], [-82.4461608, 34.9174533], [-82.4462045, 34.9170516], [-82.4462989, 34.9161842], [-82.4463492, 34.9157226], [-82.4463521, 34.9157062], [-82.446403, 34.91541], [-82.4465722, 34.915026], [-82.4466948, 34.9147479], [-82.446842, 34.914414], [-82.4469341, 34.9141794], [-82.447014, 34.913976], [-82.4470784, 34.9138335], [-82.4472294, 34.9134995], [-82.44725, 34.913454], [-82.44748, 34.912754], [-82.4475338, 34.9124384], [-82.4475391, 34.9124075], [-82.4475593, 34.911901], [-82.4475131, 34.9114843]]}}, {"type": "Feature", "id": "w315562531", "properties": {"highway": "unclassified", "name": "Milford Mall Avenue", "surface": "asphalt", "walkable": true, "on_campus": true, "nodes": [736992401, 736991757]}, "geometry": {"type": "LineString", "coordinates": [[-82.4370069, 34.9230305], [-82.4374029, 34.9232745]]}}, {"type": "Feature", "id": "w315562533", "properties": {"highway": "unclassified", "name": "Milford Mall Avenue", "surface": "asphalt", "walkable": true, "on_campus": true, "nodes": [736992679, 736991861]}, "geometry": {"type": "LineString", "coordinates": [[-82.4365586, 34.9235532], [-82.4369709, 34.9237758]]}}, {"type": "Feature", "id": "w315562534", "properties": {"highway": "unclassified", "name": "Furman Mall Avenue", "surface": "asphalt", "walkable": true, "on_campus": true, "nodes": [112655245, 736992165, 5733625015, 5733625014, 736992401, 5733625012, 5733626516, 736992679, 3081860685, 736992008, 3081860704, 736991518, 736992286]}, "geometry": {"type": "LineString", "coordinates": [[-82.438532, 34.9216117], [-82.4383301, 34.9217615], [-82.4380527, 34.9220275], [-82.4374562, 34.9225996], [-82.4370069, 34.9230305], [-82.4369259, 34.9231249], [-82.4366415, 34.9234565], [-82.4365586, 34.9235532], [-82.4361073, 34.9241562], [-82.436051, 34.9242334], [-82.435926, 34.924415], [-82.4354921, 34.925045], [-82.4353961, 34.9251781]]}}, {"type": "Feature", "id": "w315720176", "properties": {"highway": "footway", "walkable": true, "on_campus": true, "nodes": [3220898100, 3084658618, 3220898263, 3220898159, 3220898262, 3220898155, 3220898261, 3220898160, 3220898264, 3084658623, 3084658635, 3084658624, 3220898151, 3220898150, 3220898152, 3220898148, 3220898153, 3220898149, 3220898154, 3084658605]}, "geometry": {"type": "LineString", "coordinates": [[-82.4374263, 34.9266755], [-82.4374603, 34.9266065], [-82.437461, 34.9266011], [-82.4374599, 34.9265946], [-82.4374586, 34.926589], [-82.437455, 34.9265826], [-82.4374509, 34.9265769], [-82.4374441, 34.9265711], [-82.4374372, 34.926567], [-82.4374278, 34.9265631], [-82.4373309, 34.926531], [-82.4372777, 34.926513], [-82.4372581, 34.9265104], [-82.437237, 34.926512], [-82.4372159, 34.9265175], [-82.4371968, 34.9265261], [-82.437179, 34.9265362], [-82.4371639, 34.9265491], [-82.4371508, 34.9265637], [-82.4371413, 34.9265805]]}}, {"type": "Feature", "id": "w315943340", "properties": {"highway": "footway", "walkable": true, "on_campus": true, "nodes": [3085460963, 3085460771]}, "geometry": {"type": "LineString", "coordinates": [[-82.4394669, 34.9292054], [-82.4395393, 34.9292936]]}}, {"type": "Feature", "id": "w315968563", "properties": {"highway": "footway", "walkable": true, "on_campus": true, "nodes": [3078472055, 3084658101, 3084658102, 3084658103, 3084658104, 3084658105, 3084658106, 3216889532, 3084658107, 3078472201]}, "geometry": {"type": "LineString", "coordinates": [[-82.4372868, 34.9264254], [-82.437327, 34.9264293], [-82.4375235, 34.9264919], [-82.4375516, 34.9265134], [-82.4375651, 34.9265359], [-82.4375791, 34.9265684], [-82.4375852, 34.926598], [-82.4375877, 34.926621], [-82.4375845, 34.9266437], [-82.4375154, 34.9267756]]}}, {"type": "Feature", "id": "w315968564", "properties": {"highway": "footway", "walkable": true, "on_campus": true, "nodes": [3079063906, 3079063905]}, "geometry": {"type": "LineString", "coordinates": [[-82.4399513, 34.9251439], [-82.4400329, 34.9250493]]}}, {"type": "Feature", "id": "w315968565", "properties": {"highway": "footway", "walkable": true, "on_campus": true, "nodes": [3079063906, 736991823]}, "geometry": {"type": "LineString", "coordinates": [[-82.4399513, 34.9251439], [-82.4399937, 34.9251673]]}}, {"type": "Feature", "id": "w316105415", "properties": {"highway": "pedestrian", "walkable": true, "on_campus": true, "nodes": [4489604897, 4485992465, 3222068328, 3089529483, 4485992481, 736993008, 4485992479, 4489604918, 4485992480, 4485992478, 4485992463, 3089529532, 3089529510, 4489604897]}, "geometry": {"type": "LineString", "coordinates": [[-82.4382642, 34.9193387], [-82.4382701, 34.9193403], [-82.4382815, 34.9193445], [-82.4382929, 34.9193503], [-82.4383019, 34.9193563], [-82.4383114, 34.9193642], [-82.4383169, 34.9193707], [-82.4383227, 34.9193789], [-82.4383273, 34.9193878], [-82.4383297, 34.9193944], [-82.4383309, 34.9194021], [-82.4384313, 34.9193352], [-82.4383536, 34.9192785], [-82.4382642, 34.9193387]]}}, {"type": "Feature", "id": "w316105424", "properties": {"highway": "footway", "walkable": true, "on_campus": true, "nodes": [3222137536, 3222137537, 3222137538, 3222137539, 3222137540, 3222137541, 3222137542, 3222137543, 3222137544, 3222137545, 3222137546, 3222137547, 3222137548, 3222137549]}, "geometry": {"type": "LineString", "coordinates": [[-82.4403818, 34.9174781], [-82.4404021, 34.9174337], [-82.440394, 34.9173809], [-82.440386, 34.9173556], [-82.4404195, 34.9172907], [-82.4404182, 34.9172632], [-82.4404128, 34.9172258], [-82.440394, 34.9171962], [-82.4403645, 34.9171698], [-82.4403122, 34.9171533], [-82.4402774, 34.9171456], [-82.4402425, 34.9171456], [-82.440213, 34.9171566], [-82.4401858, 34.9171719]]}}, {"type": "Feature", "id": "w316137028", "properties": {"highway": "pedestrian", "walkable": true, "on_campus": true, "nodes": [3222447550, 3222447551, 3222447552, 3222447553, 3222447554, 3222447555, 3222447556, 3222447557, 3222447558, 3222447559, 3222447560, 3222447661, 3222447662, 3222447663, 3222447664, 3222447665, 3078472071, 3222447666, 3222447667, 3078472069, 3083000953, 3083000954, 736992264, 3083000955, 3083000956, 3083000957, 3083000958, 736991585, 3222447550]}, "geometry": {"type": "LineString", "coordinates": [[-82.4364225, 34.9252302], [-82.4363555, 34.9252016], [-82.4363421, 34.9252302], [-82.4363273, 34.9252192], [-82.4362951, 34.9252477], [-82.4362723, 34.9252895], [-82.4362696, 34.9253104], [-82.4362871, 34.925317], [-82.4362535, 34.9253742], [-82.4362334, 34.9253643], [-82.4361892, 34.9254446], [-82.4362696, 34.9254699], [-82.4362831, 34.925482], [-82.4362723, 34.9254952], [-82.4362696, 34.9255116], [-82.4363169, 34.9255297], [-82.4363266, 34.9255044], [-82.4363608, 34.9255006], [-82.4364096, 34.925414], [-82.4363982, 34.9254096], [-82.4363652, 34.9253969], [-82.4363779, 34.9253747], [-82.4363469, 34.9253629], [-82.4363571, 34.925345], [-82.4363424, 34.9253394], [-82.4363897, 34.925256], [-82.4364066, 34.9252624], [-82.4364148, 34.925248], [-82.4364225, 34.9252302]]}}, {"type": "Feature", "id": "w316162219", "properties": {"highway": "service", "walkable": true, "on_campus": false, "nodes": [3222750794, 10913999776, 3222750767]}, "geometry": {"type": "LineString", "coordinates": [[-82.42837, 34.9121372], [-82.4287662, 34.9114809], [-82.4288495, 34.911335]]}}, {"type": "Feature", "id": "w316162226", "properties": {"highway": "service", "walkable": true, "on_campus": false, "nodes": [3222750765, 3222750790]}, "geometry": {"type": "LineString", "coordinates": [[-82.4285478, 34.9114123], [-82.4281872, 34.9120646]]}}, {"type": "Feature", "id": "w331468265", "properties": {"highway": "service", "walkable": true, "on_campus": false, "nodes": [3385437947, 3385437948, 3385437949, 3385437950, 3385437961, 3385437966, 3385437969]}, "geometry": {"type": "LineString", "coordinates": [[-82.4387958, 34.9374817], [-82.4388153, 34.9377306], [-82.4388167, 34.9380064], [-82.4388095, 34.9382198], [-82.4387678, 34.9383954], [-82.4387923, 34.938452], [-82.4389073, 34.938505]]}}, {"type": "Feature", "id": "w333890524", "properties": {"highway": "pedestrian", "surface": "concrete", "walkable": true, "on_campus": true, "nodes": [3409343832, 3409343833, 3409343834, 3409343835, 3409343836, 3409343837, 3409343832]}, "geometry": {"type": "LineString", "coordinates": [[-82.4370064, 34.9315988], [-82.436917, 34.9315422], [-82.4369599, 34.9314966], [-82.4368767, 34.931444], [-82.4369481, 34.9313682], [-82.4371207, 34.9314775], [-82.4370064, 34.9315988]]}}, {"type": "Feature", "id": "w334035011", "properties": {"highway": "footway", "walkable": true, "on_campus": true, "nodes": [3081860706, 3411150654, 3081860713, 3081860684, 3081860700, 3411150653, 3081860714, 3081860685, 3081860702, 3081860670, 3082164858]}, "geometry": {"type": "LineString", "coordinates": [[-82.4363536, 34.9244144], [-82.4363398, 34.924399], [-82.4363176, 34.9243782], [-82.4362698, 34.9243071], [-82.4362291, 34.9242381], [-82.4362072, 34.9242143], [-82.4361813, 34.9241945], [-82.4361073, 34.9241562], [-82.4359702, 34.9240893], [-82.4358751, 34.9240059], [-82.4358197, 34.9239658]]}}, {"type": "Feature", "id": "w334254441", "properties": {"highway": "footway", "surface": "concrete", "walkable": true, "on_campus": true, "nodes": [3078471892, 5733623454, 3413577840, 13104791028, 3413577841, 430541231]}, "geometry": {"type": "LineString", "coordinates": [[-82.440417, 34.9237176], [-82.4407953, 34.9240127], [-82.4408818, 34.9240801], [-82.4412014, 34.9243258], [-82.4412454, 34.9243596], [-82.4412777, 34.9244094]]}}, {"type": "Feature", "id": "w334254442", "properties": {"highway": "service", "surface": "asphalt", "walkable": true, "on_campus": true, "nodes": [3413577855, 3413577860, 3413577863, 3413577861, 3413577856]}, "geometry": {"type": "LineString", "coordinates": [[-82.4426029, 34.9243265], [-82.4424661, 34.9244285], [-82.4423178, 34.9245391], [-82.4421415, 34.9246706], [-82.4419686, 34.9247991]]}}, {"type": "Feature", "id": "w334254443", "properties": {"highway": "service", "surface": "asphalt", "walkable": true, "on_campus": true, "nodes": [3413577861, 3413577866, 3413577862]}, "geometry": {"type": "LineString", "coordinates": [[-82.4421415, 34.9246706], [-82.4421199, 34.9246512], [-82.4417605, 34.9243318]]}}, {"type": "Feature", "id": "w334254444", "properties": {"highway": "service", "surface": "asphalt", "walkable": true, "on_campus": true, "nodes": [3413577863, 3413577864]}, "geometry": {"type": "LineString", "coordinates": [[-82.4423178, 34.9245391], [-82.4419611, 34.924216]]}}, {"type": "Feature", "id": "w334254446", "properties": {"highway": "service", "surface": "asphalt", "walkable": true, "on_campus": true, "nodes": [3413577858, 3413577862, 3413577868, 3413577864, 3413577859]}, "geometry": {"type": "LineString", "coordinates": [[-82.4415478, 34.924419], [-82.4417605, 34.9243318], [-82.4417736, 34.9243243], [-82.4419611, 34.924216], [-82.442108, 34.9241079]]}}, {"type": "Feature", "id": "w334254447", "properties": {"highway": "service", "surface": "asphalt", "walkable": true, "on_campus": true, "nodes": [3413577856, 3413577865, 3413577858]}, "geometry": {"type": "LineString", "coordinates": [[-82.4419686, 34.9247991], [-82.4415993, 34.9244608], [-82.4415478, 34.924419]]}}, {"type": "Feature", "id": "w334254448", "properties": {"highway": "service", "surface": "asphalt", "walkable": true, "on_campus": true, "nodes": [3413577859, 3413577860]}, "geometry": {"type": "LineString", "coordinates": [[-82.442108, 34.9241079], [-82.4424661, 34.9244285]]}}, {"type": "Feature", "id": "w334254449", "properties": {"highway": "service", "surface": "asphalt", "walkable": true, "on_campus": true, "nodes": [3413577868, 13104791017, 3413577869]}, "geometry": {"type": "LineString", "coordinates": [[-82.4417736, 34.9243243], [-82.4417387, 34.9242855], [-82.4416971, 34.9242393]]}}, {"type": "Feature", "id": "w334254454", "properties": {"highway": "pedestrian", "walkable": true, "on_campus": true, "nodes": [736992723, 736992696, 736991316, 736992054, 736992723]}, "geometry": {"type": "LineString", "coordinates": [[-82.4406524, 34.9233374], [-82.4404888, 34.92345], [-82.4402186, 34.9231995], [-82.440379, 34.9230806], [-82.4406524, 34.9233374]]}}, {"type": "Feature", "id": "w334254455", "properties": {"highway": "footway", "walkable": true, "on_campus": true, "nodes": [3087553532, 3087553500, 3087553466, 3087553434]}, "geometry": {"type": "LineString", "coordinates": [[-82.4401844, 34.9231499], [-82.4400032, 34.9232785], [-82.4399559, 34.9233075], [-82.4399226, 34.9233302]]}}, {"type": "Feature", "id": "w334254456", "properties": {"highway": "footway", "walkable": true, "on_campus": true, "nodes": [3087553663, 3087553768, 3087553532]}, "geometry": {"type": "LineString", "coordinates": [[-82.4405374, 34.923495], [-82.4403623, 34.9233189], [-82.4401844, 34.9231499]]}}, {"type": "Feature", "id": "w334334703", "properties": {"highway": "steps", "walkable": true, "on_campus": true, "nodes": [3414468007, 3414468008]}, "geometry": {"type": "LineString", "coordinates": [[-82.4435867, 34.922365], [-82.4436869, 34.9224572]]}}, {"type": "Feature", "id": "w334360908", "properties": {"highway": "path", "walkable": true, "on_campus": false, "nodes": [10268910704, 10268910703, 10268910702, 10268910701, 10268910700, 10268910699, 10268910698, 3414719547, 3414719548, 3414719549, 3414719550, 3414719551, 3414719552, 3414719553, 3414719554, 3414719555, 3414719556, 3414719557, 3414719558, 3414719559, 3414719560, 3414719561, 3414719562, 3414719563, 3414719564, 3414719565, 3414719566, 3414719567, 3414719568, 3414719569, 3414719570, 3414719571, 3414719572, 3414719573, 3414719574, 3414719575, 3414719576, 3414719577, 3414719578, 3414719579, 3414719580, 3414719581, 3414719582, 3414719583, 3414719584, 3414719585, 3414719586, 3414719587, 3414719588, 3414719589, 3414719590, 3414719591, 3414719592, 3414719593, 3414719594, 3414719595, 3414719596, 3414719597, 3414719598, 3414719599, 3414719600, 3414719601, 3414719602, 3414719603, 3414719604, 3414719605, 3414719606, 3414719607, 3414719608, 3414719609, 3414719610, 3414719611, 3414719612, 3414719613, 3414719614]}, "geometry": {"type": "LineString", "coordinates": [[-82.4497458, 34.9316583], [-82.4501082, 34.9317424], [-82.4502405, 34.9317658], [-82.4502894, 34.93176], [-82.4503275, 34.9317375], [-82.4503824, 34.9316319], [-82.4504944, 34.9314404], [-82.4509572, 34.9308417], [-82.4510232, 34.9307656], [-82.4511026, 34.9306292], [-82.451182, 34.9305235], [-82.4512554, 34.930424], [-82.4512944, 34.9303663], [-82.4513273, 34.9303037], [-82.4513498, 34.9302361], [-82.4513753, 34.9301415], [-82.4513978, 34.9300469], [-82.4514202, 34.9299511], [-82.4514667, 34.9298135], [-82.4514997, 34.9296992], [-82.4515446, 34.9296083], [-82.4516135, 34.9294965], [-82.45169, 34.9293835], [-82.4517319, 34.9293209], [-82.4517844, 34.929241], [-82.4518218, 34.9291698], [-82.4518608, 34.9290862], [-82.4519147, 34.928983], [-82.4519537, 34.9288897], [-82.4519881, 34.9287877], [-82.4520151, 34.9286858], [-82.4520226, 34.9286034], [-82.4520301, 34.9284867], [-82.4520286, 34.92837], [-82.4519881, 34.9281735], [-82.4519117, 34.9279093], [-82.4517379, 34.9277054], [-82.4515806, 34.9273786], [-82.4514187, 34.9270506], [-82.4513064, 34.9267902], [-82.451134, 34.9264867], [-82.4510202, 34.9262558], [-82.4509363, 34.9261084], [-82.4507699, 34.9258467], [-82.4506396, 34.9256833], [-82.4504882, 34.9255432], [-82.450259, 34.9253368], [-82.4500927, 34.9251513], [-82.4499188, 34.925015], [-82.449739, 34.9249118], [-82.4495982, 34.9248663], [-82.4494543, 34.9248258], [-82.4493749, 34.924811], [-82.4492925, 34.9248147], [-82.4491232, 34.9248516], [-82.4490528, 34.9248552], [-82.4488265, 34.9247434], [-82.4486542, 34.9246267], [-82.4486182, 34.9245358], [-82.4486003, 34.9244314], [-82.4486048, 34.9243405], [-82.4486018, 34.9242483], [-82.4485838, 34.9241537], [-82.4485463, 34.9240419], [-82.4484909, 34.923951], [-82.4484249, 34.9238564], [-82.4483006, 34.9237434], [-82.4481717, 34.9236636], [-82.4479934, 34.9236169], [-82.447905, 34.9236709], [-82.4477686, 34.9237852], [-82.4476832, 34.9238687], [-82.4476098, 34.9239019], [-82.4475319, 34.9239056], [-82.447342, 34.9239061]]}}, {"type": "Feature", "id": "w334360909", "properties": {"highway": "path", "walkable": true, "on_campus": false, "nodes": [10268934209, 3414719814, 3414719813, 3414719812, 3414719811, 3414719810, 3414719809, 3414719808, 3414719807, 3414719806, 3414719805, 3414719804, 3414719803, 3414719802, 3414719801, 3414719800, 3414719799, 3414719798, 3414719797, 3414719796, 3414719795, 3414719794, 3414719793, 3414719792, 3414719791, 3414719790, 3414719789, 3414719788, 3414719787, 3414719786, 3414719785, 3414719784, 3414719783, 3414719782, 3414719780, 3414719781, 3414719638, 3414719639, 3414719640, 3414719641, 3414719642, 3414719643, 3414719644, 3414719645, 3414719646, 3414719647, 3414719648, 3414719649, 3414719650, 3414719651, 3414719652, 3414719653, 3414719654, 3414719655, 3414719656, 3414719657, 3414719658, 3414719659, 3414719660, 3414719661, 3414719662, 3414719663, 3414719664, 3414719665, 3414719666, 3414719667, 3414719668, 3414719669, 3414719670, 3414719671, 3414719672, 3414719673, 3414719674, 3414719675, 3414719676, 3414719677, 3414719678, 3414719679, 3414719680, 3414719681, 3414719682, 3414719683, 3414719684, 3414719685, 3414719686]}, "geometry": {"type": "LineString", "coordinates": [[-82.4491595, 34.931804], [-82.4491261, 34.9317619], [-82.4490349, 34.931652], [-82.4488257, 34.9314805], [-82.4487398, 34.931287], [-82.4487345, 34.9311506], [-82.4487935, 34.9310231], [-82.4488686, 34.9308648], [-82.448874, 34.9307548], [-82.4487774, 34.9305745], [-82.4485199, 34.9302754], [-82.4481927, 34.9298532], [-82.4481658, 34.9297697], [-82.4480425, 34.9296289], [-82.4478225, 34.9294882], [-82.4477313, 34.9293518], [-82.4475811, 34.9289384], [-82.4473558, 34.9287581], [-82.4472163, 34.9287845], [-82.4470608, 34.9287317], [-82.4469696, 34.9286657], [-82.4468623, 34.9285118], [-82.4468355, 34.9284107], [-82.4468569, 34.9282655], [-82.4468462, 34.9281292], [-82.4467765, 34.9279532], [-82.4466263, 34.9272627], [-82.4462507, 34.9262819], [-82.4462507, 34.9260488], [-82.4463044, 34.9258993], [-82.4464278, 34.9257498], [-82.4465351, 34.9256794], [-82.4465994, 34.9256178], [-82.4465726, 34.9254331], [-82.4465082, 34.9252176], [-82.4463981, 34.9247524], [-82.4461549, 34.9243196], [-82.4460874, 34.9242336], [-82.4460185, 34.9241697], [-82.4459136, 34.9240972], [-82.4458267, 34.9240555], [-82.4457398, 34.9240419], [-82.445587, 34.9240346], [-82.4454836, 34.9240297], [-82.4454207, 34.9240481], [-82.4453772, 34.9240837], [-82.4453607, 34.9241402], [-82.4453712, 34.9242434], [-82.4453847, 34.9244326], [-82.4454057, 34.9245629], [-82.4454102, 34.9246673], [-82.4453952, 34.9247766], [-82.4453742, 34.9249376], [-82.4453083, 34.9252386], [-82.4452828, 34.9254265], [-82.4452918, 34.9255481], [-82.4453562, 34.9257582], [-82.4454596, 34.9260002], [-82.4455136, 34.9263602], [-82.4457698, 34.9273197], [-82.4457743, 34.9275482], [-82.4458297, 34.9277054], [-82.4459376, 34.9278995], [-82.44599, 34.9280027], [-82.446011, 34.9281649], [-82.4460389, 34.9283095], [-82.4460791, 34.9284832], [-82.4461274, 34.9286482], [-82.446071, 34.9288417], [-82.4460764, 34.9290858], [-82.4461247, 34.9293474], [-82.4462132, 34.9294354], [-82.4465887, 34.9297521], [-82.4466558, 34.929807], [-82.4467282, 34.92995], [-82.4468462, 34.9300401], [-82.447101, 34.9301567], [-82.4472405, 34.9302534], [-82.4474095, 34.9303656], [-82.4475597, 34.9305063], [-82.4476965, 34.9306515], [-82.4477608, 34.9307966], [-82.447785, 34.9309395], [-82.4477823, 34.9310341], [-82.4477662, 34.9310825]]}}, {"type": "Feature", "id": "w349171515", "properties": {"highway": "residential", "name": "Patio Way", "walkable": true, "on_campus": false, "nodes": [112743033, 3550892359, 3550892358]}, "geometry": {"type": "LineString", "coordinates": [[-82.4229799, 34.9328814], [-82.4227587, 34.9329746], [-82.4226659, 34.9329561]]}}, {"type": "Feature", "id": "w349863619", "properties": {"highway": "service", "walkable": true, "on_campus": false, "nodes": [3556456272, 3556456273]}, "geometry": {"type": "LineString", "coordinates": [[-82.4294372, 34.9185079], [-82.4293374, 34.918525]]}}, {"type": "Feature", "id": "w368354046", "properties": {"highway": "service", "surface": "asphalt", "walkable": true, "on_campus": false, "nodes": [3721974524, 3721974527, 3721974528, 3721974525, 3721974512, 3721974501, 3721974494, 3721974491, 3721974489, 3721974490, 3721974524]}, "geometry": {"type": "LineString", "coordinates": [[-82.4533292, 34.9143551], [-82.453435, 34.9143914], [-82.4536024, 34.9144072], [-82.4537544, 34.9143551], [-82.4539083, 34.9142131], [-82.4540084, 34.9141011], [-82.4540411, 34.9139938], [-82.4539988, 34.9139292], [-82.4538814, 34.9138897], [-82.453791, 34.9139071], [-82.4533292, 34.9143551]]}}, {"type": "Feature", "id": "w368354047", "properties": {"highway": "service", "surface": "asphalt", "walkable": true, "on_campus": false, "nodes": [3721974553, 3721974548, 3721974546, 3721974581, 3721974582, 3721974584, 3721974583, 3721974580, 3721974578, 3721974576, 3721974573, 3721974570, 3721974572, 3721974574, 3721974575, 3721974539, 3721974540, 3721974549]}, "geometry": {"type": "LineString", "coordinates": [[-82.453654, 34.9149599], [-82.4537114, 34.914899], [-82.4538133, 34.9148848], [-82.4551857, 34.915823], [-82.4553405, 34.9159289], [-82.4555027, 34.9160397], [-82.4556258, 34.9160003], [-82.4557913, 34.9158157], [-82.4557239, 34.9156989], [-82.4556165, 34.9156344], [-82.4554634, 34.9155425], [-82.4554007, 34.9155049], [-82.4552602, 34.9155317], [-82.4551102, 34.9155916], [-82.4550601, 34.9156122], [-82.4537672, 34.9147507], [-82.4536902, 34.9147728], [-82.4535684, 34.9149006]]}}, {"type": "Feature", "id": "w368354048", "properties": {"highway": "service", "surface": "asphalt", "walkable": true, "on_campus": false, "nodes": [112709833, 3721974524]}, "geometry": {"type": "LineString", "coordinates": [[-82.453118, 34.914588], [-82.4533292, 34.9143551]]}}, {"type": "Feature", "id": "w368354049", "properties": {"highway": "service", "surface": "asphalt", "walkable": true, "on_campus": false, "nodes": [3721974581, 3721974573]}, "geometry": {"type": "LineString", "coordinates": [[-82.4551857, 34.915823], [-82.4554634, 34.9155425]]}}, {"type": "Feature", "id": "w368354050", "properties": {"highway": "service", "surface": "asphalt", "walkable": true, "on_campus": false, "nodes": [3721974582, 3721974576]}, "geometry": {"type": "LineString", "coordinates": [[-82.4553405, 34.9159289], [-82.4556165, 34.9156344]]}}, {"type": "Feature", "id": "w368354051", "properties": {"highway": "service", "surface": "asphalt", "walkable": true, "on_campus": false, "nodes": [3721974442, 3721974443, 3721974447, 3721974448]}, "geometry": {"type": "LineString", "coordinates": [[-82.4537782, 34.9110352], [-82.4536412, 34.9110494], [-82.45291, 34.9120766], [-82.4529056, 34.912206]]}}, {"type": "Feature", "id": "w368354052", "properties": {"access": "private", "highway": "service", "surface": "asphalt", "walkable": true, "on_campus": false, "nodes": [112709847, 3721974479, 3721974472, 3721974462, 3721974456]}, "geometry": {"type": "LineString", "coordinates": [[-82.4519302, 34.9136729], [-82.4521099, 34.9134735], [-82.4522705, 34.9132838], [-82.4524636, 34.9131365], [-82.4526391, 34.9129019]]}}, {"type": "Feature", "id": "w368354053", "properties": {"highway": "service", "surface": "asphalt", "walkable": true, "on_campus": false, "nodes": [3721974444, 3721974445, 3721974446, 3721974449, 3721974450]}, "geometry": {"type": "LineString", "coordinates": [[-82.4541162, 34.9112515], [-82.4541741, 34.9113035], [-82.4541453, 34.9113824], [-82.4533814, 34.9123432], [-82.4532385, 34.9124175]]}}, {"type": "Feature", "id": "w368354054", "properties": {"access": "private", "highway": "service", "surface": "asphalt", "walkable": true, "on_campus": false, "nodes": [3721974456, 3721974439, 3721974437, 3721974438, 3721974442, 3721974448, 3721974453, 3721974456]}, "geometry": {"type": "LineString", "coordinates": [[-82.4526391, 34.9129019], [-82.454216, 34.9107936], [-82.4540636, 34.9107267], [-82.4539766, 34.9107691], [-82.4537782, 34.9110352], [-82.4529056, 34.912206], [-82.452548, 34.9126858], [-82.4526391, 34.9129019]]}}, {"type": "Feature", "id": "w368354055", "properties": {"access": "delivery", "highway": "service", "surface": "asphalt", "walkable": true, "on_campus": false, "nodes": [3721974494, 3721974493, 3721974495, 3721974499, 3721974496, 3721974498, 3721974537]}, "geometry": {"type": "LineString", "coordinates": [[-82.4540411, 34.9139938], [-82.4542123, 34.9139765], [-82.4543336, 34.9140301], [-82.4544047, 34.9140617], [-82.4545125, 34.9140349], [-82.4545895, 34.9140491], [-82.4555246, 34.9146959]]}}, {"type": "Feature", "id": "w368354056", "properties": {"access": "private", "highway": "service", "surface": "asphalt", "walkable": true, "on_campus": false, "nodes": [3721974439, 3721974440, 3721974441, 3721974444, 3721974450, 3721974455, 3721974456]}, "geometry": {"type": "LineString", "coordinates": [[-82.454216, 34.9107936], [-82.4543276, 34.9108717], [-82.4543248, 34.9109744], [-82.4541162, 34.9112515], [-82.4532385, 34.9124175], [-82.4528854, 34.9128866], [-82.4526391, 34.9129019]]}}, {"type": "Feature", "id": "w37017954", "properties": {"highway": "footway", "name": "Furman University Lake Trail", "surface": "paved", "walkable": true, "on_campus": true, "nodes": [430541087, 430541088, 430541089, 430541090, 430541091, 430541092, 430541093, 430541094, 430541095, 430541096, 430541097, 430541098, 430541099, 430541100, 430541101, 430541102, 430541103, 430541104, 430541105, 430541106, 430541107, 430541108, 430541109, 430541110, 430541111, 430541112, 430541113, 430541114, 430541115, 430541116, 430541117, 430541118, 430541119, 430541120, 430541121, 430541122, 430541123, 430541124, 430541125, 430541126, 430541127, 430541128, 430541129, 430541130, 430541131, 430541132, 430541133, 430541134, 430541135, 430541136, 717490532, 430541137, 430541138, 13104784985, 430541139, 430541140, 430541141, 430541142, 430541143, 430541144, 430541145, 430541146, 717490555, 3085460981, 430541147, 3085460779, 430541148, 430541149, 430541150, 430541151, 430541152, 430541153, 3971849340, 430541154, 430541155, 3109824614, 5733619696, 3109824613, 430541156, 3971849334, 3971849333, 3971849332, 3971849331, 3971849330, 3971849329, 3971849327, 3971849328, 5733619693, 430541173]}, "geometry": {"type": "LineString", "coordinates": [[-82.4412431, 34.9321945], [-82.4411999, 34.9322226], [-82.4411689, 34.9322491], [-82.4411392, 34.9322751], [-82.4411415, 34.9323029], [-82.4410755, 34.9323497], [-82.4410035, 34.9324124], [-82.440912, 34.9324874], [-82.440858, 34.9325181], [-82.440771, 34.9325563], [-82.440654, 34.9325784], [-82.440573, 34.9325845], [-82.440456, 34.9325809], [-82.4403795, 34.9325686], [-82.4403375, 34.9325501], [-82.4402955, 34.9325267], [-82.4402385, 34.9325071], [-82.440195, 34.9324788], [-82.440147, 34.9324468], [-82.440105, 34.9324136], [-82.4400555, 34.9323509], [-82.4400315, 34.9323152], [-82.4400225, 34.932266], [-82.440018, 34.9321873], [-82.4400165, 34.9321295], [-82.4400255, 34.9320644], [-82.440045, 34.9320115], [-82.4400585, 34.9319857], [-82.440093, 34.9319611], [-82.440159, 34.931918], [-82.4402505, 34.9318811], [-82.4403345, 34.9318467], [-82.4404035, 34.9318159], [-82.440504, 34.9317532], [-82.4405685, 34.9317077], [-82.440657, 34.9316192], [-82.4407635, 34.9315356], [-82.440879, 34.9314593], [-82.4410602, 34.9313718], [-82.4411282, 34.9313468], [-82.4411633, 34.9313161], [-82.4412055, 34.9312834], [-82.4412313, 34.9312392], [-82.441236, 34.9312142], [-82.4412172, 34.9311335], [-82.4411891, 34.931072], [-82.4411563, 34.9310221], [-82.4411024, 34.9309721], [-82.4410344, 34.9309029], [-82.4409688, 34.9307972], [-82.4409461, 34.9307559], [-82.4408844, 34.9306435], [-82.4406243, 34.9303246], [-82.4404606, 34.9301665], [-82.4403735, 34.9300824], [-82.4402727, 34.9299595], [-82.4400969, 34.9297673], [-82.4399915, 34.9296597], [-82.4399188, 34.9295924], [-82.4398297, 34.9295233], [-82.4397641, 34.9294234], [-82.4397383, 34.9293369], [-82.4397364, 34.9293132], [-82.4397358, 34.9293058], [-82.439729, 34.9292216], [-82.4397298, 34.929204], [-82.4397263, 34.9290601], [-82.4397304, 34.9289633], [-82.43975, 34.9286125], [-82.4397462, 34.9285588], [-82.4397302, 34.9285231], [-82.4396981, 34.9284951], [-82.439666, 34.9284782], [-82.4396137, 34.9284636], [-82.4395652, 34.9284681], [-82.4395235, 34.9284862], [-82.4395009, 34.9284975], [-82.4394839, 34.9285161], [-82.4394659, 34.9285533], [-82.4392781, 34.9285428], [-82.4390324, 34.9285377], [-82.4388627, 34.9285406], [-82.438686, 34.9285541], [-82.4384296, 34.928579], [-82.438211, 34.9286043], [-82.4379962, 34.9286401], [-82.4378244, 34.9286852], [-82.4378228, 34.9286835], [-82.4378028, 34.9286622]]}}, {"type": "Feature", "id": "w37017955", "properties": {"bridge": "yes", "highway": "footway", "layer": "1", "walkable": true, "on_campus": true, "nodes": [430541086, 430541087]}, "geometry": {"type": "LineString", "coordinates": [[-82.4413183, 34.9321437], [-82.4412431, 34.9321945]]}}, {"type": "Feature", "id": "w37017957", "properties": {"highway": "footway", "walkable": true, "on_campus": true, "nodes": [3085460841, 5733619695, 5733619694, 3971849340, 430541166, 3664626032, 430541167]}, "geometry": {"type": "LineString", "coordinates": [[-82.4394465, 34.9289103], [-82.439555, 34.9286967], [-82.4396635, 34.9284831], [-82.439666, 34.9284782], [-82.4396667, 34.9284769], [-82.4399465, 34.9278808], [-82.4399634, 34.9278449]]}}, {"type": "Feature", "id": "w372744449", "properties": {"highway": "service", "walkable": true, "on_campus": false, "nodes": [3762950815, 3762950807, 7923436600, 12147148115, 3762950803, 3762950802, 3762950801, 7923436602, 3762950798, 3762950796, 3762950795, 3762950791, 3762950785, 3762950780, 3762950771]}, "geometry": {"type": "LineString", "coordinates": [[-82.4303029, 34.9132094], [-82.4304654, 34.9129371], [-82.4305147, 34.9128554], [-82.430576, 34.9127537], [-82.4306078, 34.9127009], [-82.4306494, 34.9124845], [-82.4306286, 34.9122681], [-82.4306237, 34.9122167], [-82.4306147, 34.912123], [-82.4306427, 34.912017], [-82.4306599, 34.9119521], [-82.4306967, 34.9118361], [-82.4307666, 34.9116604], [-82.4308195, 34.9115157], [-82.430889, 34.9113258]]}}, {"type": "Feature", "id": "w372744454", "properties": {"access": "delivery", "highway": "service", "walkable": true, "on_campus": false, "nodes": [3762950803, 3762950805, 3762950804, 7923436603, 3762950799, 3762950790, 3762950784, 3762950774]}, "geometry": {"type": "LineString", "coordinates": [[-82.4306078, 34.9127009], [-82.4310417, 34.9127976], [-82.4311737, 34.9127379], [-82.4312988, 34.9123617], [-82.4313611, 34.9121742], [-82.4315208, 34.9117159], [-82.4315208, 34.9115621], [-82.4314687, 34.911397]]}}, {"type": "Feature", "id": "w372744455", "properties": {"highway": "service", "walkable": true, "on_campus": false, "nodes": [3762950774, 3762950777, 3762950771, 3762950767, 3762950773, 3762950781, 3762950788, 3762950792, 3762950796]}, "geometry": {"type": "LineString", "coordinates": [[-82.4314687, 34.911397], [-82.4313577, 34.9114255], [-82.430889, 34.9113258], [-82.4301461, 34.911192], [-82.4300942, 34.9113476], [-82.430036, 34.9115225], [-82.429988, 34.9116665], [-82.4299204, 34.9118696], [-82.4306427, 34.912017]]}}, {"type": "Feature", "id": "w37299204", "properties": {"highway": "service", "name": "Swamp Rabbit Tram Trail Parking", "surface": "unpaved", "walkable": true, "on_campus": true, "nodes": [434652809, 434652811, 434652825, 434652812, 434652813, 434652814, 434652837, 434652815, 434652816, 434652820, 434652821, 434652822, 434652823, 434652824, 434652825]}, "geometry": {"type": "LineString", "coordinates": [[-82.4459682, 34.9199744], [-82.4459873, 34.9200593], [-82.4460151, 34.9200927], [-82.4460786, 34.9201688], [-82.4461225, 34.9202489], [-82.4461063, 34.9204052], [-82.4461067, 34.9204131], [-82.4461111, 34.9205], [-82.44616, 34.9205495], [-82.4462187, 34.9205575], [-82.4462854, 34.9204907], [-82.4462887, 34.9203104], [-82.4462349, 34.9201808], [-82.4461014, 34.9201167], [-82.4460151, 34.9200927]]}}, {"type": "Feature", "id": "w37299207", "properties": {"highway": "footway", "walkable": true, "on_campus": true, "nodes": [434652832, 434652835, 434652837]}, "geometry": {"type": "LineString", "coordinates": [[-82.4458392, 34.9205425], [-82.4459911, 34.9204185], [-82.4461067, 34.9204131]]}}, {"type": "Feature", "id": "w37299211", "properties": {"highway": "footway", "name": "Furman University lake trail connector", "surface": "unpaved", "walkable": true, "on_campus": true, "nodes": [434652857, 434652859]}, "geometry": {"type": "LineString", "coordinates": [[-82.4425846, 34.9299417], [-82.4418369, 34.9301476]]}}, {"type": "Feature", "id": "w37299213", "properties": {"highway": "trunk", "name": "North Highway 25 Bypass", "ref": "US 25", "walkable": false, "on_campus": false, "nodes": [112802409, 113049660, 113049663, 13965865921, 113049666, 113049669, 113049671, 7936484454, 113049673]}, "geometry": {"type": "LineString", "coordinates": [[-82.4433707, 34.9407268], [-82.443451, 34.940618], [-82.443657, 34.940355], [-82.4438508, 34.940116], [-82.446051, 34.937402], [-82.446486, 34.936855], [-82.447226, 34.93595], [-82.4489815, 34.933782], [-82.450307, 34.932145]]}}, {"type": "Feature", "id": "w37307523", "properties": {"highway": "service", "name": "Swan View Drive", "surface": "asphalt", "walkable": true, "on_campus": true, "nodes": [434788817, 13104791009, 736992355]}, "geometry": {"type": "LineString", "coordinates": [[-82.4422191, 34.923915], [-82.4436683, 34.9252706], [-82.4437646, 34.9253253]]}}, {"type": "Feature", "id": "w389117802", "properties": {"highway": "unclassified", "name": "Cherrydale Alumni Lane", "surface": "asphalt", "walkable": true, "on_campus": true, "nodes": [736992880, 736991756, 736991913, 112655229, 736992766]}, "geometry": {"type": "LineString", "coordinates": [[-82.440412, 34.918105], [-82.4403387, 34.9182227], [-82.4401937, 34.9185052], [-82.4398004, 34.919204], [-82.4394786, 34.9197713]]}}, {"type": "Feature", "id": "w389117803", "properties": {"highway": "tertiary", "name": "Duncan Chapel Road", "surface": "asphalt", "walkable": true, "on_campus": false, "nodes": [112996096, 112996098, 2684164877, 112996101, 112996102, 7014112070, 3762950815, 7014112072, 7014112073, 7014112077, 112996104, 7561389113, 112996106, 7561389117, 11952020771, 113060969]}, "geometry": {"type": "LineString", "coordinates": [[-82.4341129, 34.9143073], [-82.433252, 34.914037], [-82.432208, 34.9137253], [-82.43212, 34.913699], [-82.43087, 34.913353], [-82.4307021, 34.9133105], [-82.4303029, 34.9132094], [-82.430274, 34.9132021], [-82.4300201, 34.9131377], [-82.4297807, 34.9130771], [-82.429729, 34.913064], [-82.4296865, 34.9130512], [-82.429536, 34.913006], [-82.4294707, 34.9129892], [-82.4292568, 34.9129454], [-82.4291327, 34.91292]]}}, {"type": "Feature", "id": "w389117804", "properties": {"highway": "tertiary", "name": "Old Buncombe Road", "surface": "asphalt", "walkable": true, "on_campus": false, "nodes": [113060969, 11952020766, 8133984154, 7561389119, 113018876]}, "geometry": {"type": "LineString", "coordinates": [[-82.4291327, 34.91292], [-82.4291524, 34.9128586], [-82.4292234, 34.9126371], [-82.4292504, 34.9125536], [-82.4292706, 34.9124757]]}}, {"type": "Feature", "id": "w389117805", "properties": {"highway": "unclassified", "name": "Pac Circle", "surface": "asphalt", "walkable": true, "on_campus": true, "nodes": [112655235, 3079064336, 112655238, 3079064337, 112655240, 3079064338, 112655243, 3079064339, 112655245, 736991468, 112655248, 3091628061, 112655250]}, "geometry": {"type": "LineString", "coordinates": [[-82.4389943, 34.9211665], [-82.4388922, 34.9211726], [-82.4387943, 34.9211973], [-82.4387057, 34.9212394], [-82.4386309, 34.9212968], [-82.4385738, 34.9213665], [-82.4385372, 34.9214449], [-82.438523, 34.921528], [-82.438532, 34.9216117], [-82.4385728, 34.9217069], [-82.4386432, 34.9217895], [-82.4387382, 34.9218536], [-82.4388507, 34.9218943]]}}, {"type": "Feature", "id": "w389117806", "properties": {"highway": "unclassified", "name": "William Mcalister Circle", "surface": "asphalt", "walkable": true, "on_campus": true, "nodes": [112687442, 3216889621, 736991833, 3216889622, 736991346, 3216889623, 736992286, 736991551, 626034095]}, "geometry": {"type": "LineString", "coordinates": [[-82.4358939, 34.9253269], [-82.4358252, 34.9252778], [-82.4357484, 34.9252375], [-82.4356653, 34.9252068], [-82.4355776, 34.9251865], [-82.4354872, 34.9251768], [-82.4353961, 34.9251781], [-82.435275, 34.9251972], [-82.4351609, 34.9252355]]}}, {"type": "Feature", "id": "w389117807", "properties": {"highway": "trunk_link", "surface": "asphalt", "walkable": false, "on_campus": true, "nodes": [736992976, 736992952, 626034134]}, "geometry": {"type": "LineString", "coordinates": [[-82.4343807, 34.9256535], [-82.4345202, 34.9257019], [-82.4348516, 34.9258167]]}}, {"type": "Feature", "id": "w394170692", "properties": {"highway": "service", "walkable": true, "on_campus": true, "nodes": [430541156, 3085459330, 3085460793, 112668280, 3085460893, 5733619695, 112668282, 3085459304, 717490536, 3109824600, 3085460803, 717490507, 3971849344, 3971849343, 3971849342, 3971849341, 5733619694, 717490542, 3971849339, 3085460812, 3971849338, 3971849337, 3971849336, 430541156]}, "geometry": {"type": "LineString", "coordinates": [[-82.4394659, 34.9285533], [-82.4394603, 34.9285906], [-82.4394701, 34.9286296], [-82.4394948, 34.9286638], [-82.4395319, 34.9286894], [-82.439555, 34.9286967], [-82.4395772, 34.9287037], [-82.4396257, 34.928705], [-82.439672, 34.9286933], [-82.4397111, 34.9286697], [-82.4397386, 34.9286369], [-82.4397421, 34.9285975], [-82.4397436, 34.9285597], [-82.4397321, 34.9285311], [-82.4397092, 34.9285071], [-82.4396802, 34.9284885], [-82.4396635, 34.9284831], [-82.4396463, 34.9284774], [-82.4396111, 34.9284668], [-82.4395733, 34.9284698], [-82.4395374, 34.9284848], [-82.4395067, 34.9284988], [-82.4394825, 34.9285228], [-82.4394659, 34.9285533]]}}, {"type": "Feature", "id": "w438149066", "properties": {"highway": "residential", "name": "Carilion Lane", "surface": "asphalt", "walkable": true, "on_campus": false, "nodes": [5692895383, 5692895384, 5692895385, 5692895386, 5692895387, 5692895388, 5692895389, 4358901249, 4358901247]}, "geometry": {"type": "LineString", "coordinates": [[-82.4568129, 34.9338262], [-82.4568933, 34.9337141], [-82.4568906, 34.9332567], [-82.4568611, 34.9329665], [-82.4568719, 34.9327444], [-82.4569309, 34.9324673], [-82.4570972, 34.9320693], [-82.4572755, 34.9318329], [-82.4575398, 34.9315853]]}}, {"type": "Feature", "id": "w452201249", "properties": {"highway": "pedestrian", "walkable": true, "on_campus": true, "nodes": [4489604901, 4489922023, 3222068314, 3089529477, 3222068313, 736991556, 3222068312, 4485992473, 4489604900, 4489604901]}, "geometry": {"type": "LineString", "coordinates": [[-82.4382948, 34.9195246], [-82.4382595, 34.9194901], [-82.4382717, 34.919487], [-82.4382838, 34.9194823], [-82.438295, 34.9194763], [-82.4383051, 34.919469], [-82.4383138, 34.9194607], [-82.4383162, 34.9194576], [-82.4383478, 34.9194892], [-82.4382948, 34.9195246]]}}, {"type": "Feature", "id": "w452201250", "properties": {"highway": "pedestrian", "walkable": true, "on_campus": true, "nodes": [3089529512, 3089529513, 4485992472, 3222068322, 736991706, 3222068323, 3222068291, 3222068324, 4485992471, 3089529512]}, "geometry": {"type": "LineString", "coordinates": [[-82.4381628, 34.9193038], [-82.43811, 34.9193392], [-82.438151, 34.9193804], [-82.4381569, 34.9193714], [-82.4381641, 34.9193634], [-82.4381724, 34.9193563], [-82.4381818, 34.9193501], [-82.438192, 34.9193449], [-82.4382005, 34.9193415], [-82.4381628, 34.9193038]]}}, {"type": "Feature", "id": "w49292201", "properties": {"highway": "trunk", "name": "Poinsett Highway", "ref": "US 276", "surface": "asphalt", "walkable": false, "on_campus": false, "nodes": [113267104, 113267106, 113267108, 113267110, 113267113, 113267115, 113267117, 113267119, 113267121, 113267124, 113267127, 113267130, 113267133, 113267136, 113267138, 113267141]}, "geometry": {"type": "LineString", "coordinates": [[-82.43298, 34.9250261], [-82.432967, 34.925685], [-82.43297, 34.926858], [-82.432963, 34.929298], [-82.432954, 34.93078], [-82.432955, 34.931684], [-82.432969, 34.932196], [-82.433007, 34.932684], [-82.433064, 34.93326], [-82.433104, 34.933587], [-82.433119, 34.933709], [-82.433197, 34.934118], [-82.433309, 34.934589], [-82.433581, 34.935616], [-82.433978, 34.936965], [-82.434128, 34.937432]]}}, {"type": "Feature", "id": "w49292202", "properties": {"highway": "trunk", "name": "Poinsett Highway", "ref": "US 276", "surface": "asphalt", "walkable": false, "on_campus": false, "nodes": [113267293, 112655316, 113267295, 626034090]}, "geometry": {"type": "LineString", "coordinates": [[-82.433154, 34.9247089], [-82.433162, 34.924441], [-82.433184, 34.923577], [-82.4331771, 34.9232566]]}}, {"type": "Feature", "id": "w49292214", "properties": {"highway": "trunk_link", "name": "Paladin Parkway", "surface": "asphalt", "walkable": false, "on_campus": false, "nodes": [112655289, 112655295, 112655298, 112655300, 5837971160, 5837971159, 5837971158, 5837971157, 5837971156, 5837971155, 5837971154, 5837971153, 5837971152, 5837971175]}, "geometry": {"type": "LineString", "coordinates": [[-82.43295, 34.922408], [-82.4328329, 34.9226189], [-82.4325617, 34.9231009], [-82.4322738, 34.9236479], [-82.4321929, 34.9237909], [-82.4321325, 34.923936], [-82.4321017, 34.9241092], [-82.4321151, 34.9242274], [-82.4321593, 34.92435], [-82.4322438, 34.9244842], [-82.4323699, 34.9246024], [-82.4325228, 34.9246931], [-82.4326736, 34.9247536], [-82.4328755, 34.9247969]]}}, {"type": "Feature", "id": "w49292216", "properties": {"bridge": "yes", "highway": "trunk", "layer": "1", "name": "Poinsett Highway", "ref": "US 276", "surface": "asphalt", "walkable": false, "on_campus": false, "nodes": [113267291, 113267293]}, "geometry": {"type": "LineString", "coordinates": [[-82.43315, 34.9250801], [-82.433154, 34.9247089]]}}, {"type": "Feature", "id": "w49292219", "properties": {"bridge": "yes", "highway": "trunk", "layer": "1", "name": "Poinsett Highway", "ref": "US 276", "surface": "asphalt", "walkable": false, "on_campus": false, "nodes": [113267102, 113267104]}, "geometry": {"type": "LineString", "coordinates": [[-82.432979, 34.9246569], [-82.43298, 34.9250261]]}}, {"type": "Feature", "id": "w49292222", "properties": {"highway": "trunk_link", "surface": "asphalt", "walkable": false, "on_campus": true, "nodes": [626034095, 736992287, 736992468]}, "geometry": {"type": "LineString", "coordinates": [[-82.4351609, 34.9252355], [-82.4347933, 34.9250957], [-82.4346999, 34.9250729]]}}, {"type": "Feature", "id": "w516266675", "properties": {"highway": "residential", "name": "Galloway Drive", "surface": "asphalt", "walkable": true, "on_campus": false, "nodes": [5040156951, 5040156952, 5040156953, 5040156954, 5040156955, 5040156956, 5040156957, 5040156958, 13518349635, 5040156959, 5040156960, 5040156934, 5040156961, 5040156193, 8347139223, 5359357570, 5359357569, 8758967298, 5040151648, 5359357568, 8758967299, 5359357567, 5040151647, 5359357566, 5040151646, 8347122910, 5359357565, 5040151645, 8758967301, 5359357564, 8758967300, 5040151644, 626033999]}, "geometry": {"type": "LineString", "coordinates": [[-82.4290602, 34.916214], [-82.428757, 34.9162099], [-82.428431, 34.9160989], [-82.428073, 34.9159317], [-82.4279939, 34.9158591], [-82.4279287, 34.9157431], [-82.4278709, 34.9155157], [-82.4278155, 34.915255], [-82.427795, 34.9151109], [-82.4277334, 34.9149668], [-82.4274769, 34.9147016], [-82.4272988, 34.9145159], [-82.4271798, 34.9143943], [-82.4268555, 34.9141906], [-82.4266836, 34.9141178], [-82.4265307, 34.91406], [-82.4262786, 34.9139676], [-82.4260871, 34.9138554], [-82.4259043, 34.913707], [-82.4258092, 34.9135959], [-82.4257038, 34.9134793], [-82.4256188, 34.9133276], [-82.4254954, 34.9130684], [-82.4253279, 34.9126295], [-82.4252714, 34.9124085], [-82.4252707, 34.9123015], [-82.4252779, 34.9121811], [-82.4253113, 34.9119553], [-82.4253387, 34.9118637], [-82.4253918, 34.9117829], [-82.425487, 34.9116915], [-82.4255836, 34.9116275], [-82.4261481, 34.9113648]]}}, {"type": "Feature", "id": "w516267057", "properties": {"highway": "residential", "name": "Amble Trail", "surface": "asphalt", "walkable": true, "on_campus": false, "nodes": [5040156211, 5040156210, 5040156209, 13518349666, 13518349667, 5040156208, 13518349665, 5040156207, 5040156206, 5040156205, 13518349664, 13518349662, 5802409564, 13518349663, 5802409557, 13518349657, 5802409563, 13518349658, 5802409562, 13518349659, 5802409561, 13518349660, 5802409560, 13518349661, 5802409559, 5802409558, 5802409557]}, "geometry": {"type": "LineString", "coordinates": [[-82.4257711, 34.9159912], [-82.4256268, 34.9161088], [-82.4255293, 34.916154], [-82.4254574, 34.9161718], [-82.4253524, 34.9161755], [-82.4252509, 34.9161596], [-82.4250969, 34.9160997], [-82.4248253, 34.9159463], [-82.4246474, 34.9158032], [-82.4245105, 34.9156815], [-82.4244226, 34.9156076], [-82.4243245, 34.9155431], [-82.4242412, 34.9155057], [-82.4241294, 34.9154823], [-82.424037, 34.9154421], [-82.4238944, 34.9152952], [-82.4238339, 34.9152409], [-82.4237643, 34.9152203], [-82.4236856, 34.9152278], [-82.4236388, 34.9152503], [-82.4236071, 34.9152873], [-82.4236001, 34.9153382], [-82.4236286, 34.9153797], [-82.4236651, 34.9154112], [-82.4237256, 34.9154336], [-82.4238476, 34.9154364], [-82.424037, 34.9154421]]}}, {"type": "Feature", "id": "w516267058", "properties": {"highway": "residential", "name": "Canter Trail", "surface": "asphalt", "walkable": true, "on_campus": false, "nodes": [5040156927, 5040156924, 13518349673, 5040156923, 5040156922, 5040156921, 5040156220, 5040156219, 13518349672, 5040156218, 13518349671, 5040156217, 13518349670, 5040156211, 5040156216, 5040156215, 13518349669, 13518349668, 5040156214, 5040156204, 5040156213, 5040156212]}, "geometry": {"type": "LineString", "coordinates": [[-82.4275554, 34.9152812], [-82.4272793, 34.9153073], [-82.4271573, 34.9153317], [-82.4270455, 34.9153766], [-82.4269177, 34.9154926], [-82.4267876, 34.9156806], [-82.4265736, 34.9159669], [-82.4264796, 34.9160286], [-82.4263689, 34.9160717], [-82.4262548, 34.9161044], [-82.4261339, 34.9161166], [-82.4260027, 34.9161072], [-82.4259149, 34.9160763], [-82.4257711, 34.9159912], [-82.4256867, 34.9159332], [-82.4255669, 34.9158312], [-82.4254562, 34.9156694], [-82.4253273, 34.9154804], [-82.4251208, 34.9152484], [-82.4249816, 34.9151362], [-82.42479, 34.9149743], [-82.4244171, 34.9146627]]}}, {"type": "Feature", "id": "w516267059", "properties": {"highway": "residential", "surface": "asphalt", "walkable": true, "on_campus": false, "nodes": [5040156949, 5040156954]}, "geometry": {"type": "LineString", "coordinates": [[-82.4278954, 34.9160614], [-82.428073, 34.9159317]]}}, {"type": "Feature", "id": "w516267060", "properties": {"highway": "residential", "name": "Hampden Drive", "surface": "asphalt", "walkable": true, "on_campus": false, "nodes": [5040156934, 5040156933, 13518349687, 13518349686, 5040156932, 13518349685, 5040156931, 5040156930, 13518349684, 13518349683, 5040156929, 5040156928, 5040156927, 5040156926, 13518349682, 5040156925, 13518349681, 5040156950, 5040156949]}, "geometry": {"type": "LineString", "coordinates": [[-82.4272988, 34.9145159], [-82.4271469, 34.9146294], [-82.4271208, 34.9146796], [-82.4271105, 34.9147451], [-82.4271196, 34.9147928], [-82.4271424, 34.9148443], [-82.4271858, 34.914892], [-82.4273284, 34.9149593], [-82.4274105, 34.9150117], [-82.4274721, 34.9150622], [-82.4275132, 34.9151165], [-82.4275463, 34.9151885], [-82.4275554, 34.9152812], [-82.4276319, 34.9156703], [-82.4276558, 34.9157676], [-82.4276923, 34.9158471], [-82.4277471, 34.915921], [-82.4278247, 34.9159884], [-82.4278954, 34.9160614]]}}, {"type": "Feature", "id": "w516267061", "properties": {"highway": "residential", "name": "Montjoy Way", "surface": "asphalt", "walkable": true, "on_campus": false, "nodes": [5040156935, 5040156936, 5040156937, 13518349674, 5040156938, 13518349675, 5040156939, 5040156940, 13518349676, 13518349677, 5040156941, 5040156942, 13518349678, 5040156943, 13518349679, 5040156944, 5040156945, 5040156946, 13518349680, 5040156947, 5040156935, 5040156948, 5040156949]}, "geometry": {"type": "LineString", "coordinates": [[-82.4281897, 34.9162569], [-82.4281387, 34.9163606], [-82.4281521, 34.9164898], [-82.4281578, 34.9165459], [-82.4281453, 34.9165974], [-82.4281087, 34.9166517], [-82.4280426, 34.9167069], [-82.4280175, 34.9167499], [-82.4280323, 34.9167929], [-82.4280654, 34.9168285], [-82.4281167, 34.9168378], [-82.4282034, 34.91682], [-82.4283495, 34.9167789], [-82.4283985, 34.9167452], [-82.4284373, 34.9166966], [-82.4284464, 34.9166255], [-82.4284054, 34.9164533], [-82.4283694, 34.916365], [-82.4283438, 34.9163224], [-82.4282822, 34.9162887], [-82.4281897, 34.9162569], [-82.428046, 34.9161942], [-82.4278954, 34.9160614]]}}, {"type": "Feature", "id": "w516267062", "properties": {"highway": "residential", "surface": "asphalt", "walkable": true, "on_campus": false, "nodes": [5040156955, 5040156950]}, "geometry": {"type": "LineString", "coordinates": [[-82.4279939, 34.9158591], [-82.4278247, 34.9159884]]}}, {"type": "Feature", "id": "w532428328", "properties": {"highway": "service", "walkable": true, "on_campus": false, "nodes": [112732285, 5166533941]}, "geometry": {"type": "LineString", "coordinates": [[-82.4420433, 34.9120469], [-82.4427044, 34.9115262]]}}, {"type": "Feature", "id": "w533382287", "properties": {"highway": "footway", "walkable": true, "on_campus": false, "nodes": [5174769082, 5174769081, 5174769080, 5174769079, 5174769078, 5174769077, 5174769076, 5174769075, 5174769074, 5174769073, 5174769072, 5174769071, 5174769070, 5174769069, 5174769068]}, "geometry": {"type": "LineString", "coordinates": [[-82.4422962, 34.9342444], [-82.4423705, 34.9341418], [-82.4423946, 34.9341319], [-82.4424483, 34.934133], [-82.4424671, 34.9341901], [-82.4424523, 34.9342957], [-82.4424537, 34.934343], [-82.4424832, 34.9343628], [-82.4425623, 34.9343474], [-82.4425972, 34.9342858], [-82.4426079, 34.9342077], [-82.442636, 34.9340472], [-82.4426736, 34.9340131], [-82.4427922, 34.9340307], [-82.4434769, 34.9340571]]}}, {"type": "Feature", "id": "w533382289", "properties": {"highway": "service", "surface": "asphalt", "walkable": true, "on_campus": false, "nodes": [5174769092, 5174769091, 5174769090, 5174769089, 8762972388, 5174769088, 5174769069, 7516233421, 8973631368, 7516233413, 5174769087, 5174769086, 5174769085, 5174769084, 5174769083, 1129748856]}, "geometry": {"type": "LineString", "coordinates": [[-82.4427731, 34.9335439], [-82.4428546, 34.9336129], [-82.4428815, 34.9337053], [-82.4428332, 34.9338284], [-82.4428203, 34.933882], [-82.4427956, 34.9339846], [-82.4427922, 34.9340307], [-82.4427875, 34.9340929], [-82.4427731, 34.9342853], [-82.4427576, 34.9344925], [-82.4427447, 34.934664], [-82.442683, 34.9348377], [-82.442691, 34.9349653], [-82.4427581, 34.9354358], [-82.4425623, 34.9355392], [-82.44247, 34.9356561]]}}, {"type": "Feature", "id": "w562817957", "properties": {"highway": "pedestrian", "walkable": true, "on_campus": true, "nodes": [434788819, 434788828, 5425136591, 434788818, 5425136590, 434788819]}, "geometry": {"type": "LineString", "coordinates": [[-82.4440113, 34.925505], [-82.4439361, 34.9255956], [-82.4437971, 34.9254857], [-82.4438321, 34.9254401], [-82.4438913, 34.9254056], [-82.4440113, 34.925505]]}}, {"type": "Feature", "id": "w567617296", "properties": {"highway": "service", "walkable": true, "on_campus": false, "nodes": [5463338119, 5463338118, 5463338117, 5463338116]}, "geometry": {"type": "LineString", "coordinates": [[-82.4535218, 34.9260989], [-82.4538168, 34.9259493], [-82.4538893, 34.9259581], [-82.4540421, 34.9262]]}}, {"type": "Feature", "id": "w567617297", "properties": {"highway": "residential", "name": "Sunset Glory Lane", "surface": "asphalt", "walkable": true, "on_campus": false, "nodes": [5463343321, 5463338120, 5463338119, 5463343331]}, "geometry": {"type": "LineString", "coordinates": [[-82.4536023, 34.9264595], [-82.4536505, 34.9263408], [-82.4535218, 34.9260989], [-82.4530122, 34.9262616]]}}, {"type": "Feature", "id": "w567617298", "properties": {"highway": "service", "walkable": true, "on_campus": false, "nodes": [5463343323, 5463343322]}, "geometry": {"type": "LineString", "coordinates": [[-82.4528316, 34.9258916], [-82.4532187, 34.9257624]]}}, {"type": "Feature", "id": "w567617299", "properties": {"highway": "service", "walkable": true, "on_campus": false, "nodes": [5463343325, 5463343324]}, "geometry": {"type": "LineString", "coordinates": [[-82.452657, 34.9255336], [-82.4530149, 34.9254194]]}}, {"type": "Feature", "id": "w567617300", "properties": {"highway": "service", "walkable": true, "on_campus": false, "nodes": [5463343326, 5463343332]}, "geometry": {"type": "LineString", "coordinates": [[-82.452612, 34.9268028], [-82.4524516, 34.9264485]]}}, {"type": "Feature", "id": "w567617301", "properties": {"highway": "service", "walkable": true, "on_campus": false, "nodes": [5463343328, 5463343326, 5463343327]}, "geometry": {"type": "LineString", "coordinates": [[-82.4522531, 34.926917], [-82.452612, 34.9268028], [-82.4530068, 34.9266773]]}}, {"type": "Feature", "id": "w567617302", "properties": {"highway": "residential", "name": "High Hat Circle", "surface": "asphalt", "walkable": true, "on_campus": false, "nodes": [5463343332, 5463343331, 5463343323, 5463343325, 5463343330, 5463343329, 5463343334, 8488503672, 8136058662, 5463343332]}, "geometry": {"type": "LineString", "coordinates": [[-82.4524516, 34.9264485], [-82.4530122, 34.9262616], [-82.4528316, 34.9258916], [-82.452657, 34.9255336], [-82.4524918, 34.925195], [-82.4519661, 34.925382], [-82.4521304, 34.9257487], [-82.4522896, 34.9260956], [-82.4522933, 34.9261036], [-82.4524516, 34.9264485]]}}, {"type": "Feature", "id": "w567617303", "properties": {"highway": "service", "walkable": true, "on_campus": false, "nodes": [5463343335, 5463343333]}, "geometry": {"type": "LineString", "coordinates": [[-82.4516724, 34.9259098], [-82.4515624, 34.9256767]]}}, {"type": "Feature", "id": "w567617304", "properties": {"highway": "residential", "name": "White Empress Drive", "surface": "asphalt", "walkable": true, "on_campus": false, "nodes": [5463343336, 5463343335, 5463343334]}, "geometry": {"type": "LineString", "coordinates": [[-82.4513942, 34.9259944], [-82.4516724, 34.9259098], [-82.4521304, 34.9257487]]}}, {"type": "Feature", "id": "w567617313", "properties": {"highway": "service", "surface": "asphalt", "walkable": true, "on_campus": false, "nodes": [5463343355, 5463338086]}, "geometry": {"type": "LineString", "coordinates": [[-82.4503816, 34.9234157], [-82.4501731, 34.9234911]]}}, {"type": "Feature", "id": "w567617314", "properties": {"highway": "service", "surface": "asphalt", "walkable": true, "on_campus": false, "nodes": [5463343367, 5463343366, 5463343365, 5463343364, 5463343363, 5463343362, 5463343361, 5463343360, 5463343359, 5463343358, 5463343357, 5463343356, 5463343355, 5463343367]}, "geometry": {"type": "LineString", "coordinates": [[-82.4505499, 34.9237282], [-82.4513868, 34.9235083], [-82.4516255, 34.9234775], [-82.4518347, 34.9234401], [-82.4519473, 34.9233763], [-82.4519447, 34.9232906], [-82.4512312, 34.9224659], [-82.4511078, 34.9223757], [-82.4509442, 34.9223999], [-82.4502307, 34.9226462], [-82.4501181, 34.9227364], [-82.4501154, 34.9229211], [-82.4503816, 34.9234157], [-82.4505499, 34.9237282]]}}, {"type": "Feature", "id": "w567617327", "properties": {"highway": "service", "surface": "asphalt", "walkable": true, "on_campus": false, "nodes": [5463343419, 5463343418, 5463343417, 5463343416]}, "geometry": {"type": "LineString", "coordinates": [[-82.4514389, 34.922367], [-82.4516394, 34.9222352], [-82.4513551, 34.9219443], [-82.4511394, 34.9220861]]}}, {"type": "Feature", "id": "w567617328", "properties": {"highway": "service", "surface": "asphalt", "walkable": true, "on_campus": false, "nodes": [5463343423, 5463343422, 5463343421, 5463343420]}, "geometry": {"type": "LineString", "coordinates": [[-82.4529416, 34.9216258], [-82.4527578, 34.9217591], [-82.4523295, 34.9213618], [-82.452533, 34.9212143]]}}, {"type": "Feature", "id": "w567617329", "properties": {"highway": "service", "surface": "asphalt", "walkable": true, "on_campus": false, "nodes": [5463343428, 5463343425, 5463343424]}, "geometry": {"type": "LineString", "coordinates": [[-82.4533367, 34.9223999], [-82.4530631, 34.922114], [-82.4532756, 34.9219612]]}}, {"type": "Feature", "id": "w567617331", "properties": {"highway": "service", "surface": "asphalt", "walkable": true, "on_campus": false, "nodes": [5463343433, 5463343416, 5463343419, 5463343432, 5463343431, 5463343430, 5463343429, 5463343428, 5463343427, 5463343424, 5463343423, 5463343420, 5463343426]}, "geometry": {"type": "LineString", "coordinates": [[-82.450973, 34.9219303], [-82.4511394, 34.9220861], [-82.4514389, 34.922367], [-82.4522102, 34.9230904], [-82.4522933, 34.9231146], [-82.4523845, 34.9230904], [-82.4532723, 34.9225098], [-82.4533367, 34.9223999], [-82.4535567, 34.9222437], [-82.4532756, 34.9219612], [-82.4529416, 34.9216258], [-82.452533, 34.9212143], [-82.4523215, 34.921002]]}}, {"type": "Feature", "id": "w567833967", "properties": {"highway": "service", "walkable": true, "on_campus": false, "nodes": [5464588013, 5464588012, 5464588011]}, "geometry": {"type": "LineString", "coordinates": [[-82.4531101, 34.9267663], [-82.4531516, 34.9272732], [-82.4531932, 34.9273128]]}}, {"type": "Feature", "id": "w567833969", "properties": {"highway": "service", "walkable": true, "on_campus": false, "nodes": [5464588008, 5464588006, 5464588005]}, "geometry": {"type": "LineString", "coordinates": [[-82.4541762, 34.9270654], [-82.4542259, 34.926995], [-82.4540475, 34.9264892]]}}, {"type": "Feature", "id": "w567833970", "properties": {"highway": "service", "walkable": true, "on_campus": false, "nodes": [5464588011, 5464588010, 5464588009, 5464588008, 5464588007]}, "geometry": {"type": "LineString", "coordinates": [[-82.4531932, 34.9273128], [-82.4538343, 34.9272501], [-82.4540649, 34.9271479], [-82.4541762, 34.9270654], [-82.4543532, 34.9271295]]}}, {"type": "Feature", "id": "w57831482", "properties": {"highway": "service", "surface": "concrete", "walkable": true, "on_campus": true, "nodes": [717490558, 717490532]}, "geometry": {"type": "LineString", "coordinates": [[-82.4410228, 34.9307424], [-82.4409461, 34.9307559]]}}, {"type": "Feature", "id": "w57831484", "properties": {"bridge": "yes", "highway": "service", "layer": "1", "surface": "unhewn_cobblestone", "walkable": true, "on_campus": true, "nodes": [717490589, 717490558]}, "geometry": {"type": "LineString", "coordinates": [[-82.4414038, 34.9306169], [-82.4410228, 34.9307424]]}}, {"type": "Feature", "id": "w57831487", "properties": {"highway": "footway", "surface": "concrete", "walkable": true, "on_campus": true, "nodes": [717490560, 3085460822, 3085459321, 3085460911, 3085460814, 3085459314, 3085460904, 3085460804, 3085459305, 3085460895, 3085460794, 3085460983, 3085460885, 3085460787, 3085460975, 3085460877, 3085460777, 3085459310, 3085460967, 3085460868, 3085460769, 3085460960, 3085460860, 3085460758, 3085460949, 3085460850, 3085460749, 3085460938, 3085460839, 3085460739, 3085460928, 3085460830, 3085459328, 3085460918, 3085460883, 3085459319, 3085460909, 3085460811, 3085459311, 3085460901, 3085460801, 3085459302, 3085460892, 3085460791, 717490590, 717490560]}, "geometry": {"type": "LineString", "coordinates": [[-82.4388811, 34.9299835], [-82.4390475, 34.9300716], [-82.4391098, 34.9301027], [-82.439144, 34.9301245], [-82.4391845, 34.9301373], [-82.4392275, 34.93014], [-82.4392719, 34.930137], [-82.4393142, 34.9301323], [-82.4393568, 34.93013], [-82.4393991, 34.9301339], [-82.4394396, 34.9301439], [-82.4394813, 34.9301553], [-82.439518, 34.9301717], [-82.4395412, 34.930197], [-82.4395758, 34.9302069], [-82.4396242, 34.9302087], [-82.4396532, 34.9302083], [-82.4396498, 34.9301961], [-82.4396477, 34.9301884], [-82.4396462, 34.930168], [-82.4396486, 34.9301477], [-82.4396556, 34.9301259], [-82.4396706, 34.9301069], [-82.4396818, 34.9300857], [-82.4396826, 34.9300616], [-82.4396811, 34.9300375], [-82.4396748, 34.9299982], [-82.4396671, 34.929961], [-82.4396619, 34.9299219], [-82.4396505, 34.9298881], [-82.4396295, 34.9298555], [-82.4395977, 34.9298294], [-82.4395579, 34.9298121], [-82.439509, 34.9298045], [-82.4394596, 34.9297993], [-82.4394011, 34.9297958], [-82.439316, 34.9297909], [-82.4392595, 34.9297847], [-82.4392064, 34.9297716], [-82.439152, 34.9297624], [-82.4390672, 34.929759], [-82.4390062, 34.9297606], [-82.4389554, 34.9297685], [-82.4389116, 34.9297788], [-82.4389017, 34.9298906], [-82.4388811, 34.9299835]]}}, {"type": "Feature", "id": "w57831491", "properties": {"highway": "service", "surface": "concrete", "walkable": true, "on_campus": true, "nodes": [430541073, 717490589]}, "geometry": {"type": "LineString", "coordinates": [[-82.441606, 34.9305871], [-82.4414038, 34.9306169]]}}, {"type": "Feature", "id": "w59433887", "properties": {"highway": "service", "walkable": true, "on_campus": true, "nodes": [736993065, 3089529470, 736992385, 3089529471, 3089529472, 736992661, 736992143, 736991995]}, "geometry": {"type": "LineString", "coordinates": [[-82.439099, 34.9206062], [-82.4391888, 34.9206249], [-82.43928, 34.9206282], [-82.4393538, 34.9206106], [-82.4393833, 34.920593], [-82.4394115, 34.9205743], [-82.4396381, 34.9203962], [-82.4397655, 34.9202895]]}}, {"type": "Feature", "id": "w59433891", "properties": {"highway": "service", "walkable": true, "on_campus": true, "nodes": [736992886, 736991418, 736992511, 736991638]}, "geometry": {"type": "LineString", "coordinates": [[-82.4370449, 34.9215442], [-82.4368767, 34.92143], [-82.4359488, 34.9223786], [-82.4361006, 34.9224722]]}}, {"type": "Feature", "id": "w59433893", "properties": {"highway": "service", "walkable": true, "on_campus": true, "nodes": [736991619, 3088001461, 3088001391, 3088001397, 736992282, 3088001396, 736991598, 3088001395, 736991893, 736992948]}, "geometry": {"type": "LineString", "coordinates": [[-82.4392915, 34.9170574], [-82.4392707, 34.9170915], [-82.4392573, 34.917131], [-82.4392506, 34.9172042], [-82.4392399, 34.917279], [-82.4392131, 34.917368], [-82.4391708, 34.917456], [-82.4391219, 34.9175236], [-82.4390642, 34.9175825], [-82.4389857, 34.9176512]]}}, {"type": "Feature", "id": "w59433894", "properties": {"highway": "service", "walkable": true, "on_campus": true, "nodes": [736991998, 736992273]}, "geometry": {"type": "LineString", "coordinates": [[-82.4379009, 34.9261833], [-82.4377514, 34.9264694]]}}, {"type": "Feature", "id": "w59433895", "properties": {"highway": "service", "surface": "asphalt", "walkable": true, "on_campus": true, "nodes": [736992674, 736992947, 3082164851, 736992281, 736991326]}, "geometry": {"type": "LineString", "coordinates": [[-82.4380639, 34.9215784], [-82.437789, 34.921811], [-82.4371619, 34.9223991], [-82.4371415, 34.9224182], [-82.436725, 34.9228569]]}}, {"type": "Feature", "id": "w59433896", "properties": {"highway": "footway", "walkable": true, "on_campus": true, "nodes": [736991958, 3079063917, 736993007, 736991665]}, "geometry": {"type": "LineString", "coordinates": [[-82.4396938, 34.9250014], [-82.4398177, 34.9250699], [-82.4398803, 34.9251055], [-82.4398648, 34.9251231]]}}, {"type": "Feature", "id": "w59433897", "properties": {"highway": "unclassified", "name": "Dins Drive", "surface": "asphalt", "walkable": true, "on_campus": true, "nodes": [736992398, 736991298, 736991760, 10228308204, 3092857939, 736992259, 736992781, 736992375, 3092857921, 10228308205, 736991725, 10228308208, 736991690, 736992120, 112682975, 736991502, 736991543, 736991317, 112682981]}, "geometry": {"type": "LineString", "coordinates": [[-82.4426329, 34.9223145], [-82.4427097, 34.9222649], [-82.4427718, 34.9222148], [-82.4429514, 34.9220699], [-82.4430129, 34.9220203], [-82.4430683, 34.9219756], [-82.4431259, 34.9219292], [-82.4432577, 34.9218219], [-82.443365, 34.9217152], [-82.4434396, 34.9216269], [-82.4434616, 34.9216009], [-82.4435447, 34.9214844], [-82.4436087, 34.9213836], [-82.4437031, 34.9211285], [-82.4438073, 34.9208601], [-82.4438623, 34.9207338], [-82.4442803, 34.9198985], [-82.4443711, 34.9197568], [-82.44446, 34.919618]]}}, {"type": "Feature", "id": "w59433899", "properties": {"highway": "footway", "walkable": true, "on_campus": true, "nodes": [736991308, 736993007]}, "geometry": {"type": "LineString", "coordinates": [[-82.4398901, 34.9250944], [-82.4398803, 34.9251055]]}}, {"type": "Feature", "id": "w59433900", "properties": {"highway": "service", "walkable": true, "on_campus": true, "nodes": [736991844, 736992138, 736991448, 736991744, 736992799, 736992338, 736991314, 736992232, 736992894, 736992413, 736992786, 736991728, 3663245400, 736992692]}, "geometry": {"type": "LineString", "coordinates": [[-82.4343534, 34.9260146], [-82.4342137, 34.9262348], [-82.4339962, 34.92662], [-82.4339372, 34.9267916], [-82.4339882, 34.9268863], [-82.4341634, 34.9269705], [-82.4342218, 34.9269986], [-82.4343641, 34.9270425], [-82.4345581, 34.9271025], [-82.4347345, 34.927157], [-82.4347623, 34.9271627], [-82.4349564, 34.927202], [-82.4351142, 34.9272323], [-82.4351909, 34.9272495]]}}, {"type": "Feature", "id": "w59433901", "properties": {"access": "private", "highway": "service", "walkable": true, "on_campus": true, "nodes": [736992046, 3087552899, 736991340, 736991642]}, "geometry": {"type": "LineString", "coordinates": [[-82.4421805, 34.9184279], [-82.4423434, 34.9184326], [-82.4424723, 34.918458], [-82.4427181, 34.9185638]]}}, {"type": "Feature", "id": "w59433905", "properties": {"highway": "service", "walkable": true, "on_campus": true, "nodes": [736991350, 736991651, 736992724, 736992999, 3222136235]}, "geometry": {"type": "LineString", "coordinates": [[-82.438545, 34.916508], [-82.4384887, 34.9165344], [-82.4384478, 34.9165575], [-82.4384183, 34.91664], [-82.4384615, 34.9167152]]}}, {"type": "Feature", "id": "w59433906", "properties": {"access": "private", "highway": "footway", "walkable": true, "on_campus": true, "nodes": [736992346, 3082164556, 5733623449, 3079064170, 3079064165, 736991662]}, "geometry": {"type": "LineString", "coordinates": [[-82.4409162, 34.9223827], [-82.4409618, 34.9224287], [-82.4410403, 34.9225044], [-82.4411479, 34.922608], [-82.441305, 34.9227593], [-82.4413687, 34.9228207]]}}, {"type": "Feature", "id": "w59433907", "properties": {"highway": "service", "surface": "asphalt", "walkable": true, "on_campus": true, "nodes": [736991518, 736992545, 736992159]}, "geometry": {"type": "LineString", "coordinates": [[-82.4354921, 34.925045], [-82.4351834, 34.9249214], [-82.4350015, 34.924852]]}}, {"type": "Feature", "id": "w59433908", "properties": {"highway": "service", "walkable": true, "on_campus": true, "nodes": [736992786, 736992125]}, "geometry": {"type": "LineString", "coordinates": [[-82.4347623, 34.9271627], [-82.4343374, 34.9279841]]}}, {"type": "Feature", "id": "w59433910", "properties": {"access": "private", "highway": "service", "walkable": true, "on_campus": true, "nodes": [736991604, 736991302, 3079064149, 736992010, 736992398]}, "geometry": {"type": "LineString", "coordinates": [[-82.4422998, 34.9227408], [-82.4423922, 34.9225559], [-82.4424413, 34.9225129], [-82.4424867, 34.9224731], [-82.4426329, 34.9223145]]}}, {"type": "Feature", "id": "w59433911", "properties": {"highway": "footway", "walkable": true, "on_campus": true, "nodes": [736991959, 736993008]}, "geometry": {"type": "LineString", "coordinates": [[-82.438428, 34.9192855], [-82.4383114, 34.9193642]]}}, {"type": "Feature", "id": "w59433913", "properties": {"highway": "service", "walkable": true, "on_campus": true, "nodes": [736991423, 736992514, 3089529908, 3089529893, 736992782, 3089529909, 3089529894, 3089529910, 736992121, 3089529896, 3089529895, 736992759, 3089529897, 3089529892, 3089529898, 736992098, 3089529891, 3089529883, 3089529890, 736992377, 3089529884, 3089529889, 736991701, 3089529888, 3089529886, 3089529885, 3089529887, 736991983]}, "geometry": {"type": "LineString", "coordinates": [[-82.436626, 34.9193851], [-82.4365954, 34.9193], [-82.4365911, 34.9192696], [-82.4365898, 34.9192366], [-82.4365992, 34.919175], [-82.4366072, 34.9191354], [-82.4366287, 34.9190959], [-82.4366528, 34.9190629], [-82.436685, 34.919031], [-82.4367386, 34.9189837], [-82.436799, 34.9189397], [-82.4369197, 34.9188562], [-82.436972, 34.9188231], [-82.4370162, 34.9187879], [-82.4370538, 34.9187517], [-82.4370846, 34.9187143], [-82.4371034, 34.9186813], [-82.4371182, 34.9186505], [-82.4371316, 34.9186186], [-82.4371387, 34.9185833], [-82.4371477, 34.918524], [-82.4371463, 34.918491], [-82.4371316, 34.9184504], [-82.4371128, 34.9184141], [-82.4370833, 34.9183822], [-82.4370109, 34.9183217], [-82.4369438, 34.9182557], [-82.4368896, 34.9181835]]}}, {"type": "Feature", "id": "w59433914", "properties": {"highway": "service", "name": "Tennis Center Drive", "surface": "asphalt", "walkable": true, "on_campus": true, "nodes": [736992136, 736992638, 736991444, 736992046, 736991742, 736992798, 3087552932, 736991313, 3087553465, 736992412, 3087553499, 3087553530, 736992690, 3087553662, 3087553724, 3087553693, 736992020, 3087553792, 736992296, 3087553757, 736991615, 736991913, 736992576, 3222137642, 736991907, 3222137641, 3222137640, 736991594]}, "geometry": {"type": "LineString", "coordinates": [[-82.4428772, 34.9179845], [-82.4427765, 34.9180454], [-82.4423042, 34.9183273], [-82.4421805, 34.9184279], [-82.4420825, 34.9184388], [-82.4419449, 34.9184418], [-82.4416928, 34.9184355], [-82.4413973, 34.9184141], [-82.441354, 34.9183698], [-82.4412945, 34.9183425], [-82.4412217, 34.918329], [-82.4411449, 34.9183286], [-82.4410335, 34.9183232], [-82.4409552, 34.9183278], [-82.4408736, 34.9183413], [-82.440796, 34.9183676], [-82.4407261, 34.9183956], [-82.4406065, 34.9184532], [-82.440462, 34.9185131], [-82.4403807, 34.9185243], [-82.4402893, 34.9185207], [-82.4401937, 34.9185052], [-82.4395019, 34.9182843], [-82.4394348, 34.9182513], [-82.4393691, 34.9182101], [-82.4393242, 34.9181639], [-82.439286, 34.9181138], [-82.4392211, 34.9180069]]}}, {"type": "Feature", "id": "w59433916", "properties": {"highway": "footway", "walkable": true, "on_campus": true, "nodes": [3078472202, 3078472203, 3078472204, 3078472205, 3078472206, 3078472207, 3078472186, 3078472208, 3078472209, 3078472210, 3078472211, 3084658790, 3078472212, 5733627467, 3971839649, 3078472213, 3078472214, 3078472215, 3078472216, 3078472217, 3078472220, 3078472219, 3078472218, 736992247, 736992531, 736991849, 736992144, 736991452, 736991749, 736992802, 3085114779, 3085114780, 3085114781, 3085114782, 3085114783, 3085114784, 736991399]}, "geometry": {"type": "LineString", "coordinates": [[-82.4364178, 34.9263742], [-82.4363883, 34.9264303], [-82.4363655, 34.9264841], [-82.4363548, 34.9265523], [-82.4363561, 34.9266161], [-82.4363668, 34.9266876], [-82.4363789, 34.9267579], [-82.4363802, 34.9268272], [-82.4363789, 34.9268767], [-82.4363601, 34.9269471], [-82.4363387, 34.9270086], [-82.4361907, 34.9273885], [-82.436167, 34.9274495], [-82.4361636, 34.9275212], [-82.4361629, 34.9275371], [-82.436169, 34.9275815], [-82.4361549, 34.9275958], [-82.4361388, 34.9276387], [-82.436116, 34.927687], [-82.4360704, 34.9277189], [-82.4360275, 34.9277486], [-82.4360114, 34.9277904], [-82.4359967, 34.9278388], [-82.435986, 34.9279313], [-82.4359963, 34.9281158], [-82.4360496, 34.928237], [-82.4361252, 34.928399], [-82.4361493, 34.9286018], [-82.4361149, 34.9287314], [-82.4360816, 34.9287614], [-82.4360347, 34.9287877], [-82.4359864, 34.9287932], [-82.4359153, 34.9287899], [-82.4358496, 34.9287625], [-82.4358013, 34.9287152], [-82.4357236, 34.9286756], [-82.4356252, 34.9286582]]}}, {"type": "Feature", "id": "w59433918", "properties": {"highway": "service", "walkable": true, "on_campus": true, "nodes": [736991924, 736992206, 3088001426, 736992332, 3088001425, 736992053, 736992721, 3088001424, 3088001421, 3088001423, 736992447, 3088001422, 3088001418, 3088001419, 3088001416, 3088001420, 3088001417, 736992827, 736991773]}, "geometry": {"type": "LineString", "coordinates": [[-82.438635, 34.9168649], [-82.4383883, 34.9174994], [-82.4383521, 34.9175935], [-82.4383226, 34.9176902], [-82.4383024, 34.9177837], [-82.438287, 34.9178777], [-82.4382548, 34.918168], [-82.4382508, 34.9182483], [-82.4382522, 34.9183302], [-82.4382568, 34.9184105], [-82.4382676, 34.9184913], [-82.4382716, 34.9185419], [-82.4382703, 34.9185925], [-82.4382669, 34.9186447], [-82.4382508, 34.9186942], [-82.4382226, 34.9187432], [-82.4381844, 34.9187855], [-82.4381046, 34.9188575], [-82.4380362, 34.9189103]]}}, {"type": "Feature", "id": "w59433919", "properties": {"highway": "service", "name": "Paladin Stadium Drive", "surface": "asphalt", "walkable": true, "on_campus": true, "nodes": [736992903, 3088001405, 736992502, 3089529879, 3089529904, 736992049, 736992768, 3089529905, 3089529907, 736992106, 736991423, 3089529906, 736992382]}, "geometry": {"type": "LineString", "coordinates": [[-82.4378579, 34.9186574], [-82.4377303, 34.9186727], [-82.437575, 34.9187732], [-82.4375024, 34.9188396], [-82.437418, 34.9189167], [-82.4373034, 34.9190216], [-82.4371115, 34.9191508], [-82.4369358, 34.9192575], [-82.4368365, 34.9193059], [-82.4367346, 34.9193455], [-82.436626, 34.9193851], [-82.436567, 34.9194016], [-82.4365026, 34.9194268]]}}, {"type": "Feature", "id": "w59433921", "properties": {"highway": "service", "surface": "asphalt", "walkable": true, "on_campus": true, "nodes": [736992652, 736992263, 3085115107, 3085115106, 3085115108, 736991584, 736991868, 3085115110, 736992929, 3084658942, 736992161, 3085115103, 3085115101, 3085115102, 736991310]}, "geometry": {"type": "LineString", "coordinates": [[-82.4336918, 34.9311429], [-82.433838, 34.9312473], [-82.4339091, 34.9311506], [-82.4339801, 34.931023], [-82.4340391, 34.9308999], [-82.4340821, 34.9307691], [-82.434129, 34.9304997], [-82.4341317, 34.9303754], [-82.4341022, 34.9302248], [-82.434019, 34.9299994], [-82.4338366, 34.9295233], [-82.4338044, 34.9294947], [-82.4337602, 34.9294793], [-82.4337092, 34.9294771], [-82.4336488, 34.9295015]]}}, {"type": "Feature", "id": "w59433927", "properties": {"highway": "service", "walkable": true, "on_campus": true, "nodes": [736992894, 736991428]}, "geometry": {"type": "LineString", "coordinates": [[-82.4345581, 34.9271025], [-82.4341463, 34.9279225]]}}, {"type": "Feature", "id": "w59433929", "properties": {"highway": "unclassified", "name": "Pac Circle", "surface": "asphalt", "walkable": true, "on_campus": true, "nodes": [112655250, 112655253, 736992709, 112655260, 112655262, 112655265, 112655267, 736992290, 112655272, 3079064333, 736991761, 3079064334, 112655275, 3079064335, 112655235]}, "geometry": {"type": "LineString", "coordinates": [[-82.4388507, 34.9218943], [-82.438954, 34.9219084], [-82.4390584, 34.9219025], [-82.439162, 34.9218759], [-82.4392549, 34.9218299], [-82.4393317, 34.921767], [-82.4393881, 34.9216909], [-82.4394208, 34.921606], [-82.4394278, 34.9215155], [-82.4394077, 34.9214262], [-82.4393619, 34.9213436], [-82.439293, 34.9212725], [-82.4392051, 34.9212173], [-82.4391035, 34.9211813], [-82.4389943, 34.9211665]]}}, {"type": "Feature", "id": "w59433930", "properties": {"highway": "footway", "walkable": true, "on_campus": true, "nodes": [736991610, 736992779, 736992481]}, "geometry": {"type": "LineString", "coordinates": [[-82.4402066, 34.9250049], [-82.4401235, 34.9251007], [-82.440077, 34.9251546]]}}, {"type": "Feature", "id": "w59433931", "properties": {"highway": "service", "surface": "asphalt", "walkable": true, "on_campus": true, "nodes": [736992395, 736991722, 736992006, 736991294]}, "geometry": {"type": "LineString", "coordinates": [[-82.4365612, 34.9227559], [-82.4369948, 34.9222948], [-82.4374024, 34.9219079], [-82.4379017, 34.9214668]]}}, {"type": "Feature", "id": "w59433932", "properties": {"highway": "pedestrian", "name": "Childers Plaza", "walkable": true, "on_campus": true, "nodes": [736992892, 736992231, 736992518, 736991837, 736992892]}, "geometry": {"type": "LineString", "coordinates": [[-82.4388546, 34.920569], [-82.438898, 34.9205287], [-82.4388413, 34.9204876], [-82.4387979, 34.9205279], [-82.4388546, 34.920569]]}}, {"type": "Feature", "id": "w59433933", "properties": {"highway": "service", "surface": "asphalt", "walkable": true, "on_campus": true, "nodes": [736992976, 736992315]}, "geometry": {"type": "LineString", "coordinates": [[-82.4343807, 34.9256535], [-82.4345351, 34.9253729]]}}, {"type": "Feature", "id": "w59433935", "properties": {"bridge": "yes", "foot": "designated", "highway": "path", "layer": "1", "walkable": true, "on_campus": true, "nodes": [736992499, 736992764]}, "geometry": {"type": "LineString", "coordinates": [[-82.4356613, 34.9286244], [-82.4361768, 34.9279975]]}}, {"type": "Feature", "id": "w59433936", "properties": {"highway": "service", "walkable": true, "on_campus": true, "nodes": [3088557409, 736992880]}, "geometry": {"type": "LineString", "coordinates": [[-82.4404586, 34.9180224], [-82.440412, 34.918105]]}}, {"type": "Feature", "id": "w59433937", "properties": {"foot": "designated", "highway": "footway", "walkable": true, "on_campus": true, "nodes": [736992923, 736992172]}, "geometry": {"type": "LineString", "coordinates": [[-82.4388899, 34.9205897], [-82.4384881, 34.9208338]]}}, {"type": "Feature", "id": "w59433938", "properties": {"foot": "designated", "highway": "footway", "walkable": true, "on_campus": true, "nodes": [736992049, 736992330, 736991644, 736991736, 736991944, 3222068305, 3222068304, 736992996, 3089529504, 3089529503, 3089529502, 3089529505, 736991837, 736992892, 736992923, 3089529506, 736991538]}, "geometry": {"type": "LineString", "coordinates": [[-82.4373034, 34.9190216], [-82.4375616, 34.919274], [-82.4378466, 34.919555], [-82.4379234, 34.9196263], [-82.4382556, 34.9199618], [-82.4382684, 34.9199996], [-82.4382751, 34.9200397], [-82.4382751, 34.9201156], [-82.4383319, 34.9201796], [-82.4383882, 34.9202334], [-82.4385236, 34.9203335], [-82.4386631, 34.9204325], [-82.4387979, 34.9205279], [-82.4388546, 34.920569], [-82.4388899, 34.9205897], [-82.4389971, 34.9206744], [-82.4390695, 34.9207448]]}}, {"type": "Feature", "id": "w59433942", "properties": {"foot": "designated", "highway": "footway", "walkable": true, "on_campus": true, "nodes": [736992185, 736991895, 3087553793, 736992572, 736992288, 736992953, 736992680, 736991604]}, "geometry": {"type": "LineString", "coordinates": [[-82.4408223, 34.9239859], [-82.4408544, 34.9238379], [-82.4408732, 34.9237706], [-82.440878, 34.9237534], [-82.4409403, 34.923697], [-82.4419068, 34.9230719], [-82.4422204, 34.9228377], [-82.4422998, 34.9227408]]}}, {"type": "Feature", "id": "w59433943", "properties": {"highway": "footway", "walkable": true, "on_campus": true, "nodes": [736991542, 736991555, 736992623, 736992523]}, "geometry": {"type": "LineString", "coordinates": [[-82.4398291, 34.9251636], [-82.4398066, 34.9251891], [-82.4398436, 34.9252114], [-82.4397736, 34.9252893]]}}, {"type": "Feature", "id": "w59433946", "properties": {"highway": "unclassified", "name": "Mary Camilla Judson Court", "surface": "asphalt", "walkable": true, "on_campus": true, "nodes": [736992717, 3663527718, 736992668, 736991291, 3663527720, 9078863932, 9078863940, 736992993]}, "geometry": {"type": "LineString", "coordinates": [[-82.4358007, 34.9261079], [-82.4358633, 34.9261291], [-82.4360898, 34.9262056], [-82.4363058, 34.9262781], [-82.4364431, 34.9263257], [-82.4365569, 34.9263651], [-82.4367476, 34.9264312], [-82.43708, 34.9265463]]}}, {"type": "Feature", "id": "w59433947", "properties": {"highway": "unclassified", "name": "Bill Timmons Drive", "surface": "asphalt", "walkable": true, "on_campus": true, "nodes": [736992616, 736992449, 736991951, 736991350, 736992335, 3222136235, 3222136236, 736992850, 12363347839, 3088001414, 3088001415, 3088001413, 12418434225, 736992210, 3088001410, 12418434224, 3088001409, 3088001411, 3088001412, 736991520, 3088001407, 3088001408, 736992903, 3088001406, 3088001404, 736991815, 3088001403, 736992872, 736991773, 736992168, 736991703, 3088001401, 736991959, 3088001402, 736992500, 3088001400, 3088001398, 3088001399, 736992766]}, "geometry": {"type": "LineString", "coordinates": [[-82.4388115, 34.9158526], [-82.4386335, 34.9162897], [-82.4385772, 34.9164316], [-82.438545, 34.916508], [-82.4384934, 34.9166471], [-82.4384615, 34.9167152], [-82.438431, 34.9168044], [-82.4381851, 34.9174494], [-82.4381685, 34.9174969], [-82.4381361, 34.9175896], [-82.4381147, 34.9176622], [-82.4380973, 34.9177326], [-82.4380814, 34.9178505], [-82.4380577, 34.9180254], [-82.4380483, 34.9181515], [-82.438047, 34.9181599], [-82.4380289, 34.9182764], [-82.437992, 34.9183984], [-82.4379645, 34.9184545], [-82.4379289, 34.9185095], [-82.4378847, 34.9185832], [-82.4378666, 34.9186205], [-82.4378579, 34.9186574], [-82.4378585, 34.9186898], [-82.4378713, 34.9187179], [-82.4378954, 34.9187547], [-82.4379289, 34.9188031], [-82.4379645, 34.9188449], [-82.4380362, 34.9189103], [-82.4381784, 34.9190637], [-82.438336, 34.9192133], [-82.4383829, 34.9192578], [-82.438428, 34.9192855], [-82.4384956, 34.9193276], [-82.4386042, 34.9193815], [-82.4387779, 34.9194678], [-82.4390065, 34.919575], [-82.4392392, 34.9196795], [-82.4394786, 34.9197713]]}}, {"type": "Feature", "id": "w59433949", "properties": {"highway": "service", "walkable": true, "on_campus": true, "nodes": [736991404, 736992981, 3086461420, 3086124715, 736991524, 3086124730, 3086124714, 3086124729, 736992595, 3086124728, 3086124713, 3086124727, 736992875, 3086124726, 3086124731, 3086461400, 736992211, 3086124733, 3086124732, 3086461396, 3086124734, 736992503, 736991819]}, "geometry": {"type": "LineString", "coordinates": [[-82.4373768, 34.9332526], [-82.4372213, 34.9333505], [-82.4371175, 34.9334028], [-82.4370992, 34.933412], [-82.4369437, 34.9334725], [-82.4368565, 34.9334978], [-82.4367613, 34.9335187], [-82.4366634, 34.9335374], [-82.4365588, 34.9335506], [-82.4364649, 34.9335583], [-82.436371, 34.9335616], [-82.4362677, 34.9335572], [-82.4361658, 34.9335484], [-82.4359486, 34.9335143], [-82.435844, 34.9334868], [-82.4358191, 34.9334789], [-82.4357326, 34.9334516], [-82.4356307, 34.933412], [-82.4355261, 34.9333626], [-82.4354475, 34.9333166], [-82.4354322, 34.9333076], [-82.4353357, 34.9332427], [-82.4353156, 34.9332636]]}}, {"type": "Feature", "id": "w59433950", "properties": {"highway": "service", "walkable": true, "on_campus": true, "nodes": [736992668, 736992943]}, "geometry": {"type": "LineString", "coordinates": [[-82.4360898, 34.9262056], [-82.4363266, 34.925709]]}}, {"type": "Feature", "id": "w59433951", "properties": {"highway": "service", "walkable": true, "on_campus": true, "nodes": [736991472, 736991766, 736992820, 3085115052, 736991337, 3085114811, 3085114813, 736992441, 736992714, 736992043, 736992323, 736991639]}, "geometry": {"type": "LineString", "coordinates": [[-82.4337763, 34.9291605], [-82.4339225, 34.9291814], [-82.4340753, 34.9291517], [-82.4342296, 34.9290725], [-82.4342919, 34.9290385], [-82.4343275, 34.9290154], [-82.4344844, 34.9289136], [-82.4345581, 34.9288482], [-82.4346037, 34.9287702], [-82.4346131, 34.9286844], [-82.4345876, 34.9286008], [-82.4345829, 34.9285474]]}}, {"type": "Feature", "id": "w59433952", "properties": {"highway": "service", "walkable": true, "on_campus": true, "nodes": [736993061, 736991616, 736991914, 736992964, 736991501]}, "geometry": {"type": "LineString", "coordinates": [[-82.4339801, 34.9258385], [-82.4335318, 34.9266794], [-82.4334835, 34.9267806], [-82.4335049, 34.9275642], [-82.4335291, 34.9276963]]}}, {"type": "Feature", "id": "w59433953", "properties": {"highway": "unclassified", "name": "Cherrydale Alumni Lane", "surface": "asphalt", "walkable": true, "on_campus": true, "nodes": [736992766, 736993065, 736991456, 736991538, 736992726, 5733699908, 112655235]}, "geometry": {"type": "LineString", "coordinates": [[-82.4394786, 34.9197713], [-82.439099, 34.9206062], [-82.4390724, 34.9207149], [-82.4390695, 34.9207448], [-82.4390618, 34.9207761], [-82.4390166, 34.9210377], [-82.4389943, 34.9211665]]}}, {"type": "Feature", "id": "w59433954", "properties": {"highway": "service", "surface": "asphalt", "walkable": true, "on_campus": true, "nodes": [736991817, 736992107, 736991403, 736991712, 736992769, 736991844, 736992059, 736993061]}, "geometry": {"type": "LineString", "coordinates": [[-82.4349238, 34.9259539], [-82.4348298, 34.9260757], [-82.4347667, 34.9261093], [-82.4346594, 34.9261203], [-82.4343909, 34.9260323], [-82.4343534, 34.9260146], [-82.434175, 34.9259304], [-82.4339801, 34.9258385]]}}, {"type": "Feature", "id": "w59433956", "properties": {"highway": "service", "walkable": true, "on_campus": true, "nodes": [736991874, 736992484, 736992886, 736992193, 736991638]}, "geometry": {"type": "LineString", "coordinates": [[-82.4375217, 34.9211682], [-82.4370913, 34.9215121], [-82.4370449, 34.9215442], [-82.4367691, 34.9218148], [-82.4361006, 34.9224722]]}}, {"type": "Feature", "id": "w59433957", "properties": {"highway": "service", "walkable": true, "on_campus": true, "nodes": [736991681, 3089181688, 736992387, 3088001468, 3088001467, 3089180661, 3088001470, 736992664, 3088001469, 3088001466, 3088001471, 736991997, 736992272, 736991594]}, "geometry": {"type": "LineString", "coordinates": [[-82.4397368, 34.9173361], [-82.439721, 34.9173801], [-82.4396865, 34.9174758], [-82.439669, 34.9175225], [-82.4396489, 34.9175665], [-82.4396344, 34.9175953], [-82.4396268, 34.9176105], [-82.4395993, 34.917655], [-82.4395698, 34.9176996], [-82.4395356, 34.9177425], [-82.4395021, 34.9177837], [-82.4394618, 34.9178271], [-82.4393157, 34.9179454], [-82.4392211, 34.9180069]]}}, {"type": "Feature", "id": "w59433959", "properties": {"foot": "designated", "highway": "footway", "surface": "concrete", "walkable": true, "on_campus": true, "nodes": [3084658842, 3084658841, 3084658840, 3084658839, 3084658974, 3084658838, 3084658837, 3084658836, 3084658835, 3084658834, 3084658833, 3084658832, 3084658831, 3084658830, 3084658829, 3084658828, 3084658827, 3084658826, 3084658825, 3084658824, 3084658823, 3084658822, 3084658958, 3084658821, 3084658820, 3084658968, 3084658819, 3084658818, 3084658817, 3084658816, 3084658815, 3084658814, 3084658813, 3084658812, 3084658811, 3084658810, 3084658809, 3084658808, 3084658807, 3084658806, 3084658805, 3084658804, 3084658897, 3084658803, 3084658802, 3084658801, 3084658800, 3084658799, 3084658798, 3084658797, 3084658796, 3084658795, 3084658794, 3084658793, 736992312, 736991787, 3084659233, 736992066, 736991366, 736991667, 736992734, 736992180, 736992302, 736992870, 736991399, 736992499]}, "geometry": {"type": "LineString", "coordinates": [[-82.4355715, 34.9313887], [-82.4355366, 34.9313678], [-82.4354857, 34.9313425], [-82.4354213, 34.9313238], [-82.4353823, 34.931322], [-82.4353502, 34.9313205], [-82.4352818, 34.9313172], [-82.4351638, 34.9312985], [-82.4350029, 34.9312798], [-82.4348272, 34.9312468], [-82.4347253, 34.9312281], [-82.4346569, 34.9312127], [-82.4346327, 34.9311754], [-82.4346435, 34.9311215], [-82.4346837, 34.9310698], [-82.4347306, 34.931006], [-82.4348044, 34.9309181], [-82.434846, 34.9308532], [-82.4348594, 34.9307861], [-82.4348621, 34.9307378], [-82.4348741, 34.930707], [-82.4348942, 34.9306828], [-82.434907, 34.9306551], [-82.434913, 34.9306421], [-82.4349398, 34.9305739], [-82.4349496, 34.9305408], [-82.4349573, 34.9305146], [-82.4349586, 34.9304629], [-82.4349559, 34.9303738], [-82.4349425, 34.9302265], [-82.4349479, 34.9302012], [-82.434972, 34.9301506], [-82.4349908, 34.9300913], [-82.4349908, 34.9300308], [-82.4349787, 34.9299395], [-82.4349694, 34.9298801], [-82.4349787, 34.9298483], [-82.4350538, 34.9296734], [-82.4350686, 34.9296449], [-82.43509, 34.9296031], [-82.4351276, 34.9295459], [-82.4351638, 34.9294986], [-82.4351677, 34.9294913], [-82.435188, 34.9294535], [-82.4352014, 34.9294184], [-82.4351893, 34.9293755], [-82.4351759, 34.9293414], [-82.4351477, 34.9292996], [-82.4351356, 34.9292677], [-82.4351303, 34.9292237], [-82.4351128, 34.929193], [-82.435082, 34.9291512], [-82.4350565, 34.9291138], [-82.4350364, 34.9290434], [-82.4350243, 34.9289664], [-82.435029, 34.928916], [-82.4350408, 34.9289022], [-82.4351063, 34.9288258], [-82.4351905, 34.9287258], [-82.4352884, 34.9286596], [-82.4353572, 34.9286483], [-82.4354311, 34.9286469], [-82.4355015, 34.9286529], [-82.4355462, 34.9286568], [-82.4356252, 34.9286582], [-82.4356613, 34.9286244]]}}, {"type": "Feature", "id": "w59433960", "properties": {"highway": "service", "walkable": true, "on_campus": true, "nodes": [736991703, 736991985, 3088001446, 3088001447, 736993045, 3088001448, 3088001445, 3088001449, 736991583, 3088001450, 3088001444, 3088001451, 736992651, 3088001452, 736992927, 3088001455, 736992262, 3088001454, 3088001453, 3088001456, 736992547, 3088001457, 3088001459, 3088001458, 3088001460, 736991866, 736991627, 736992567, 736991899]}, "geometry": {"type": "LineString", "coordinates": [[-82.438336, 34.9192133], [-82.4384957, 34.9190755], [-82.4385512, 34.9190252], [-82.438578, 34.9189988], [-82.4386016, 34.9189711], [-82.438631, 34.9189373], [-82.4386565, 34.9189021], [-82.4386826, 34.9188669], [-82.4387008, 34.9188281], [-82.4387162, 34.9187822], [-82.4387256, 34.9187344], [-82.4387336, 34.9186854], [-82.438737, 34.9186368], [-82.4387396, 34.918592], [-82.4387376, 34.9185441], [-82.4387356, 34.9184941], [-82.4387303, 34.918443], [-82.4387215, 34.9183841], [-82.4387162, 34.9183231], [-82.4387162, 34.9182621], [-82.4387209, 34.9182021], [-82.438751, 34.9179063], [-82.4387598, 34.9178486], [-82.4387732, 34.9177892], [-82.4387886, 34.917732], [-82.4388074, 34.917677], [-82.4388342, 34.917616], [-82.4390414, 34.9170695], [-82.4390776, 34.9169914]]}}, {"type": "Feature", "id": "w59433963", "properties": {"highway": "service", "walkable": true, "on_campus": true, "nodes": [736991321, 3086124744, 736991623, 3086124743, 736992864, 3086124746, 736992701, 3086124745, 736992969, 3086124747, 736992306, 3086124748, 736992587, 3084659100, 3086124749, 736992203, 3084659096, 3086124750, 736991510, 736991810, 736992864]}, "geometry": {"type": "LineString", "coordinates": [[-82.4379052, 34.9324973], [-82.4377711, 34.9324874], [-82.437629, 34.9324533], [-82.437519, 34.9324082], [-82.4374224, 34.9323456], [-82.4374841, 34.9322961], [-82.4375203, 34.9322312], [-82.437527, 34.932196], [-82.4375056, 34.9321587], [-82.4373916, 34.93203], [-82.4372615, 34.9319124], [-82.4371113, 34.9318002], [-82.4369383, 34.9317079], [-82.4368323, 34.9318486], [-82.4369262, 34.9319047], [-82.4370147, 34.9319618], [-82.4371676, 34.9320839], [-82.4372561, 34.9321685], [-82.4373299, 34.9322532], [-82.4373755, 34.9323005], [-82.4374224, 34.9323456]]}}, {"type": "Feature", "id": "w59433964", "properties": {"access": "private", "highway": "service", "name": "Carl Clawson Drive", "surface": "asphalt", "walkable": true, "on_campus": true, "nodes": [736992355, 3092858033, 736991676, 736991964, 3092858034, 736993017, 736991562, 736992630, 7953744711, 736992909, 7953744712, 9078857409, 736992244, 9078861118, 736992222]}, "geometry": {"type": "LineString", "coordinates": [[-82.4437646, 34.9253253], [-82.443882, 34.9251993], [-82.4440188, 34.9250322], [-82.4442295, 34.9247604], [-82.4443809, 34.9245352], [-82.444542, 34.9242969], [-82.4446621, 34.9241424], [-82.4448558, 34.9237274], [-82.4449179, 34.9235419], [-82.4449374, 34.923462], [-82.4449598, 34.9233847], [-82.4450272, 34.9231525], [-82.4450422, 34.9231009], [-82.4451456, 34.9227033], [-82.4452172, 34.9224281]]}}, {"type": "Feature", "id": "w59433966", "properties": {"highway": "service", "walkable": true, "on_campus": true, "nodes": [736991313, 3087553708, 3087553484, 736992486, 3087553677, 3087552903, 736991801, 3087553740, 3087553514, 736992085, 3087553646, 3087553776, 736991378, 3087553443, 736991686, 736992749]}, "geometry": {"type": "LineString", "coordinates": [[-82.4413973, 34.9184141], [-82.4413497, 34.9184583], [-82.4413311, 34.918482], [-82.4413054, 34.9185319], [-82.4412991, 34.9185832], [-82.4412992, 34.9185892], [-82.4413006, 34.9186607], [-82.4413002, 34.9187422], [-82.4413021, 34.9187746], [-82.4413137, 34.9188119], [-82.4413363, 34.9188481], [-82.4413723, 34.918883], [-82.4414435, 34.9189445], [-82.4416511, 34.9191126], [-82.4419026, 34.9193421], [-82.4420938, 34.9195289]]}}, {"type": "Feature", "id": "w59433968", "properties": {"highway": "service", "walkable": true, "on_campus": true, "nodes": [736992375, 736992648, 736991980, 736992259]}, "geometry": {"type": "LineString", "coordinates": [[-82.4432577, 34.9218219], [-82.4431464, 34.9218395], [-82.4430579, 34.9219022], [-82.4430683, 34.9219756]]}}, {"type": "Feature", "id": "w59433974", "properties": {"highway": "service", "walkable": true, "on_campus": true, "nodes": [736992986, 736992879, 736992216]}, "geometry": {"type": "LineString", "coordinates": [[-82.435908, 34.9231968], [-82.4354343, 34.9237805], [-82.4356316, 34.9238853]]}}, {"type": "Feature", "id": "w59433975", "properties": {"highway": "footway", "walkable": true, "on_campus": true, "nodes": [736991804, 736992962, 736991380]}, "geometry": {"type": "LineString", "coordinates": [[-82.4400951, 34.9252234], [-82.440148, 34.9252526], [-82.4402757, 34.9253232]]}}, {"type": "Feature", "id": "w59433976", "properties": {"highway": "service", "walkable": true, "on_campus": true, "nodes": [736991756, 736992035, 736992181, 3088001361, 736991491, 3089180618, 3088001362, 736991788, 3088001363, 736992840, 3089181699, 3088001364, 736991765]}, "geometry": {"type": "LineString", "coordinates": [[-82.4403387, 34.9182227], [-82.4402149, 34.9181746], [-82.4401076, 34.9181142], [-82.4400626, 34.9180735], [-82.4400204, 34.9180333], [-82.4399938, 34.9179979], [-82.4399721, 34.917969], [-82.4399339, 34.9179036], [-82.4399151, 34.9178458], [-82.4399044, 34.917787], [-82.4398993, 34.9177299], [-82.439897, 34.917704], [-82.439893, 34.9176188]]}}, {"type": "Feature", "id": "w59433977", "properties": {"highway": "unclassified", "name": "Ray Roberts Lane", "surface": "asphalt", "walkable": true, "on_campus": true, "nodes": [736992290, 736992299, 3082134427, 736992575]}, "geometry": {"type": "LineString", "coordinates": [[-82.4394208, 34.921606], [-82.4396959, 34.9218367], [-82.4398593, 34.9219785], [-82.4405782, 34.9226169]]}}, {"type": "Feature", "id": "w59433979", "properties": {"highway": "unclassified", "name": "Soho Circle", "surface": "asphalt", "walkable": true, "on_campus": true, "nodes": [736992575, 3092857933, 736992047, 736992329, 3092857932, 736991643, 736991943, 3087553466, 3087552901, 736992185, 736991537, 3413577842, 3092858040, 3413577843, 736992609, 3413577844, 3092858039, 3413577845, 736992883, 3413577846, 3092858038, 3413577847, 3413577869, 736992221, 434788817, 3092858037, 736992365, 3413586311, 3092858036, 3413586310, 736992639, 3413586309, 736991972, 3413586308, 736991324, 3413586306, 3413586307, 736992252, 3413586305, 3413586302, 3413586304, 736991570, 3413586303, 736991855, 736992398, 3092857927, 736992392, 736992670, 3092857926, 736992001, 10228308196, 3092857934, 736992278, 3092857925, 3092857923, 736991596, 736991886, 3092857922, 736992346, 736992575]}, "geometry": {"type": "LineString", "coordinates": [[-82.4405782, 34.9226169], [-82.4404138, 34.9227474], [-82.4401263, 34.9229611], [-82.439846, 34.9231766], [-82.4398473, 34.923203], [-82.4398648, 34.9232316], [-82.4398889, 34.9232536], [-82.4399559, 34.9233075], [-82.4403583, 34.9236132], [-82.4408223, 34.9239859], [-82.4412166, 34.9242718], [-82.4412548, 34.9242878], [-82.4412898, 34.9242971], [-82.4413245, 34.9243048], [-82.4413631, 34.9243079], [-82.4414045, 34.9243095], [-82.4414439, 34.9243065], [-82.4414893, 34.9243033], [-82.4415304, 34.9242971], [-82.4415863, 34.924284], [-82.4416352, 34.924267], [-82.4416795, 34.9242485], [-82.4416971, 34.9242393], [-82.4417202, 34.9242273], [-82.4422191, 34.923915], [-82.4423398, 34.9238336], [-82.4424397, 34.923733], [-82.4424951, 34.9236686], [-82.442549, 34.9235939], [-82.4425987, 34.9235219], [-82.4426355, 34.9234482], [-82.4426712, 34.9233659], [-82.4427014, 34.9232754], [-82.4427286, 34.9231844], [-82.4427508, 34.9230898], [-82.4427663, 34.9229813], [-82.4427729, 34.9229288], [-82.4427748, 34.9228717], [-82.442771, 34.9228022], [-82.4427654, 34.9227304], [-82.4427559, 34.9226617], [-82.4427401, 34.9225905], [-82.4427145, 34.9225111], [-82.4426784, 34.9224322], [-82.4426329, 34.9223145], [-82.4424947, 34.9221837], [-82.4423605, 34.9220451], [-82.4421943, 34.9218637], [-82.4421687, 34.9218341], [-82.4420829, 34.9217735], [-82.4420436, 34.9217574], [-82.4420052, 34.9217471], [-82.4419716, 34.9217482], [-82.4419354, 34.9217493], [-82.4418938, 34.9217614], [-82.4418348, 34.9217955], [-82.4416431, 34.9219143], [-82.4412756, 34.9221485], [-82.4409162, 34.9223827], [-82.4405782, 34.9226169]]}}, {"type": "Feature", "id": "w59433981", "properties": {"highway": "service", "walkable": true, "on_campus": true, "nodes": [736991317, 736991618]}, "geometry": {"type": "LineString", "coordinates": [[-82.4443711, 34.9197568], [-82.4442533, 34.919715]]}}, {"type": "Feature", "id": "w59433983", "properties": {"access": "private", "highway": "service", "walkable": true, "on_campus": true, "nodes": [736991951, 736992134, 736991442, 736991739, 736992796, 736991311, 736992409, 736992688]}, "geometry": {"type": "LineString", "coordinates": [[-82.4385772, 34.9164316], [-82.4388027, 34.9164073], [-82.4390443, 34.9163413], [-82.4391919, 34.9163385], [-82.4393799, 34.9163936], [-82.440286, 34.9167733], [-82.4403329, 34.9168421], [-82.4402356, 34.9169852]]}}, {"type": "Feature", "id": "w59433985", "properties": {"highway": "service", "walkable": true, "on_campus": true, "nodes": [736992973, 736992311, 3088001427, 3088001442, 736991611, 3088001443, 3088001441, 3088001428, 736992686, 736991591, 3088001439, 3088001429, 3088001440, 736992658, 3088001430, 3088001434, 736992936, 3088001436, 3088001433, 3088001435, 736992268, 3088001437, 3088001432, 3088001438, 736992554, 3088001431, 736991878, 736992168]}, "geometry": {"type": "LineString", "coordinates": [[-82.4388617, 34.9169271], [-82.4386082, 34.9175561], [-82.438576, 34.9176424], [-82.4385633, 34.9176765], [-82.4385512, 34.9177155], [-82.4385432, 34.917748], [-82.4385365, 34.9177804], [-82.4385278, 34.9178282], [-82.4385204, 34.9178893], [-82.4384882, 34.9181851], [-82.4384828, 34.9182324], [-82.4384822, 34.9182791], [-82.4384835, 34.9183264], [-82.4384882, 34.9183704], [-82.4385036, 34.9184699], [-82.4385083, 34.9185342], [-82.4385064, 34.9185983], [-82.438505, 34.9186326], [-82.4384996, 34.9186684], [-82.4384929, 34.918703], [-82.4384795, 34.9187371], [-82.4384647, 34.9187712], [-82.438448, 34.9188047], [-82.4384265, 34.9188383], [-82.438401, 34.9188702], [-82.4383494, 34.9189235], [-82.4382904, 34.9189763], [-82.4381784, 34.9190637]]}}, {"type": "Feature", "id": "w59433988", "properties": {"highway": "steps", "walkable": true, "on_campus": true, "nodes": [736991438, 736991736]}, "geometry": {"type": "LineString", "coordinates": [[-82.438067, 34.9195293], [-82.4379234, 34.9196263]]}}, {"type": "Feature", "id": "w59433990", "properties": {"highway": "service", "walkable": true, "on_campus": true, "nodes": [736991638, 3082164849, 736991938, 736992218, 3082164854, 3082164852, 3082164853, 736991530, 736992986]}, "geometry": {"type": "LineString", "coordinates": [[-82.4361006, 34.9224722], [-82.4360611, 34.9224905], [-82.4359094, 34.9226986], [-82.4357811, 34.9228743], [-82.4357642, 34.9229448], [-82.4357713, 34.9230258], [-82.4358079, 34.923102], [-82.4358685, 34.9231656], [-82.435908, 34.9231968]]}}, {"type": "Feature", "id": "w59433991", "properties": {"highway": "service", "walkable": true, "on_campus": true, "nodes": [736991324, 3092857928, 3092858001, 736992565, 736991890, 736992543]}, "geometry": {"type": "LineString", "coordinates": [[-82.4427508, 34.9230898], [-82.4428655, 34.9230837], [-82.4429272, 34.9230749], [-82.4429748, 34.9230601], [-82.4431183, 34.9229644], [-82.4432051, 34.9229109]]}}, {"type": "Feature", "id": "w59433993", "properties": {"highway": "service", "name": "Carl Clawson Drive", "surface": "asphalt", "walkable": true, "on_campus": true, "nodes": [736992222, 753435124, 753435081, 3110316789, 736992510, 112996016]}, "geometry": {"type": "LineString", "coordinates": [[-82.4452172, 34.9224281], [-82.4453691, 34.9218642], [-82.4454192, 34.921697], [-82.4454715, 34.9213957], [-82.4455574, 34.9208228], [-82.4456807, 34.9199354]]}}, {"type": "Feature", "id": "w59433998", "properties": {"foot": "designated", "highway": "footway", "walkable": true, "on_campus": true, "nodes": [736992764, 736992102, 736992744, 736992077, 3078472235, 736992357, 3078472213]}, "geometry": {"type": "LineString", "coordinates": [[-82.4361768, 34.9279975], [-82.4363091, 34.927858], [-82.4363555, 34.9277707], [-82.4363469, 34.9276932], [-82.4362998, 34.9276519], [-82.4362367, 34.9276178], [-82.436169, 34.9275815]]}}, {"type": "Feature", "id": "w59434001", "properties": {"access": "private", "highway": "service", "walkable": true, "on_campus": true, "nodes": [736992409, 736992017, 8133352717, 8133352718, 8133352719, 8133352720, 8133352721, 8133352722, 8133352723, 8133352724, 8133352725]}, "geometry": {"type": "LineString", "coordinates": [[-82.4403329, 34.9168421], [-82.4404786, 34.9168447], [-82.4405379, 34.916856], [-82.4405685, 34.916873], [-82.4406233, 34.9169128], [-82.4406755, 34.9169637], [-82.4407349, 34.9170072], [-82.4407934, 34.9170353], [-82.4408663, 34.9170736], [-82.4409472, 34.9171245], [-82.4410051, 34.9171612]]}}, {"type": "Feature", "id": "w59434003", "properties": {"highway": "service", "walkable": true, "on_campus": true, "nodes": [736991638, 736991541, 736992395, 736991326, 736992401]}, "geometry": {"type": "LineString", "coordinates": [[-82.4361006, 34.9224722], [-82.4363117, 34.9226022], [-82.4365612, 34.9227559], [-82.436725, 34.9228569], [-82.4370069, 34.9230305]]}}, {"type": "Feature", "id": "w59434006", "properties": {"highway": "service", "walkable": true, "on_campus": true, "nodes": [736992059, 736991357, 736991654, 736992799]}, "geometry": {"type": "LineString", "coordinates": [[-82.434175, 34.9259304], [-82.4338459, 34.9264967], [-82.4337197, 34.9267916], [-82.4339882, 34.9268863]]}}, {"type": "Feature", "id": "w59434009", "properties": {"highway": "service", "walkable": true, "on_campus": true, "nodes": [736992792, 3082164856, 3082164858, 3082164855, 3082164859, 3082164857, 736992545]}, "geometry": {"type": "LineString", "coordinates": [[-82.4362611, 34.9233902], [-82.4359193, 34.9238291], [-82.4358197, 34.9239658], [-82.435681, 34.9241562], [-82.4355633, 34.9243278], [-82.4354245, 34.9245411], [-82.4351834, 34.9249214]]}}, {"type": "Feature", "id": "w59434014", "properties": {"highway": "service", "name": "Estridge Court", "surface": "asphalt", "walkable": true, "on_campus": true, "nodes": [736991842, 5733623453, 736992902, 736991439, 736992526, 736992284, 3085114790, 736992793, 736991639, 9036358796, 736992132, 736991472, 736992408, 736991738, 3085115104, 736992016, 736991310]}, "geometry": {"type": "LineString", "coordinates": [[-82.4356144, 34.9282573], [-82.4355615, 34.928268], [-82.4354087, 34.928299], [-82.4351424, 34.9282806], [-82.4349139, 34.9283229], [-82.4348715, 34.9283505], [-82.4348051, 34.9283937], [-82.4346802, 34.928475], [-82.4345829, 34.9285474], [-82.4341702, 34.9288383], [-82.4339036, 34.9290526], [-82.4337763, 34.9291605], [-82.4337146, 34.9292243], [-82.4336744, 34.9292924], [-82.4336435, 34.9293595], [-82.4336395, 34.9294288], [-82.4336488, 34.9295015]]}}, {"type": "Feature", "id": "w59434017", "properties": {"access": "private", "highway": "service", "walkable": true, "on_campus": true, "nodes": [736992185, 5733623454, 3092857930, 736993009, 3092857931, 3092857929, 736992103, 736992297, 736991400, 3079063890, 3092858056, 3092858062, 3092858057, 3092858059, 736991707, 3092858060, 3092858058, 3092858061, 736992765, 736993053]}, "geometry": {"type": "LineString", "coordinates": [[-82.4408223, 34.9239859], [-82.4407953, 34.9240127], [-82.440778, 34.9240299], [-82.440719, 34.9240684], [-82.4405903, 34.9241113], [-82.4404548, 34.9241575], [-82.4401947, 34.9242487], [-82.4400968, 34.9242795], [-82.4399748, 34.9243169], [-82.4399077, 34.9243433], [-82.4398822, 34.9243565], [-82.439842, 34.9243719], [-82.4397977, 34.9243884], [-82.4397414, 34.9244027], [-82.4396837, 34.9244115], [-82.4396354, 34.9244115], [-82.4395791, 34.9244049], [-82.4395308, 34.9243983], [-82.4394825, 34.9243807], [-82.4394101, 34.9243422]]}}, {"type": "Feature", "id": "w59434018", "properties": {"highway": "service", "walkable": true, "on_campus": true, "nodes": [736991607, 3085977455, 3086124741, 736991898, 3086124740, 736992956, 3086124742, 736991321, 736991496, 3086124739, 736992574, 3086124738, 736992845, 736992186, 3086124737, 3086124698, 3086461421, 736991404]}, "geometry": {"type": "LineString", "coordinates": [[-82.4381288, 34.9322271], [-82.4380179, 34.9322367], [-82.4379937, 34.9322554], [-82.4379683, 34.932284], [-82.4379428, 34.9323258], [-82.4379253, 34.9323774], [-82.4379146, 34.9324423], [-82.4379052, 34.9324973], [-82.4378811, 34.9326094], [-82.4378596, 34.9326754], [-82.4378261, 34.9327469], [-82.4377711, 34.932848], [-82.4377067, 34.9329448], [-82.437637, 34.9330283], [-82.4375565, 34.9331086], [-82.4374721, 34.9331856], [-82.4374191, 34.9332229], [-82.4373768, 34.9332526]]}}, {"type": "Feature", "id": "w59434020", "properties": {"highway": "service", "walkable": true, "on_campus": true, "nodes": [736992284, 736991599]}, "geometry": {"type": "LineString", "coordinates": [[-82.4348715, 34.9283505], [-82.4350259, 34.9285499]]}}, {"type": "Feature", "id": "w59434023", "properties": {"highway": "footway", "walkable": true, "on_campus": true, "nodes": [736992623, 3079063904, 736991831, 736992371]}, "geometry": {"type": "LineString", "coordinates": [[-82.4398436, 34.9252114], [-82.4398756, 34.9252307], [-82.4399645, 34.9252842], [-82.440065, 34.9253446]]}}, {"type": "Feature", "id": "w59434027", "properties": {"highway": "service", "walkable": true, "on_campus": true, "nodes": [736992876, 736992212, 736992504, 736991820, 736992108, 736991406, 736992771, 736993063, 736992384, 736992657]}, "geometry": {"type": "LineString", "coordinates": [[-82.4394004, 34.9253406], [-82.439453, 34.9253839], [-82.4394612, 34.9254391], [-82.4393842, 34.9255721], [-82.4392674, 34.9256915], [-82.4392165, 34.9257411], [-82.4391588, 34.9257445], [-82.4390598, 34.9257028], [-82.4389389, 34.925625], [-82.4389132, 34.9255512]]}}, {"type": "Feature", "id": "w59434029", "properties": {"highway": "service", "walkable": true, "on_campus": true, "nodes": [736991571, 736991379, 736992488]}, "geometry": {"type": "LineString", "coordinates": [[-82.4443074, 34.9217926], [-82.4442326, 34.9218312], [-82.4441674, 34.9218391]]}}, {"type": "Feature", "id": "w59434030", "properties": {"highway": "service", "walkable": true, "on_campus": true, "nodes": [736992232, 736991548]}, "geometry": {"type": "LineString", "coordinates": [[-82.4343641, 34.9270425], [-82.4339655, 34.9278642]]}}, {"type": "Feature", "id": "w59434032", "properties": {"access": "private", "highway": "service", "name": "Paladin Stadium Drive", "surface": "asphalt", "walkable": true, "on_campus": true, "nodes": [736992382, 3089529913, 736991711, 3089529912, 3089529911, 736991992, 3089529914, 736993060, 3089529917, 3089529915, 3089529916, 736991587, 3089529919, 3089529918, 3089529920, 736992655, 3089529921, 736991768]}, "geometry": {"type": "LineString", "coordinates": [[-82.4365026, 34.9194268], [-82.4364248, 34.9194917], [-82.4363511, 34.9195654], [-82.4362907, 34.9196633], [-82.4362505, 34.9197655], [-82.4361957, 34.9199702], [-82.4361821, 34.9200525], [-82.4361714, 34.9201306], [-82.4361646, 34.9201944], [-82.436162, 34.9202604], [-82.4361646, 34.9203253], [-82.4361767, 34.9203868], [-82.4361982, 34.9204451], [-82.4362317, 34.9205001], [-82.4362706, 34.9205518], [-82.4363175, 34.9206024], [-82.4363537, 34.9206376], [-82.4363913, 34.9206683]]}}, {"type": "Feature", "id": "w59434033", "properties": {"foot": "designated", "highway": "pedestrian", "name": "Mary Peace Sterling Circle", "surface": "paving_stones", "walkable": true, "on_campus": true, "nodes": [736991464, 736991807, 736992133, 3092857587, 736991440, 3092858066, 3092857586, 3092857610, 736992110, 3092857609, 3092857585, 3092857611, 736991409, 736991848, 3092858065, 736991715, 3092857584, 736992772, 3092858064, 3092857583, 736993066, 3092858063, 3092857582, 3092857588, 736992386, 736992662, 736992297, 736991996, 3092858055, 3092857589, 3092858054, 736992271, 3079063900, 3079063915, 736991958, 3079063920, 736992876, 736991480, 3078471863, 3092857590, 736992557, 3092857591, 736992657, 736992831, 3078317131, 3078471858, 3092857593, 736992171, 3092857592, 736992450, 3079063866, 3092857596, 736991777, 3092857595, 3092857594, 736992055, 736991351, 736991507, 3081860712, 736992153]}, "geometry": {"type": "LineString", "coordinates": [[-82.4386487, 34.924042], [-82.4386876, 34.9240011], [-82.4387795, 34.9239133], [-82.4388454, 34.9238605], [-82.4389313, 34.9238056], [-82.438981, 34.9237825], [-82.4390346, 34.9237638], [-82.4390869, 34.9237484], [-82.4391429, 34.9237363], [-82.4392076, 34.9237242], [-82.439278, 34.9237171], [-82.4393431, 34.9237143], [-82.4393977, 34.9237165], [-82.4394765, 34.9237215], [-82.4395348, 34.923733], [-82.439615, 34.9237572], [-82.4397179, 34.9237941], [-82.4398037, 34.9238314], [-82.43985, 34.9238573], [-82.4398922, 34.9238864], [-82.43997, 34.923959], [-82.4400056, 34.9240068], [-82.4400371, 34.9240602], [-82.4400612, 34.9241217], [-82.4400736, 34.9241728], [-82.440087, 34.924235], [-82.4400968, 34.9242795], [-82.4400994, 34.924362], [-82.4400927, 34.9244071], [-82.4400827, 34.924456], [-82.4400686, 34.9245016], [-82.4400482, 34.9245434], [-82.4400029, 34.924627], [-82.4398752, 34.9247908], [-82.4396938, 34.9250014], [-82.4395467, 34.9251751], [-82.4394004, 34.9253406], [-82.4393263, 34.9254016], [-82.4392136, 34.9254676], [-82.4391412, 34.9255006], [-82.4390608, 34.9255248], [-82.4389964, 34.925538], [-82.4389132, 34.9255512], [-82.438814, 34.9255534], [-82.4386936, 34.9255418], [-82.4385837, 34.9255143], [-82.4385055, 34.9254896], [-82.4384331, 34.9254522], [-82.4383661, 34.925417], [-82.4382936, 34.9253643], [-82.4381998, 34.9252763], [-82.4381434, 34.9251993], [-82.4381005, 34.9251223], [-82.4380818, 34.9250388], [-82.4380791, 34.9249662], [-82.4380973, 34.9248306], [-82.4381274, 34.9247089], [-82.438181, 34.9245967], [-82.4382215, 34.9245444], [-82.4382679, 34.9244944]]}}, {"type": "Feature", "id": "w59434034", "properties": {"highway": "service", "walkable": true, "on_campus": true, "nodes": [736992159, 736992958, 736992216, 736991609, 736992293]}, "geometry": {"type": "LineString", "coordinates": [[-82.4350015, 34.924852], [-82.4352962, 34.9243895], [-82.4356316, 34.9238853], [-82.4358538, 34.9236009], [-82.4360965, 34.9233001]]}}, {"type": "Feature", "id": "w59434037", "properties": {"highway": "service", "walkable": true, "on_campus": true, "nodes": [736991712, 736992915]}, "geometry": {"type": "LineString", "coordinates": [[-82.4346594, 34.9261203], [-82.4349159, 34.9262421]]}}, {"type": "Feature", "id": "w59434038", "properties": {"highway": "service", "walkable": true, "on_campus": true, "nodes": [736992329, 5733613549, 736992245, 3092857581, 3092857579, 736991563, 3092857580, 736991848]}, "geometry": {"type": "LineString", "coordinates": [[-82.439846, 34.9231766], [-82.4397738, 34.9232402], [-82.4396669, 34.9233344], [-82.4395933, 34.9234231], [-82.4395811, 34.9234378], [-82.4395249, 34.9235544], [-82.4394899, 34.9236423], [-82.4394765, 34.9237215]]}}, {"type": "Feature", "id": "w59434040", "properties": {"highway": "unclassified", "name": "William Mcalister Circle", "surface": "asphalt", "walkable": true, "on_campus": true, "nodes": [626034134, 3216889629, 736992224, 3216889630, 736991817, 3216889631, 736991805, 3216889632, 736991947, 3216889633, 736992722, 3216889634, 112684049, 736992613, 736992717, 3216889614, 736991504, 3216889615, 736992333, 3216889616, 736991648, 3216889617, 736991912, 3216889618, 736992887, 3216889619, 736992198, 3216889620, 112687442]}, "geometry": {"type": "LineString", "coordinates": [[-82.4348516, 34.9258167], [-82.434865, 34.9258525], [-82.4348816, 34.9258875], [-82.4349012, 34.9259213], [-82.4349238, 34.9259539], [-82.4349849, 34.9260216], [-82.4350587, 34.9260801], [-82.4351433, 34.9261279], [-82.4352363, 34.9261636], [-82.4353352, 34.9261862], [-82.4354373, 34.9261952], [-82.4355399, 34.9261903], [-82.43564, 34.9261716], [-82.4357231, 34.9261445], [-82.4358007, 34.9261079], [-82.435872, 34.9260617], [-82.4359344, 34.9260075], [-82.4359865, 34.9259464], [-82.4360272, 34.9258797], [-82.4360556, 34.9258089], [-82.436071, 34.9257355], [-82.4360733, 34.925661], [-82.4360622, 34.925587], [-82.4360476, 34.9255387], [-82.4360273, 34.9254918], [-82.4360015, 34.9254468], [-82.4359704, 34.925404], [-82.4359345, 34.9253639], [-82.4358939, 34.9253269]]}}, {"type": "Feature", "id": "w59434041", "properties": {"highway": "service", "walkable": true, "on_campus": true, "nodes": [736991404, 736991713, 3086124716, 736992770, 3086124717, 3086461465, 736993062, 3086124718, 736992383]}, "geometry": {"type": "LineString", "coordinates": [[-82.4373768, 34.9332526], [-82.4375126, 34.9333824], [-82.4374345, 34.933445], [-82.437342, 34.9335044], [-82.4372052, 34.9335682], [-82.4371883, 34.933575], [-82.4370577, 34.9336275], [-82.4368887, 34.933677], [-82.4367116, 34.9337122]]}}, {"type": "Feature", "id": "w59434042", "properties": {"foot": "designated", "highway": "footway", "walkable": true, "on_campus": true, "nodes": [736992996, 3222068306, 3089529501, 3089529495, 3089529500, 736992086, 3089529496, 3089529498, 736992366, 3089529499, 3089529497, 736991688, 736992337, 3092428187, 736991874]}, "geometry": {"type": "LineString", "coordinates": [[-82.4382751, 34.9201156], [-82.4382664, 34.9201437], [-82.4382662, 34.9201708], [-82.4382702, 34.920229], [-82.4382836, 34.9202895], [-82.4382997, 34.9203445], [-82.4383252, 34.9204314], [-82.4383426, 34.9204787], [-82.4383439, 34.9205182], [-82.4383252, 34.92056], [-82.4382957, 34.9205996], [-82.4382179, 34.92067], [-82.4376522, 34.9211038], [-82.4375503, 34.9211541], [-82.4375217, 34.9211682]]}}, {"type": "Feature", "id": "w59434044", "properties": {"highway": "service", "walkable": true, "on_campus": true, "nodes": [736991501, 9073611524, 736992581, 736992617, 736991548, 736991428, 736992125, 736992011, 3085114785, 736991606, 736992858, 736992196, 13682842521, 112684052]}, "geometry": {"type": "LineString", "coordinates": [[-82.4335291, 34.9276963], [-82.4335869, 34.9277224], [-82.4337385, 34.927791], [-82.4337677, 34.9278004], [-82.4339655, 34.9278642], [-82.4341463, 34.9279225], [-82.4343374, 34.9279841], [-82.4345434, 34.9280506], [-82.4346393, 34.9280815], [-82.4347169, 34.9281065], [-82.43496, 34.928139], [-82.4351907, 34.9281049], [-82.4353515, 34.9280382], [-82.4354092, 34.9280143]]}}, {"type": "Feature", "id": "w59434046", "properties": {"highway": "service", "walkable": true, "on_campus": true, "nodes": [736992338, 736992617]}, "geometry": {"type": "LineString", "coordinates": [[-82.4341634, 34.9269705], [-82.4337677, 34.9278004]]}}, {"type": "Feature", "id": "w59434051", "properties": {"highway": "service", "walkable": true, "on_campus": true, "nodes": [736991977, 736992604, 3086124526, 736993037, 3086124654, 3086124525, 3086124656, 736991575, 3086124655, 736992644, 3086124653, 3086124658, 3086124657, 3086124659, 3086124650, 3086124660, 736992257, 3086124661, 736992542, 3086124663, 3086124662, 3086124664, 736991862, 3086124665, 3086289215, 736992154, 736991466, 3734891925, 3086124666, 3086124667, 3086124687, 736991759, 3086124686, 736992815, 736991330, 736992433]}, "geometry": {"type": "LineString", "coordinates": [[-82.4367959, 34.9298076], [-82.4366661, 34.929875], [-82.4365708, 34.9299157], [-82.4365427, 34.9299454], [-82.4364904, 34.9300311], [-82.4364475, 34.930118], [-82.4364233, 34.9301664], [-82.4364072, 34.9302213], [-82.4363911, 34.930306], [-82.4363871, 34.9303907], [-82.4363914, 34.9305171], [-82.4364059, 34.9305963], [-82.4364153, 34.9306743], [-82.4364247, 34.9307546], [-82.4364247, 34.9308338], [-82.4364112, 34.9309558], [-82.4363884, 34.9310768], [-82.4363536, 34.9311878], [-82.436306, 34.9312947], [-82.4362664, 34.931367], [-82.4362221, 34.9314385], [-82.4361739, 34.9315045], [-82.4361135, 34.9315682], [-82.436017, 34.9316639], [-82.4358948, 34.9317657], [-82.4357635, 34.9318651], [-82.435502, 34.932041], [-82.4354435, 34.9320867], [-82.435388, 34.9321301], [-82.4353357, 34.9321817], [-82.4353182, 34.9322103], [-82.4353115, 34.9322378], [-82.4353182, 34.932262], [-82.4353464, 34.9322774], [-82.4354537, 34.9322994], [-82.4354993, 34.9323082]]}}, {"type": "Feature", "id": "w59434052", "properties": {"highway": "footway", "walkable": true, "on_campus": true, "nodes": [736993051, 736991438]}, "geometry": {"type": "LineString", "coordinates": [[-82.4381637, 34.919464], [-82.438067, 34.9195293]]}}, {"type": "Feature", "id": "w59434054", "properties": {"highway": "service", "walkable": true, "on_campus": true, "nodes": [736992865, 736991388, 3086124709, 736992495, 3086124710, 736992096, 736992374]}, "geometry": {"type": "LineString", "coordinates": [[-82.4367385, 34.9342828], [-82.4365226, 34.934241], [-82.4365507, 34.9341564], [-82.4365614, 34.9340585], [-82.4365561, 34.9339882], [-82.436544, 34.9339189], [-82.4367559, 34.9339101]]}}, {"type": "Feature", "id": "w59434055", "properties": {"highway": "service", "walkable": true, "on_campus": true, "nodes": [736991780, 3089529509, 736992832, 3089529468, 3089529469, 736991353, 3089529467, 736992452, 736992726]}, "geometry": {"type": "LineString", "coordinates": [[-82.4385578, 34.9209218], [-82.4386061, 34.9208932], [-82.4386705, 34.9208459], [-82.4387409, 34.9207964], [-82.4387825, 34.9207712], [-82.4388254, 34.9207536], [-82.438875, 34.9207492], [-82.4389249, 34.920751], [-82.4390618, 34.9207761]]}}, {"type": "Feature", "id": "w59434060", "properties": {"highway": "service", "walkable": true, "on_campus": true, "nodes": [736992383, 3086124725, 3086124719, 3086124724, 736992140, 3086124723, 736992777, 3086124722, 736992116, 3086124721, 736992391, 3086124720, 736991718, 736991819]}, "geometry": {"type": "LineString", "coordinates": [[-82.4367116, 34.9337122], [-82.4366312, 34.9337254], [-82.4365467, 34.9337342], [-82.4364622, 34.9337375], [-82.4363683, 34.9337364], [-82.4362302, 34.9337298], [-82.436084, 34.9337155], [-82.4359338, 34.9336902], [-82.4357809, 34.9336583], [-82.4356146, 34.9336078], [-82.435443, 34.9335407], [-82.4353196, 34.9334681], [-82.4351922, 34.9333769], [-82.4353156, 34.9332636]]}}, {"type": "Feature", "id": "w59434061", "properties": {"highway": "footway", "walkable": true, "on_campus": true, "nodes": [736991490, 736992569, 736992839, 736992180]}, "geometry": {"type": "LineString", "coordinates": [[-82.4354919, 34.9285362], [-82.4354706, 34.928568], [-82.4354345, 34.9285891], [-82.4354311, 34.9286469]]}}, {"type": "Feature", "id": "w59434062", "properties": {"highway": "service", "walkable": true, "on_campus": true, "nodes": [736992369, 736992118, 6486416408, 736992394, 736991721]}, "geometry": {"type": "LineString", "coordinates": [[-82.4436812, 34.9214001], [-82.4437053, 34.921289], [-82.4438249, 34.9212079], [-82.4440232, 34.9210691], [-82.4441344, 34.9209811]]}}, {"type": "Feature", "id": "w59434066", "properties": {"highway": "steps", "walkable": true, "on_campus": true, "nodes": [736991930, 736991308]}, "geometry": {"type": "LineString", "coordinates": [[-82.439927, 34.9250525], [-82.4398901, 34.9250944]]}}, {"type": "Feature", "id": "w59434067", "properties": {"highway": "service", "walkable": true, "on_campus": true, "nodes": [736992745, 3088001462, 3088001392, 3088001463, 736991318, 3088001464, 3088001393, 3088001465, 736992421, 3088001394, 736992698, 736992026]}, "geometry": {"type": "LineString", "coordinates": [[-82.4395222, 34.9171475], [-82.4395021, 34.9171789], [-82.4394866, 34.917213], [-82.4394773, 34.9172795], [-82.4394659, 34.9173444], [-82.4394444, 34.9174115], [-82.4394162, 34.9174769], [-82.4393834, 34.9175407], [-82.4393458, 34.9176012], [-82.4392962, 34.9176649], [-82.4392338, 34.9177249], [-82.4391185, 34.9178101]]}}, {"type": "Feature", "id": "w59434069", "properties": {"highway": "pedestrian", "name": "Paladin Plaza", "walkable": true, "on_campus": true, "nodes": [4485992469, 4489604914, 3222068320, 736992101, 3222068321, 736992625, 3222068322, 736991706, 3222068323, 3222068291, 3222068324, 4489604916, 3222068325, 3089529522, 3222068326, 3222068303, 3222068327, 4489604897, 4485992465, 3222068328, 3089529483, 4485992481, 4485992454, 4485992479, 4489604918, 4485992480, 4489604915, 4489612184, 736992763, 3222068332, 3222068333, 736992240, 4489922025, 4485992473, 3222068312, 736991556, 3222068313, 3089529477, 3222068314, 4489922023, 4491522625, 4491522629, 4491522631, 4491522630, 4491522628, 3222068316, 3089529480, 3222068317, 4485992457, 3222068318, 736992525, 3222068319, 4485992469]}, "geometry": {"type": "LineString", "coordinates": [[-82.4381436, 34.9194296], [-82.4381422, 34.9194222], [-82.4381416, 34.9194146], [-82.4381433, 34.9193994], [-82.4381465, 34.9193891], [-82.438151, 34.91938], [-82.4381569, 34.9193714], [-82.4381641, 34.9193634], [-82.4381724, 34.9193563], [-82.4381818, 34.9193501], [-82.438192, 34.9193449], [-82.4382029, 34.9193407], [-82.4382144, 34.9193378], [-82.4382286, 34.9193359], [-82.4382389, 34.9193355], [-82.4382491, 34.9193361], [-82.4382582, 34.9193375], [-82.4382642, 34.9193387], [-82.4382701, 34.9193403], [-82.4382815, 34.9193445], [-82.4382929, 34.9193503], [-82.4383019, 34.9193563], [-82.43831, 34.9193631], [-82.4383169, 34.9193707], [-82.4383227, 34.9193789], [-82.4383273, 34.9193878], [-82.4383305, 34.9193968], [-82.4383323, 34.9194062], [-82.4383327, 34.9194157], [-82.4383319, 34.9194245], [-82.4383298, 34.9194331], [-82.4383266, 34.9194415], [-82.438321, 34.9194515], [-82.4383162, 34.9194576], [-82.4383138, 34.9194607], [-82.4383051, 34.919469], [-82.438295, 34.9194763], [-82.4382838, 34.9194823], [-82.4382717, 34.919487], [-82.4382595, 34.9194901], [-82.4382457, 34.9194919], [-82.4382324, 34.9194922], [-82.4382191, 34.9194908], [-82.4382175, 34.9194904], [-82.4382062, 34.919488], [-82.4381938, 34.9194837], [-82.438184, 34.919479], [-82.4381752, 34.9194736], [-82.4381663, 34.9194664], [-82.4381585, 34.9194583], [-82.4381515, 34.9194485], [-82.4381459, 34.919437], [-82.4381436, 34.9194296]]}}, {"type": "Feature", "id": "w59434071", "properties": {"highway": "service", "name": "Furman Lake Lane", "surface": "asphalt", "walkable": true, "on_campus": true, "nodes": [736992851, 736991376, 736992483, 3109824627, 736992746, 3109824628, 3078471843, 736992081, 3109824626, 736992359, 3109824625, 736991680, 3109824624, 736991968, 3109824622, 736993021, 3109824623, 736991565, 6486416425, 6486416424, 6486416426, 6486416434, 736992532, 5733623455, 736991998, 736991850]}, "geometry": {"type": "LineString", "coordinates": [[-82.4361227, 34.9288268], [-82.4365881, 34.9285299], [-82.4371151, 34.9282507], [-82.4373911, 34.9281472], [-82.437582, 34.9280854], [-82.4376328, 34.9280703], [-82.4377268, 34.9280425], [-82.4379266, 34.9279688], [-82.4380916, 34.9278918], [-82.4382405, 34.9277973], [-82.4383585, 34.9276961], [-82.4384666, 34.9275879], [-82.438569, 34.9274674], [-82.4386562, 34.9273355], [-82.4387192, 34.927187], [-82.4387689, 34.927032], [-82.4388037, 34.9268539], [-82.4388214, 34.9267827], [-82.4388166, 34.9266547], [-82.4387958, 34.9266006], [-82.4387743, 34.9265448], [-82.4387166, 34.9264708], [-82.4384967, 34.9263609], [-82.4383872, 34.926323], [-82.4379009, 34.9261833], [-82.4376129, 34.9260845]]}}, {"type": "Feature", "id": "w59434072", "properties": {"highway": "service", "walkable": true, "on_campus": true, "nodes": [736991502, 3110316760, 736991721]}, "geometry": {"type": "LineString", "coordinates": [[-82.4438623, 34.9207338], [-82.4439206, 34.9207884], [-82.4441344, 34.9209811]]}}, {"type": "Feature", "id": "w59434079", "properties": {"highway": "service", "walkable": true, "on_campus": true, "nodes": [3110316771, 736993028, 736991571]}, "geometry": {"type": "LineString", "coordinates": [[-82.4444774, 34.9219729], [-82.4444518, 34.9219457], [-82.4443074, 34.9217926]]}}, {"type": "Feature", "id": "w59434081", "properties": {"highway": "footway", "walkable": true, "on_campus": true, "nodes": [736992361, 736992420, 736992697, 736992025, 736992302]}, "geometry": {"type": "LineString", "coordinates": [[-82.435529, 34.9285314], [-82.4355324, 34.9285694], [-82.4355496, 34.9285962], [-82.435529, 34.9286286], [-82.4355015, 34.9286529]]}}, {"type": "Feature", "id": "w59434083", "properties": {"highway": "service", "walkable": true, "on_campus": true, "nodes": [736992143, 736992419]}, "geometry": {"type": "LineString", "coordinates": [[-82.4396381, 34.9203962], [-82.4397867, 34.920511]]}}, {"type": "Feature", "id": "w59434084", "properties": {"highway": "service", "walkable": true, "on_campus": true, "nodes": [736992612, 736991946, 736992223, 736991541]}, "geometry": {"type": "LineString", "coordinates": [[-82.4376965, 34.9213042], [-82.4373252, 34.9216065], [-82.4368264, 34.9220772], [-82.4363117, 34.9226022]]}}, {"type": "Feature", "id": "w59434088", "properties": {"highway": "footway", "walkable": true, "on_campus": true, "nodes": [736992191, 3220898301, 736991905, 3220898300, 736991637, 3220898299, 3092858051, 3220898298, 736992481, 3220898302, 3079063903, 3220898303, 736991936, 3220898304, 3079063902, 3220898305, 3092858047, 3220898306, 736991804, 3220898287, 736991794, 3220898288, 736992959, 3220898289, 736992988, 3220898290, 3092858048, 3220898291, 736992078, 3220898292, 736991336, 3220898293, 736991527, 3220898294, 3092858049, 3220898295, 3092858050, 3220898296, 736991823, 3220898297, 736992191]}, "geometry": {"type": "LineString", "coordinates": [[-82.4400069, 34.9251562], [-82.440015, 34.925152], [-82.4400232, 34.9251491], [-82.4400318, 34.9251472], [-82.4400411, 34.9251463], [-82.4400504, 34.9251466], [-82.4400593, 34.925148], [-82.4400679, 34.9251505], [-82.440077, 34.9251546], [-82.4400842, 34.9251591], [-82.4400909, 34.9251648], [-82.4400964, 34.9251713], [-82.4401005, 34.9251784], [-82.4401032, 34.925186], [-82.4401045, 34.9251938], [-82.4401043, 34.9252016], [-82.4401026, 34.9252092], [-82.4400995, 34.9252166], [-82.4400951, 34.9252234], [-82.4400893, 34.9252297], [-82.4400817, 34.9252356], [-82.4400729, 34.9252404], [-82.4400645, 34.9252436], [-82.4400556, 34.9252457], [-82.4400454, 34.9252466], [-82.4400351, 34.9252462], [-82.4400259, 34.9252446], [-82.4400171, 34.9252418], [-82.4400062, 34.9252363], [-82.4399999, 34.9252317], [-82.4399935, 34.9252256], [-82.4399885, 34.9252186], [-82.4399852, 34.9252118], [-82.439983, 34.9252047], [-82.4399822, 34.9251969], [-82.4399829, 34.9251891], [-82.4399849, 34.9251818], [-82.4399882, 34.9251748], [-82.4399937, 34.9251673], [-82.4399998, 34.9251613], [-82.4400069, 34.9251562]]}}, {"type": "Feature", "id": "w59434089", "properties": {"highway": "service", "name": "Dave Garrett Drive", "surface": "asphalt", "walkable": true, "on_campus": true, "nodes": [736992123, 736992400, 3085520126, 11393387749, 736991727, 736992571, 3109824257, 3109824258, 3109824259, 3109824260, 3109824243, 3109824246, 3109824247, 3109824248, 3109824249, 3109824250, 3109824244, 3109824245, 3109824251, 3109824252, 3109824253, 3109824254, 3109824255, 3109824256, 736992571]}, "geometry": {"type": "LineString", "coordinates": [[-82.4371808, 34.9303452], [-82.4383931, 34.929808], [-82.4384714, 34.9297675], [-82.4385351, 34.9297425], [-82.4386819, 34.929685], [-82.4388834, 34.9296486], [-82.4388903, 34.9296685], [-82.4389047, 34.9296855], [-82.4389251, 34.9296977], [-82.4389492, 34.9297038], [-82.4389744, 34.9297032], [-82.438998, 34.9296959], [-82.4390174, 34.9296828], [-82.4390306, 34.9296652], [-82.4390361, 34.9296451], [-82.4390333, 34.9296245], [-82.4390226, 34.9296059], [-82.439005, 34.929591], [-82.4389825, 34.9295816], [-82.4389575, 34.9295788], [-82.4389327, 34.9295828], [-82.4389108, 34.9295931], [-82.4388942, 34.9296087], [-82.4388847, 34.9296279], [-82.4388834, 34.9296486]]}}, {"type": "Feature", "id": "w59434090", "properties": {"highway": "service", "walkable": true, "on_campus": true, "nodes": [736991606, 736992681, 736992954, 736992289]}, "geometry": {"type": "LineString", "coordinates": [[-82.4347169, 34.9281065], [-82.4349976, 34.9276479], [-82.4350325, 34.9274674], [-82.4349019, 34.927314]]}}, {"type": "Feature", "id": "w59434091", "properties": {"highway": "service", "walkable": true, "on_campus": true, "nodes": [736992383, 736992374, 3086124712, 736992728, 3086461459, 3086124711, 736992865, 3086461456, 736992339]}, "geometry": {"type": "LineString", "coordinates": [[-82.4367116, 34.9337122], [-82.4367559, 34.9339101], [-82.436768, 34.9340113], [-82.436768, 34.9341135], [-82.436766, 34.934129], [-82.4367572, 34.934196], [-82.4367385, 34.9342828], [-82.4366933, 34.9344008], [-82.4365011, 34.9349018]]}}, {"type": "Feature", "id": "w59434092", "properties": {"highway": "footway", "walkable": true, "on_campus": true, "nodes": [736992078, 736991831, 736991679]}, "geometry": {"type": "LineString", "coordinates": [[-82.4400062, 34.9252363], [-82.4399645, 34.9252842], [-82.4398965, 34.9253634]]}}, {"type": "Feature", "id": "w59434094", "properties": {"foot": "designated", "highway": "path", "walkable": true, "on_campus": true, "nodes": [736992915, 736992667]}, "geometry": {"type": "LineString", "coordinates": [[-82.4349159, 34.9262421], [-82.4350976, 34.9263741]]}}, {"type": "Feature", "id": "w59434097", "properties": {"highway": "service", "walkable": true, "on_campus": true, "nodes": [736992709, 736992038, 736992691, 3079064340, 736992021, 736992299]}, "geometry": {"type": "LineString", "coordinates": [[-82.4390584, 34.9219025], [-82.4391032, 34.9219917], [-82.4392266, 34.9221017], [-82.4392748, 34.9221215], [-82.4393258, 34.9221138], [-82.4396959, 34.9218367]]}}, {"type": "Feature", "id": "w59434098", "properties": {"highway": "service", "walkable": true, "on_campus": true, "nodes": [736991721, 736991802, 3110316772, 736992859, 736991571]}, "geometry": {"type": "LineString", "coordinates": [[-82.4441344, 34.9209811], [-82.4446749, 34.9214748], [-82.4446856, 34.9215089], [-82.4446588, 34.9215452], [-82.4443074, 34.9217926]]}}, {"type": "Feature", "id": "w59434100", "properties": {"highway": "unclassified", "name": "Milford Mall Avenue", "surface": "asphalt", "walkable": true, "on_campus": true, "nodes": [736991861, 3083000964, 5733633336, 3081860708, 736992153]}, "geometry": {"type": "LineString", "coordinates": [[-82.4369709, 34.9237758], [-82.4373684, 34.9239982], [-82.4376847, 34.9241727], [-82.4379608, 34.924325], [-82.4382679, 34.9244944]]}}, {"type": "Feature", "id": "w59434101", "properties": {"highway": "steps", "walkable": true, "on_campus": true, "nodes": [736991665, 736991542]}, "geometry": {"type": "LineString", "coordinates": [[-82.4398648, 34.9251231], [-82.4398291, 34.9251636]]}}, {"type": "Feature", "id": "w59434103", "properties": {"highway": "footway", "walkable": true, "on_campus": true, "nodes": [736992685, 3079063905, 736992779, 736992015]}, "geometry": {"type": "LineString", "coordinates": [[-82.4400043, 34.9250331], [-82.4400329, 34.9250493], [-82.4401235, 34.9251007], [-82.4402289, 34.9251604]]}}, {"type": "Feature", "id": "w59434105", "properties": {"highway": "service", "walkable": true, "on_campus": true, "nodes": [3086124668, 736992433, 3086124688, 3086124670, 3086124669, 3734891926, 3086124671, 736991369, 736992471, 3086124672, 3086124685, 736992736, 3086124684, 736992071, 736992350, 3086124675, 736991671, 3086124674, 736991961, 3086124673, 3084659117, 3086124683, 736991939, 3086124681, 736992991, 3086124682, 736991532, 3086124678, 3086124676, 3086124679, 3086124527, 3086124680, 3086124677, 736992604]}, "geometry": {"type": "LineString", "coordinates": [[-82.4355409, 34.9326358], [-82.4354993, 34.9323082], [-82.4355073, 34.9322873], [-82.4355207, 34.9322664], [-82.4355503, 34.9322356], [-82.4355776, 34.9322107], [-82.4355865, 34.9322026], [-82.4357031, 34.932118], [-82.4358989, 34.9319937], [-82.4360518, 34.9318904], [-82.4361216, 34.9318354], [-82.4361859, 34.9317771], [-82.4362637, 34.9317024], [-82.4363308, 34.9316199], [-82.4364247, 34.9314902], [-82.4364743, 34.9314011], [-82.4365185, 34.9313142], [-82.4365614, 34.9312208], [-82.4365977, 34.9311163], [-82.4366205, 34.9309855], [-82.4366312, 34.9308404], [-82.4366231, 34.9306754], [-82.4366057, 34.9305127], [-82.4365977, 34.9303962], [-82.4366124, 34.9302774], [-82.4366298, 34.9302115], [-82.4366567, 34.9301521], [-82.4367009, 34.9300861], [-82.436721, 34.9300575], [-82.4367277, 34.9300289], [-82.4367291, 34.9300014], [-82.4367188, 34.929969], [-82.436696, 34.9299273], [-82.4366661, 34.929875]]}}, {"type": "Feature", "id": "w59434106", "properties": {"highway": "service", "name": "Paladin Stadium Drive", "surface": "asphalt", "walkable": true, "on_campus": true, "nodes": [736991768, 3089529922, 736992932, 736992266, 736992551, 736991874]}, "geometry": {"type": "LineString", "coordinates": [[-82.4363913, 34.9206683], [-82.4364892, 34.9207409], [-82.4365951, 34.9208069], [-82.4367775, 34.9209026], [-82.4371933, 34.9210587], [-82.4375217, 34.9211682]]}}, {"type": "Feature", "id": "w59434107", "properties": {"highway": "service", "walkable": true, "on_campus": true, "nodes": [736992993, 3216889535, 3084658097, 3218522148, 3216889511, 3084658098, 3216889512, 736992327, 3216889513, 3218522130, 3084658099, 3216889514, 3084658100, 3216889515, 3220898098, 736991941, 3220898274, 3220898270, 3220898273, 3220898269, 3220898272, 3220898271, 3220898275, 3220898097, 3220898096, 3220898282, 3220898278, 3220898281, 3220898276, 3220898280, 3220898277, 3220898279, 3218522155, 3218522157, 3218522111, 3216889508, 3084658095, 3216889509, 736991413, 3216889510, 3084658096, 3216889536, 736992993]}, "geometry": {"type": "LineString", "coordinates": [[-82.43708, 34.9265463], [-82.4370719, 34.9265606], [-82.4370658, 34.9265756], [-82.4370617, 34.9265912], [-82.4370596, 34.9266069], [-82.4370596, 34.9266227], [-82.4370638, 34.926647], [-82.4370659, 34.9266538], [-82.4370759, 34.926676], [-82.4370801, 34.926683], [-82.4370907, 34.9266974], [-82.4371012, 34.9267087], [-82.4371142, 34.9267201], [-82.4371285, 34.9267301], [-82.4371623, 34.9267471], [-82.4373419, 34.9268097], [-82.4373577, 34.9268106], [-82.4373731, 34.9268095], [-82.4373859, 34.9268059], [-82.4373979, 34.9268004], [-82.437409, 34.9267921], [-82.437419, 34.9267825], [-82.4374274, 34.9267729], [-82.437436, 34.9267608], [-82.4375048, 34.9266213], [-82.4375072, 34.9266104], [-82.4375089, 34.9265984], [-82.4375089, 34.9265882], [-82.4375072, 34.9265761], [-82.4375049, 34.9265651], [-82.4374988, 34.9265541], [-82.4374915, 34.9265439], [-82.4374791, 34.9265343], [-82.4372959, 34.9264763], [-82.4372733, 34.9264712], [-82.4372398, 34.9264683], [-82.4372059, 34.9264706], [-82.4371872, 34.9264743], [-82.4371729, 34.9264783], [-82.4371421, 34.9264911], [-82.4371147, 34.9265087], [-82.4371002, 34.9265215], [-82.43708, 34.9265463]]}}, {"type": "Feature", "id": "w59434108", "properties": {"highway": "service", "walkable": true, "on_campus": true, "nodes": [736991728, 736992289, 736992011]}, "geometry": {"type": "LineString", "coordinates": [[-82.4349564, 34.927202], [-82.4349019, 34.927314], [-82.4345434, 34.9280506]]}}, {"type": "Feature", "id": "w59434110", "properties": {"access": "private", "highway": "service", "walkable": true, "on_campus": true, "nodes": [736991966, 736993016, 736991561]}, "geometry": {"type": "LineString", "coordinates": [[-82.4372657, 34.9173276], [-82.4368902, 34.9175717], [-82.4368821, 34.9177565]]}}, {"type": "Feature", "id": "w59434111", "properties": {"highway": "service", "walkable": true, "on_campus": true, "nodes": [3222136236, 736991924, 736992973, 736991899, 736991619, 736992745, 736992079, 736992360, 3088001386, 3088001380, 3088001387, 3088001377, 3088001390, 736991681, 736991967, 3088001388, 3088001381, 3088001389, 736993020, 736991564, 3088001383, 3088001378, 3088001382, 736992633, 736992910, 3088001384, 3088001379, 3088001385, 736992248, 736992079]}, "geometry": {"type": "LineString", "coordinates": [[-82.438431, 34.9168044], [-82.438635, 34.9168649], [-82.4388617, 34.9169271], [-82.4390776, 34.9169914], [-82.4392915, 34.9170574], [-82.4395222, 34.9171475], [-82.4396717, 34.9172042], [-82.4396543, 34.9172399], [-82.4396496, 34.9172636], [-82.4396509, 34.9172861], [-82.4396677, 34.9173037], [-82.4396878, 34.9173174], [-82.4397126, 34.9173279], [-82.4397368, 34.9173361], [-82.4397824, 34.9173477], [-82.4398052, 34.917351], [-82.4398253, 34.9173488], [-82.4398407, 34.9173383], [-82.4398508, 34.9173246], [-82.4399118, 34.9172284], [-82.4399165, 34.9172163], [-82.4399158, 34.917202], [-82.4399077, 34.917191], [-82.439891, 34.9171811], [-82.4397743, 34.9171321], [-82.4397488, 34.9171272], [-82.4397233, 34.9171338], [-82.4397079, 34.9171481], [-82.4396952, 34.9171651], [-82.4396717, 34.9172042]]}}, {"type": "Feature", "id": "w59434112", "properties": {"highway": "service", "walkable": true, "on_campus": true, "nodes": [736992667, 3663527721, 736992536]}, "geometry": {"type": "LineString", "coordinates": [[-82.4350976, 34.9263741], [-82.4354188, 34.9264527], [-82.4355097, 34.9264771]]}}, {"type": "Feature", "id": "w59434113", "properties": {"highway": "service", "walkable": true, "on_campus": true, "nodes": [736992195, 3078471983, 736991291]}, "geometry": {"type": "LineString", "coordinates": [[-82.4365516, 34.9258012], [-82.4365105, 34.925881], [-82.4363058, 34.9262781]]}}, {"type": "Feature", "id": "w598071032", "properties": {"highway": "residential", "name": "Boucher Street", "surface": "asphalt", "walkable": true, "on_campus": false, "nodes": [5692895385, 5692895382, 5692895381, 5692895380, 5692895379, 5692895378, 5692895377, 5692895376, 5692895375, 5692895388]}, "geometry": {"type": "LineString", "coordinates": [[-82.4568906, 34.9332567], [-82.4571803, 34.9332369], [-82.4573493, 34.9331775], [-82.4574405, 34.9331028], [-82.4575049, 34.9329752], [-82.4575156, 34.9328411], [-82.4574941, 34.932751], [-82.4573976, 34.93263], [-82.4572715, 34.9325574], [-82.4569309, 34.9324673]]}}, {"type": "Feature", "id": "w604190923", "properties": {"highway": "service", "walkable": true, "on_campus": true, "nodes": [736992943, 736992195]}, "geometry": {"type": "LineString", "coordinates": [[-82.4363266, 34.925709], [-82.4365516, 34.9258012]]}}, {"type": "Feature", "id": "w60451086", "properties": {"foot": "designated", "highway": "path", "walkable": true, "on_campus": true, "nodes": [753435081, 753435202, 753435151, 753435113, 753435087, 753435172, 753435140, 753435104, 753435031]}, "geometry": {"type": "LineString", "coordinates": [[-82.4454192, 34.921697], [-82.4455328, 34.9217101], [-82.445774, 34.9217634], [-82.4461789, 34.9218264], [-82.4466442, 34.9219217], [-82.4471398, 34.9220095], [-82.4475377, 34.9220381], [-82.4480146, 34.9220438], [-82.4481528, 34.92205]]}}, {"type": "Feature", "id": "w60472224", "properties": {"highway": "service", "walkable": true, "on_campus": true, "nodes": [753977268, 112709183]}, "geometry": {"type": "LineString", "coordinates": [[-82.4494819, 34.9228621], [-82.449796, 34.922728]]}}, {"type": "Feature", "id": "w60472225", "properties": {"highway": "service", "walkable": true, "on_campus": true, "nodes": [753977304, 753977268, 753977297, 753977299, 753977312, 753977291, 753977343, 753977319, 753977324, 753977273, 753977305, 753977282, 753977335, 753977339, 753977315, 753977293, 753977273]}, "geometry": {"type": "LineString", "coordinates": [[-82.4495189, 34.9229482], [-82.4494819, 34.9228621], [-82.4494142, 34.9227048], [-82.4492918, 34.9225505], [-82.449278, 34.9225331], [-82.4491418, 34.9223699], [-82.4490929, 34.9222038], [-82.449044, 34.9218975], [-82.4489917, 34.9216312], [-82.4489739, 34.9215995], [-82.4489323, 34.9215252], [-82.4487542, 34.9214136], [-82.4486984, 34.9214422], [-82.4486774, 34.9215424], [-82.4487265, 34.921587], [-82.4488909, 34.9216031], [-82.4489739, 34.9215995]]}}, {"type": "Feature", "id": "w60472227", "properties": {"highway": "service", "walkable": true, "on_campus": true, "nodes": [753977299, 753977316, 753977295, 753977276, 753977320, 753977331, 753977309, 753977287, 753977342, 753977323, 753977302, 753977279, 753977300, 753977328, 753435031, 753977327, 753977308, 753977285, 753977337, 753977280, 753977333, 753977311, 753977289, 753977300]}, "geometry": {"type": "LineString", "coordinates": [[-82.4492918, 34.9225505], [-82.4490197, 34.9226908], [-82.4487282, 34.9228154], [-82.4486442, 34.9229078], [-82.4485781, 34.9229708], [-82.4484994, 34.9230118], [-82.4483796, 34.923025], [-82.4483331, 34.9229767], [-82.4482437, 34.9227905], [-82.4482169, 34.9226263], [-82.4482402, 34.9224812], [-82.448199, 34.9222906], [-82.4481783, 34.9221568], [-82.448174, 34.9221294], [-82.4481528, 34.92205], [-82.4481508, 34.9219564], [-82.4482491, 34.9219021], [-82.448435, 34.9218802], [-82.4486085, 34.9218772], [-82.4486675, 34.9219329], [-82.4486514, 34.9220297], [-82.4486228, 34.9221206], [-82.4485298, 34.9221411], [-82.4481783, 34.9221568]]}}, {"type": "Feature", "id": "w617588523", "properties": {"highway": "trunk_link", "name": "Paladin Parkway", "surface": "asphalt", "walkable": false, "on_campus": true, "nodes": [5837971175, 736992315]}, "geometry": {"type": "LineString", "coordinates": [[-82.4328755, 34.9247969], [-82.4345351, 34.9253729]]}}, {"type": "Feature", "id": "w617588524", "properties": {"highway": "trunk_link", "name": "Paladin Parkway", "surface": "asphalt", "walkable": false, "on_campus": false, "nodes": [5837971175, 5837971174, 5837971173, 5837971172, 5837971171, 5837971170, 5837971169, 5837971168, 5837971167, 5837971166, 5837971165, 5837971164, 5837971163, 5837971162, 5837971161, 626034125, 626034127, 626034128, 626034129, 626034131]}, "geometry": {"type": "LineString", "coordinates": [[-82.4328755, 34.9247969], [-82.4326126, 34.9246815], [-82.432453, 34.9245969], [-82.4323457, 34.92451], [-82.4322499, 34.9243852], [-82.4321955, 34.9242868], [-82.4321681, 34.9241675], [-82.4321667, 34.9240262], [-82.4321915, 34.9239404], [-82.4322881, 34.9237546], [-82.4323753, 34.9236039], [-82.4324792, 34.923444], [-82.432557, 34.923367], [-82.4326079, 34.9233285], [-82.4327187, 34.9232817], [-82.4327633, 34.9232806], [-82.4328357, 34.9233026], [-82.4328813, 34.9233422], [-82.4329162, 34.9234015], [-82.4329661, 34.9235468]]}}, {"type": "Feature", "id": "w682357502", "properties": {"highway": "residential", "name": "Trailhead Court", "surface": "asphalt", "walkable": true, "on_campus": false, "nodes": [13682621678, 13682621679, 13682621680, 1129748987, 1129748313, 1129748668, 1129749028, 1129748924, 13682621674, 13682621675, 13682621676, 13682621677, 1129748697, 1129749075, 1129748759, 1129748571, 1129748244, 13682621678]}, "geometry": {"type": "LineString", "coordinates": [[-82.4443346, 34.9353907], [-82.4443847, 34.9353586], [-82.4444192, 34.9353148], [-82.4444345, 34.9352642], [-82.4444289, 34.9352128], [-82.4444033, 34.9351655], [-82.4443605, 34.9351276], [-82.444305, 34.9351031], [-82.4442429, 34.9350946], [-82.4441807, 34.9351031], [-82.4441252, 34.9351275], [-82.4440893, 34.935164], [-82.4440791, 34.9353317], [-82.4441007, 34.9353585], [-82.4441508, 34.9353907], [-82.4442109, 34.9354077], [-82.4442745, 34.9354077], [-82.4443346, 34.9353907]]}}, {"type": "Feature", "id": "w689167629", "properties": {"highway": "residential", "name": "Golf Vista Court", "surface": "asphalt", "walkable": true, "on_campus": false, "nodes": [6464999936, 6464999935, 12401641653, 12401641665, 6464999942]}, "geometry": {"type": "LineString", "coordinates": [[-82.4452858, 34.9327749], [-82.4452504, 34.93268], [-82.445199, 34.932593], [-82.4450297, 34.9324352], [-82.4449091, 34.9323304]]}}, {"type": "Feature", "id": "w689167633", "properties": {"highway": "residential", "name": "Fairway Hill Court", "surface": "asphalt", "walkable": true, "on_campus": false, "nodes": [6464999942, 12401641636, 12401641633, 12401641629, 12401641631, 12401641627, 12401641625, 12401641623, 12401641621, 6464999937, 12401641616, 12401641618, 6464999934, 6464999933]}, "geometry": {"type": "LineString", "coordinates": [[-82.4449091, 34.9323304], [-82.4448664, 34.9322909], [-82.4447658, 34.9322044], [-82.4445938, 34.9320514], [-82.4445094, 34.9319771], [-82.4444129, 34.9318983], [-82.444403, 34.9318895], [-82.4442228, 34.9317276], [-82.4441433, 34.9316563], [-82.44402, 34.9315456], [-82.4438418, 34.9313858], [-82.443831, 34.9313762], [-82.4437505, 34.931304], [-82.443603, 34.9312711]]}}, {"type": "Feature", "id": "w689167636", "properties": {"highway": "residential", "name": "Cypresswood Drive", "surface": "asphalt", "walkable": true, "on_campus": false, "nodes": [113052757, 12401641742, 12401641652, 6464999941, 12401641648, 6464999940, 12401641645, 12401641643, 12401641640, 6464999939, 12401641638, 6464999938, 6464999937]}, "geometry": {"type": "LineString", "coordinates": [[-82.443463, 34.933042], [-82.4434088, 34.9328883], [-82.4433908, 34.9328374], [-82.44337, 34.9327614], [-82.4433622, 34.9326679], [-82.4433767, 34.9325343], [-82.4433988, 34.9323371], [-82.4434021, 34.9323094], [-82.4434095, 34.9321665], [-82.4434226, 34.9320605], [-82.4434535, 34.9319902], [-82.4436649, 34.9318096], [-82.44402, 34.9315456]]}}, {"type": "Feature", "id": "w689167639", "properties": {"highway": "residential", "name": "Bayberry Mill Drive", "surface": "asphalt", "walkable": true, "on_campus": false, "nodes": [113052747, 6464999943, 12401641655, 12401641657, 12401641659, 6464999942]}, "geometry": {"type": "LineString", "coordinates": [[-82.4440921, 34.9330599], [-82.4441477, 34.9329208], [-82.4443792, 34.9327352], [-82.444576, 34.9325849], [-82.4446871, 34.9325], [-82.4449091, 34.9323304]]}}, {"type": "Feature", "id": "w689168838", "properties": {"highway": "service", "walkable": true, "on_campus": false, "nodes": [6465051783, 9078492559, 9078492552, 9078492558, 9078492553, 9078492557, 6465051782, 9078492554, 6465051781, 9078492556, 9078492549, 9078492550, 9078492551, 9078492560, 6465051780, 9078492555, 6465051779]}, "geometry": {"type": "LineString", "coordinates": [[-82.4299707, 34.9217639], [-82.4297415, 34.9217937], [-82.4296205, 34.9218057], [-82.4294804, 34.9218159], [-82.4293526, 34.9218402], [-82.4292357, 34.9218687], [-82.4291187, 34.9219036], [-82.4290212, 34.9219551], [-82.4289197, 34.9220244], [-82.4288528, 34.9221008], [-82.4288287, 34.9221767], [-82.4288147, 34.9223225], [-82.4288278, 34.9224497], [-82.4288424, 34.922533], [-82.4288569, 34.9226162], [-82.428839, 34.9227537], [-82.4287797, 34.9228597]]}}, {"type": "Feature", "id": "w691273632", "properties": {"highway": "service", "surface": "asphalt", "walkable": true, "on_campus": true, "nodes": [736992850, 9075211433, 9075211437, 736991675, 3089529821, 3089529817, 3089529820, 3089529815, 3089529819, 3089529816, 3089529818, 736991966]}, "geometry": {"type": "LineString", "coordinates": [[-82.4381851, 34.9174494], [-82.4379874, 34.9173954], [-82.437779, 34.9173384], [-82.4375621, 34.9172792], [-82.4375285, 34.9172759], [-82.437487, 34.917277], [-82.4374494, 34.9172781], [-82.4374119, 34.9172847], [-82.4373743, 34.9172902], [-82.4373341, 34.9173023], [-82.4372992, 34.9173122], [-82.4372657, 34.9173276]]}}, {"type": "Feature", "id": "w691273633", "properties": {"highway": "pedestrian", "walkable": true, "on_campus": true, "nodes": [6486416420, 6486416417, 6486416419, 6486416416, 6486416415, 6486416418, 6486416414, 6486416413, 6486416412, 6486416411, 3078472072, 6486416410, 6486416420]}, "geometry": {"type": "LineString", "coordinates": [[-82.4362242, 34.9256599], [-82.4362214, 34.9256737], [-82.4362256, 34.9256874], [-82.4362359, 34.9256985], [-82.4362508, 34.9257052], [-82.4362678, 34.9257066], [-82.4362908, 34.9256985], [-82.436304, 34.9256811], [-82.4363028, 34.9256606], [-82.4362876, 34.9256442], [-82.4362638, 34.9256379], [-82.4362398, 34.9256438], [-82.4362242, 34.9256599]]}}, {"type": "Feature", "id": "w691273634", "properties": {"highway": "service", "surface": "asphalt", "walkable": true, "on_campus": true, "nodes": [736991565, 3109824619, 3078471856, 3220896950, 736992634, 736992911, 6486416435, 6486416432, 6486416431, 6486416407, 6486416406, 6486416429, 6486416428, 6486416427, 6486416434]}, "geometry": {"type": "LineString", "coordinates": [[-82.4388214, 34.9267827], [-82.4388842, 34.9267434], [-82.4389504, 34.9266888], [-82.4389835, 34.9266354], [-82.4390711, 34.9265395], [-82.4391463, 34.9264431], [-82.4391632, 34.9263737], [-82.4391773, 34.9263391], [-82.4391633, 34.9262952], [-82.4391241, 34.9262515], [-82.4390593, 34.9262325], [-82.4389963, 34.926238], [-82.4389333, 34.9262787], [-82.4388427, 34.9263633], [-82.4387166, 34.9264708]]}}, {"type": "Feature", "id": "w708416149", "properties": {"access": "private", "highway": "service", "walkable": true, "on_campus": false, "nodes": [6656935033, 6656935034, 6656935035, 6656935036, 6656935037, 6656935038, 6656935039, 6656935040, 6656935041, 6656935042, 6656935043, 6656935044, 6656935045, 6656935046, 6656935047, 6656935048, 6656935049, 6656935050, 6656935051, 6656935052, 6656935053, 6656935054, 6656935055, 6656935056, 6656935057, 6656935058, 6656935059, 6656935060, 6656935063, 6656935061, 6656935062, 6656935054]}, "geometry": {"type": "LineString", "coordinates": [[-82.4230895, 34.9284709], [-82.423144, 34.9284545], [-82.4232145, 34.9284263], [-82.4232936, 34.9284108], [-82.4233606, 34.9283996], [-82.4234551, 34.9283953], [-82.4235259, 34.9283918], [-82.4235936, 34.9283882], [-82.423707, 34.9283919], [-82.4238035, 34.9284], [-82.4238976, 34.9284158], [-82.42396, 34.9284204], [-82.4240498, 34.9284045], [-82.4242372, 34.928351], [-82.4243228, 34.9283251], [-82.424502, 34.9282697], [-82.4247461, 34.9281739], [-82.4249128, 34.9280992], [-82.425043, 34.928018], [-82.4251118, 34.9279565], [-82.4251555, 34.9279034], [-82.4252188, 34.927854], [-82.4251665, 34.9278225], [-82.4251562, 34.9277808], [-82.4251516, 34.9277489], [-82.425171, 34.9277254], [-82.4252012, 34.9277039], [-82.4252321, 34.927693], [-82.4252585, 34.9277345], [-82.4252759, 34.9277722], [-82.4252566, 34.92783], [-82.4252188, 34.927854]]}}, {"type": "Feature", "id": "w743253026", "properties": {"access": "private", "highway": "service", "walkable": true, "on_campus": false, "nodes": [6957154456, 6957154457, 6957154458]}, "geometry": {"type": "LineString", "coordinates": [[-82.4250912, 34.9210805], [-82.4257901, 34.9204902], [-82.4263209, 34.9200235]]}}, {"type": "Feature", "id": "w743304630", "properties": {"access": "private", "highway": "service", "walkable": true, "on_campus": false, "nodes": [6957611220, 6957611221, 6957611222, 6957611223, 6957611224, 6957611225, 6957611226]}, "geometry": {"type": "LineString", "coordinates": [[-82.4228097, 34.9296613], [-82.4229878, 34.9295953], [-82.4232523, 34.9294784], [-82.423439, 34.9293891], [-82.4235556, 34.9293445], [-82.4237164, 34.9293041], [-82.424025, 34.9292594]]}}, {"type": "Feature", "id": "w745337251", "properties": {"access": "private", "highway": "service", "walkable": true, "on_campus": false, "nodes": [6976952012, 6976952013, 6976952014, 6976952015, 6976952016, 6976952017, 6976952018, 6976952019, 6976952020, 6976952021]}, "geometry": {"type": "LineString", "coordinates": [[-82.4533409, 34.920141], [-82.4531606, 34.9200678], [-82.4530221, 34.9200652], [-82.4528386, 34.920081], [-82.4526695, 34.9201259], [-82.4525488, 34.9201404], [-82.4524586, 34.9201312], [-82.4523942, 34.9200837], [-82.4523314, 34.9199133], [-82.4522762, 34.9197936]]}}, {"type": "Feature", "id": "w747517311", "properties": {"access": "private", "highway": "service", "walkable": true, "on_campus": false, "nodes": [6994567410, 6994567411, 6994567412, 6994567413, 6994567414, 6994567415, 6994567416, 6994567417, 6994567418, 6994567419, 6994567420, 6994567421, 6994567422]}, "geometry": {"type": "LineString", "coordinates": [[-82.4221676, 34.9317128], [-82.4222272, 34.9316993], [-82.4222822, 34.9316868], [-82.4223466, 34.9316782], [-82.4224612, 34.9316753], [-82.4227503, 34.931659], [-82.42303, 34.931636], [-82.4234302, 34.9316196], [-82.4238995, 34.9316033], [-82.423992, 34.9316005], [-82.4240353, 34.9315928], [-82.4240751, 34.9315813], [-82.4241476, 34.9315458]]}}, {"type": "Feature", "id": "w749366807", "properties": {"access": "private", "highway": "service", "walkable": true, "on_campus": false, "nodes": [7007715942, 7007715943, 7007715944, 7007715945, 7007715946, 7007715947, 7007715948, 7007715949, 7007715950, 7007715951, 7007715952, 7007715953, 7007715954, 7007715955]}, "geometry": {"type": "LineString", "coordinates": [[-82.4283973, 34.9375998], [-82.4283063, 34.9376075], [-82.4282294, 34.9376352], [-82.4279068, 34.9376755], [-82.427664, 34.9376503], [-82.4274643, 34.9376176], [-82.4273659, 34.9376302], [-82.4267943, 34.9379602], [-82.4264133, 34.9382096], [-82.4259524, 34.9386227], [-82.425811, 34.9388217], [-82.425685, 34.9390459], [-82.4255867, 34.9393406], [-82.4255836, 34.9395522]]}}, {"type": "Feature", "id": "w749786585", "properties": {"highway": "service", "walkable": true, "on_campus": false, "nodes": [113339976, 7011313223]}, "geometry": {"type": "LineString", "coordinates": [[-82.4485995, 34.9374659], [-82.4486933, 34.9378443]]}}, {"type": "Feature", "id": "w749786586", "properties": {"highway": "service", "walkable": true, "on_campus": false, "nodes": [113339980, 7011313225]}, "geometry": {"type": "LineString", "coordinates": [[-82.448283, 34.9374476], [-82.4482928, 34.9372921]]}}, {"type": "Feature", "id": "w749786587", "properties": {"highway": "service", "walkable": true, "on_campus": false, "nodes": [7011313225, 7011313224]}, "geometry": {"type": "LineString", "coordinates": [[-82.4482928, 34.9372921], [-82.4483054, 34.9369266]]}}, {"type": "Feature", "id": "w749786588", "properties": {"highway": "service", "walkable": true, "on_campus": false, "nodes": [7011313232, 7011313231, 7011313230, 7011313233, 7011313225, 7011313229, 7011313228, 7011313227, 7011313226]}, "geometry": {"type": "LineString", "coordinates": [[-82.4495079, 34.9372056], [-82.4491246, 34.9372869], [-82.4488804, 34.9373066], [-82.4485154, 34.937301], [-82.4482928, 34.9372921], [-82.4482096, 34.9372888], [-82.4481275, 34.9372598], [-82.4481024, 34.937214], [-82.4480921, 34.936924]]}}, {"type": "Feature", "id": "w749786589", "properties": {"highway": "service", "walkable": true, "on_campus": false, "nodes": [7011313236, 7011313226, 7011313224, 7011313235, 7011313234, 7011313233]}, "geometry": {"type": "LineString", "coordinates": [[-82.4478548, 34.9369212], [-82.4480921, 34.936924], [-82.4483054, 34.9369266], [-82.4484891, 34.9369287], [-82.4485199, 34.9369661], [-82.4485154, 34.937301]]}}, {"type": "Feature", "id": "w749823836", "properties": {"highway": "service", "walkable": true, "on_campus": false, "nodes": [7011669731, 7011669732, 7011669733, 7011669734]}, "geometry": {"type": "LineString", "coordinates": [[-82.4301312, 34.9265399], [-82.4297992, 34.9266927], [-82.4296372, 34.9268414], [-82.4292164, 34.929561]]}}, {"type": "Feature", "id": "w749824681", "properties": {"highway": "service", "walkable": true, "on_campus": false, "nodes": [7011681001, 7011681002, 7011681003, 7011681004, 8133407449, 7011681005, 7011681006, 7011681007, 7011681008, 7011681009, 7011681010, 7011681011, 7011681012, 8133407457, 7011681013, 7011681014, 7011681015, 7011681016, 7011681017]}, "geometry": {"type": "LineString", "coordinates": [[-82.4564159, 34.9370005], [-82.4564554, 34.9368234], [-82.4565167, 34.9366429], [-82.4565509, 34.9365884], [-82.4565549, 34.9365866], [-82.4566164, 34.9365578], [-82.4567441, 34.9365356], [-82.4568334, 34.9365314], [-82.4569497, 34.9365442], [-82.457038, 34.9365476], [-82.4571314, 34.9365433], [-82.4572124, 34.936528], [-82.457309, 34.9364914], [-82.4573956, 34.9364488], [-82.4574129, 34.9364403], [-82.4575365, 34.9364045], [-82.4576465, 34.9363628], [-82.4578075, 34.9363339], [-82.457874, 34.9363228]]}}, {"type": "Feature", "id": "w749997352", "properties": {"access": "private", "highway": "service", "walkable": true, "on_campus": false, "nodes": [7013175812, 7013175813, 7013175814, 7013175815, 7013175816]}, "geometry": {"type": "LineString", "coordinates": [[-82.4219374, 34.9305536], [-82.422122, 34.9305612], [-82.4222916, 34.9305658], [-82.422667, 34.9305351], [-82.4228388, 34.9305405]]}}, {"type": "Feature", "id": "w749997353", "properties": {"access": "private", "highway": "service", "walkable": true, "on_campus": false, "nodes": [7013175817, 7013175818, 7013175819, 7013175820, 7013175821, 7013175822]}, "geometry": {"type": "LineString", "coordinates": [[-82.4225631, 34.9299322], [-82.4227146, 34.9299506], [-82.4228667, 34.9299506], [-82.423016, 34.9299202], [-82.4232705, 34.9298993], [-82.4235492, 34.9298981]]}}, {"type": "Feature", "id": "w750023205", "properties": {"highway": "service", "walkable": true, "on_campus": false, "nodes": [7013412659, 7013412660, 7013412661, 7013412662, 7013412663]}, "geometry": {"type": "LineString", "coordinates": [[-82.4293103, 34.931875], [-82.4295784, 34.9318872], [-82.4296847, 34.9308876], [-82.4296031, 34.9308916], [-82.4294553, 34.9309221]]}}, {"type": "Feature", "id": "w750049667", "properties": {"highway": "service", "walkable": true, "on_campus": false, "nodes": [7013678624, 7013678625, 7013678626, 7722650745, 7013678627, 7013678628]}, "geometry": {"type": "LineString", "coordinates": [[-82.4329265, 34.9374135], [-82.4325404, 34.937676], [-82.4321395, 34.9372794], [-82.4320123, 34.937364], [-82.4311777, 34.9379264], [-82.4309857, 34.9380772]]}}, {"type": "Feature", "id": "w750074543", "properties": {"access": "private", "highway": "service", "walkable": true, "on_campus": false, "nodes": [7013893184, 12397231499, 12397231493, 12397231494, 12397231495, 12397231496, 12397231497, 12397231498, 12397231499]}, "geometry": {"type": "LineString", "coordinates": [[-82.443809, 34.9144184], [-82.4442636, 34.9146933], [-82.444315, 34.9147251], [-82.4443512, 34.914732], [-82.4443905, 34.914703], [-82.4443797, 34.9146758], [-82.4443374, 34.9146613], [-82.4442981, 34.9146714], [-82.4442636, 34.9146933]]}}, {"type": "Feature", "id": "w750075965", "properties": {"access": "private", "highway": "service", "walkable": true, "on_campus": false, "nodes": [113164088, 7013909240]}, "geometry": {"type": "LineString", "coordinates": [[-82.424035, 34.937672], [-82.4237079, 34.9381973]]}}, {"type": "Feature", "id": "w750082017", "properties": {"access": "private", "highway": "service", "walkable": true, "on_campus": false, "nodes": [7013952054, 7013952067, 7013952055, 7013952056, 7013952057, 7013952058, 7013952059, 7013952060, 7013952061, 7013952062, 7013952063, 7013952064, 7013952065, 7013952066, 7013952055]}, "geometry": {"type": "LineString", "coordinates": [[-82.4531211, 34.9364954], [-82.4531248, 34.9364021], [-82.4531299, 34.9362758], [-82.4533206, 34.9362389], [-82.4534535, 34.9361845], [-82.45349, 34.9361124], [-82.4534621, 34.9360281], [-82.4533635, 34.9359789], [-82.4531865, 34.9359356], [-82.452997, 34.9359367], [-82.4528202, 34.9360028], [-82.4527721, 34.9360468], [-82.4527778, 34.9361512], [-82.4528556, 34.9362091], [-82.4531299, 34.9362758]]}}, {"type": "Feature", "id": "w750093207", "properties": {"access": "private", "highway": "service", "walkable": true, "on_campus": false, "nodes": [113361064, 7014075058, 7014075059, 7014075060, 7014075061, 7014075062, 7014075063, 7014075064, 7014075065, 7014075066, 7014075067, 7014075068, 7014075069, 7014075070, 7014075071, 7014075072, 7014075059]}, "geometry": {"type": "LineString", "coordinates": [[-82.436257, 34.93637], [-82.4363415, 34.9364006], [-82.4363967, 34.9364395], [-82.436425, 34.9364879], [-82.4364822, 34.9365852], [-82.4365251, 34.9366809], [-82.4365657, 34.9367437], [-82.4366116, 34.9367754], [-82.4366599, 34.9367754], [-82.4366809, 34.9367417], [-82.4366736, 34.9366569], [-82.4366521, 34.936606], [-82.436614, 34.9365772], [-82.43653, 34.9365007], [-82.4364856, 34.9364571], [-82.4364304, 34.9364311], [-82.4363967, 34.9364395]]}}, {"type": "Feature", "id": "w750096125", "properties": {"highway": "service", "walkable": true, "on_campus": false, "nodes": [7014112061, 7014112062, 7014112063, 7014112064, 7014112065, 7014112074, 7014112066, 7014112067, 7014112071, 7014112068, 7014112069, 7014112070]}, "geometry": {"type": "LineString", "coordinates": [[-82.428962, 34.9133674], [-82.4292632, 34.9134367], [-82.4291906, 34.9136804], [-82.4293349, 34.9136991], [-82.429506, 34.9135498], [-82.4296479, 34.9135288], [-82.4296992, 34.9135211], [-82.4298776, 34.9135423], [-82.4301241, 34.9136147], [-82.4304369, 34.9137067], [-82.4305546, 34.9136675], [-82.4307021, 34.9133105]]}}, {"type": "Feature", "id": "w750096126", "properties": {"highway": "service", "walkable": true, "on_campus": false, "nodes": [7014112071, 7014112072]}, "geometry": {"type": "LineString", "coordinates": [[-82.4301241, 34.9136147], [-82.430274, 34.9132021]]}}, {"type": "Feature", "id": "w750096127", "properties": {"highway": "service", "walkable": true, "on_campus": false, "nodes": [7014112067, 7014112073]}, "geometry": {"type": "LineString", "coordinates": [[-82.4298776, 34.9135423], [-82.4300201, 34.9131377]]}}, {"type": "Feature", "id": "w750096128", "properties": {"highway": "service", "walkable": true, "on_campus": false, "nodes": [7014112074, 7014112075]}, "geometry": {"type": "LineString", "coordinates": [[-82.4296479, 34.9135288], [-82.4296851, 34.9133318]]}}, {"type": "Feature", "id": "w750096129", "properties": {"highway": "service", "tunnel": "building_passage", "walkable": true, "on_campus": false, "nodes": [7014112075, 7014112076]}, "geometry": {"type": "LineString", "coordinates": [[-82.4296851, 34.9133318], [-82.429713, 34.9132252]]}}, {"type": "Feature", "id": "w750096130", "properties": {"highway": "service", "walkable": true, "on_campus": false, "nodes": [7014112076, 7014112077]}, "geometry": {"type": "LineString", "coordinates": [[-82.429713, 34.9132252], [-82.4297807, 34.9130771]]}}, {"type": "Feature", "id": "w750129170", "properties": {"highway": "service", "surface": "asphalt", "walkable": true, "on_campus": false, "nodes": [7014321768, 7014321769, 7014321775, 8762972393, 7014321770, 8762972394, 8762972395, 7014321771, 7014321772, 7014321773, 7014321774, 7014321775]}, "geometry": {"type": "LineString", "coordinates": [[-82.4446905, 34.9335609], [-82.444392, 34.9335972], [-82.4443331, 34.9335941], [-82.4431968, 34.9335338], [-82.4430952, 34.9335285], [-82.4430951, 34.9334467], [-82.4431328, 34.9333756], [-82.4431878, 34.9333304], [-82.444242, 34.9333679], [-82.4443335, 34.9334137], [-82.4443538, 34.9334804], [-82.4443331, 34.9335941]]}}, {"type": "Feature", "id": "w750387200", "properties": {"access": "private", "highway": "service", "walkable": true, "on_campus": false, "nodes": [7016427234, 7016427235, 7016427236, 7016427237]}, "geometry": {"type": "LineString", "coordinates": [[-82.4301808, 34.9346779], [-82.4296625, 34.9349945], [-82.4296111, 34.9349995], [-82.4295566, 34.9349846]]}}, {"type": "Feature", "id": "w757111820", "properties": {"access": "private", "highway": "service", "walkable": true, "on_campus": false, "nodes": [7070953455, 7070953456, 7070953457, 7070953458, 7070953459, 7070953460, 7070953461, 7070953462]}, "geometry": {"type": "LineString", "coordinates": [[-82.427685, 34.9284556], [-82.4275256, 34.9283796], [-82.427397, 34.9283152], [-82.4273317, 34.9282764], [-82.4272764, 34.9282376], [-82.4272244, 34.9282037], [-82.4271838, 34.928189], [-82.4271212, 34.9281835]]}}, {"type": "Feature", "id": "w757230055", "properties": {"access": "private", "highway": "service", "walkable": true, "on_campus": false, "nodes": [7071531111, 7071531112, 7071531113, 7071531114, 7071531115, 7071531116, 7071531117, 7071531118, 7071531119, 7071531120, 7071531121, 7071531122, 7071531123, 7071531124, 7071531125]}, "geometry": {"type": "LineString", "coordinates": [[-82.421192, 34.9113362], [-82.4212004, 34.911591], [-82.4212221, 34.9117554], [-82.4212417, 34.9118262], [-82.4213026, 34.9118794], [-82.421391, 34.9119036], [-82.4215011, 34.9119036], [-82.4215855, 34.9119068], [-82.4216386, 34.9119439], [-82.4216563, 34.9120083], [-82.4216484, 34.9121163], [-82.4216726, 34.9121759], [-82.4217178, 34.912229], [-82.4218691, 34.91225], [-82.4219713, 34.9122339]]}}, {"type": "Feature", "id": "w757230957", "properties": {"access": "private", "highway": "service", "walkable": true, "on_campus": false, "nodes": [112992458, 7071530934, 7071530935, 7071530936, 7071530937]}, "geometry": {"type": "LineString", "coordinates": [[-82.456245, 34.935143], [-82.4563524, 34.9352831], [-82.4564623, 34.9354079], [-82.4565384, 34.9356204], [-82.4565553, 34.9357336]]}}, {"type": "Feature", "id": "w758180448", "properties": {"highway": "path", "walkable": true, "on_campus": false, "nodes": [10234687758, 10234687757, 10234687756, 10234687755, 10234687754, 10234687753, 10234687752, 10234687751, 10234687750, 10234687749, 10234687748, 10234687747, 10234687746, 10234687745, 10232199989, 10232199988, 10232199987, 10232199986, 10232199985, 10232199984, 10234687735, 10232199983, 10234687700, 10232199982, 10232199981, 10232199980, 7080450673, 10234687694, 7080450674, 7080450675, 7080450676, 7080450677, 7080450678, 7080450679, 7080450680, 7080450681, 7080450682, 7080450683, 7080450684, 7080450685, 10232199979, 7080450686, 7080450687, 7080450688, 7080450689, 7080450690, 7080450691, 7080450692, 7080450693, 10232199978, 7080450694, 7080450695, 7080450696, 7080450697, 10232199977, 7080450698, 7080450699, 7080450700, 7080450701, 7080450702, 7080450703, 10232199976, 7080450704, 7080450705, 7080450706, 7080450707, 7080450708, 7080450709, 7080450710, 7080450711, 7080450712, 7080450718, 7080450713, 7080450714, 7080450715, 7080450716, 7080450717, 7080450821, 7080450822, 7080450823, 7080450824, 10232199967, 7080450825, 7080450826, 7080450827, 7080450828, 7080450829, 7080450830, 7080450831, 10232199968, 7080450832, 7080450833, 7080450834, 7080450835, 7080450836, 7080450837, 7080450838, 7080450839, 7080450840, 7080450841, 7080450842, 7080450843, 7080450844, 7080450845, 10232168804, 10232168805, 7080450846, 10234725150, 7080450847, 7080450848, 7080450849, 7080450850, 7080450851, 10232168801, 7080450853, 10232168803, 10232168802, 7080450854, 7080450855, 7080450856, 7080450857, 7080450858, 10232168798, 7080450860, 10232199837, 7080450861, 10232199836, 7080450862, 7080450863, 7080450864, 7080450865, 7080450866, 7080450867, 7080450868, 10232199835, 7080450869, 7080450966, 7080450967, 7080450968, 7080450969, 7080450970, 7080450971, 7080450972, 7080450973, 7080450974, 7080450975, 7080450976, 7080450977, 7080450978, 7080450979, 7080450980, 7080450981, 7080450982, 7080450983, 7080450984, 7080450985, 7080450986, 10232199830, 7080450987, 7080450988, 7080450989, 7080450990, 10232199829, 7080450991, 10232199825, 10232199826, 7080450993, 7080450994, 7080450995, 7080450996, 7080450997, 7080450998, 7080450999, 7080451000, 7080451001, 7080451002, 7080451119, 10232199890, 10232199891, 10232199892, 10232199893, 7080451120, 10232199894, 10232199895, 7080451121, 7080451122, 10232199889, 10232199888, 7080451123, 7080451124, 7080451125, 7080451126, 7080451127, 7080451128, 7080451129, 7080451130, 7080451131, 10232199896, 10232199897, 10232199898, 10232199899, 10232199900, 10232199901, 10232199902, 10232199903, 10234687373, 10234687374, 10234687375, 10234687376, 10234687377, 10234687378, 10234687379, 10234687380, 10234687381, 10234687382, 10234687383, 10234687384, 10234687385, 10234687386, 10234687387, 10234687388, 10234687389, 10234687390, 10234687391, 10234687392, 10234687393, 10234687394, 10234687395, 10234687396, 10234687397, 10234687398, 10234687399, 10234687400, 10234687401, 10234687402, 10234687403, 10234687404, 10234687405, 10234687406, 10234687407, 10234687408, 10234687409, 10234687410, 10234687411, 10234687412, 10234687413, 10234687414, 10234687415, 10234687416, 10234687417, 10234687418, 10234687419, 10234687420, 10234687421, 10234687422, 10234687423, 10234687424, 10234687425, 10234687426, 10234687427, 10234687428, 10234687429, 10234687430, 10234687431, 10234687432, 10234687433, 10234687434, 10234687435, 10234687436, 10234687437, 10234687438, 10234687439, 10234687440, 10234687441, 10234687442, 10234687443, 10234687444, 10234687445, 10234687446, 10234687447, 10234687448, 10234687449, 10234687450, 10234687451, 10234687452, 10234687453, 10234687454, 10234687455, 10234687456, 10234687457, 10234687458, 10234687459, 10234687460, 10234687494, 10234687495, 10234687496, 10234687497, 10234687498, 10234687499, 10234687500, 10234687501, 10234687502, 10234687503, 10234687504, 10234687505, 10234687506, 10234687507, 10234687508, 10234687509, 10234687510, 10234687511, 10234687512, 10234687513, 10234687514, 10234687515, 10234687516, 10234687517, 10234687518, 10234687519, 10234687497]}, "geometry": {"type": "LineString", "coordinates": [[-82.4164762, 34.9338319], [-82.4164254, 34.9338086], [-82.4163471, 34.9337694], [-82.4162811, 34.9337461], [-82.416227, 34.9337385], [-82.4161276, 34.9337442], [-82.4160337, 34.9337321], [-82.4159438, 34.9336953], [-82.4158868, 34.9336667], [-82.4158144, 34.9336073], [-82.4157521, 34.9335584], [-82.4157212, 34.9334957], [-82.4156957, 34.9334419], [-82.4156931, 34.9333979], [-82.4157056, 34.9333419], [-82.4157212, 34.9332742], [-82.4157313, 34.9332209], [-82.4157649, 34.9330967], [-82.4157893, 34.9330042], [-82.4158179, 34.9329391], [-82.4158321, 34.9329164], [-82.4158461, 34.932894], [-82.415872, 34.9328756], [-82.4159144, 34.9328456], [-82.416066, 34.9327511], [-82.4161478, 34.9326807], [-82.4162332, 34.9326139], [-82.416252, 34.9325895], [-82.4162654, 34.9325722], [-82.4163231, 34.9325282], [-82.4164713, 34.9324677], [-82.4165913, 34.9324128], [-82.4166704, 34.9323616], [-82.4167824, 34.932288], [-82.4168703, 34.9322393], [-82.4169353, 34.9321995], [-82.4169829, 34.9321549], [-82.4170621, 34.9320823], [-82.4171693, 34.9319862], [-82.4172619, 34.9319147], [-82.4173121, 34.9318861], [-82.4173745, 34.931858], [-82.4174623, 34.9318289], [-82.4175703, 34.9317915], [-82.4176749, 34.9317586], [-82.4177795, 34.9317344], [-82.4179056, 34.9317124], [-82.418037, 34.9316904], [-82.4182798, 34.9316733], [-82.4183686, 34.9316491], [-82.4184883, 34.9316134], [-82.4186365, 34.931564], [-82.41878, 34.9315299], [-82.4188437, 34.9315222], [-82.4189104, 34.9315208], [-82.4190006, 34.9315305], [-82.4191213, 34.9315492], [-82.4192158, 34.9315733], [-82.4192983, 34.9316024], [-82.4193721, 34.9316189], [-82.4194257, 34.9316227], [-82.4195186, 34.9316032], [-82.4195767, 34.9315867], [-82.4196432, 34.9315648], [-82.4197359, 34.9315355], [-82.4198394, 34.9315004], [-82.4199227, 34.9314732], [-82.4200254, 34.9314438], [-82.4201283, 34.9314152], [-82.4202097, 34.9313973], [-82.4203117, 34.9313891], [-82.4203556, 34.9313848], [-82.4203839, 34.9313781], [-82.4204939, 34.9313605], [-82.4205395, 34.931343], [-82.4206134, 34.9313278], [-82.4206785, 34.9313093], [-82.4207359, 34.9313557], [-82.4208076, 34.9314219], [-82.4208929, 34.9314892], [-82.4209619, 34.9315443], [-82.4209867, 34.93157], [-82.4210008, 34.9315969], [-82.4210086, 34.9316645], [-82.4210038, 34.9317378], [-82.4209909, 34.9318022], [-82.4209546, 34.9319026], [-82.420917, 34.931984], [-82.4208956, 34.9320433], [-82.4208807, 34.9320851], [-82.4208822, 34.9321269], [-82.4209036, 34.9322236], [-82.4209278, 34.932283], [-82.4209707, 34.9323468], [-82.4211182, 34.9325183], [-82.4212255, 34.9326392], [-82.4213033, 34.9327426], [-82.4214052, 34.9328086], [-82.4215018, 34.9328701], [-82.4216278, 34.9329339], [-82.4217217, 34.9329801], [-82.4217633, 34.9330147], [-82.4217653, 34.9330411], [-82.4217586, 34.9330824], [-82.4217643, 34.9331346], [-82.4217933, 34.9331887], [-82.4218343, 34.9332308], [-82.4218397, 34.9332352], [-82.4218665, 34.9332571], [-82.421952, 34.9332786], [-82.4220186, 34.9332903], [-82.4220843, 34.9332996], [-82.4221387, 34.9333106], [-82.4221921, 34.9333125], [-82.4222304, 34.9332939], [-82.4222681, 34.9332443], [-82.4223165, 34.9331541], [-82.4223213, 34.9331143], [-82.4223091, 34.9330644], [-82.4222883, 34.933005], [-82.4222596, 34.9329288], [-82.4222239, 34.9328622], [-82.4221999, 34.9328217], [-82.4221777, 34.932758], [-82.4221772, 34.9327233], [-82.4221838, 34.9326988], [-82.4222168, 34.9326701], [-82.4222736, 34.9326306], [-82.4223198, 34.9325865], [-82.4223645, 34.9325117], [-82.4223984, 34.9324551], [-82.4224279, 34.9324089], [-82.4224598, 34.9323379], [-82.42247, 34.9322852], [-82.4224756, 34.9322537], [-82.4224565, 34.9322171], [-82.4223984, 34.9321385], [-82.4219229, 34.9314397], [-82.4216145, 34.9310732], [-82.4215447, 34.9310234], [-82.421459, 34.9309851], [-82.4214452, 34.9308878], [-82.4214292, 34.9307736], [-82.4214354, 34.9306422], [-82.4214638, 34.9305028], [-82.4214882, 34.9303675], [-82.42147, 34.9302415], [-82.4214454, 34.9301423], [-82.4215525, 34.9300225], [-82.421616, 34.9299383], [-82.4217188, 34.9298387], [-82.421809, 34.9297342], [-82.4218785, 34.9296588], [-82.4220704, 34.9293639], [-82.4221745, 34.9292477], [-82.4222406, 34.9291326], [-82.4223434, 34.9290031], [-82.422357, 34.9289414], [-82.4223477, 34.9288987], [-82.4223326, 34.9288772], [-82.4223094, 34.9288496], [-82.4222701, 34.9288289], [-82.4222095, 34.9288169], [-82.4221428, 34.9288172], [-82.421976, 34.9288321], [-82.421903, 34.9288418], [-82.4218371, 34.9288559], [-82.4217432, 34.9288889], [-82.4216037, 34.9289966], [-82.4215098, 34.9290582], [-82.4214025, 34.9291417], [-82.4212979, 34.9292319], [-82.421196, 34.9293001], [-82.4210914, 34.929421], [-82.4210082, 34.9294958], [-82.4209278, 34.9296145], [-82.420697, 34.9298942], [-82.4201682, 34.9305492], [-82.4202037, 34.9306019], [-82.4202194, 34.9306408], [-82.4202039, 34.9306927], [-82.4201671, 34.9307405], [-82.4200905, 34.9307805], [-82.420034, 34.9308237], [-82.4198637, 34.9309686], [-82.4198111, 34.931035], [-82.4198061, 34.9310559], [-82.419732, 34.9310962], [-82.4196662, 34.9311114], [-82.4196358, 34.9311006], [-82.4195944, 34.9311022], [-82.4194888, 34.9311196], [-82.4193758, 34.9311345], [-82.4192733, 34.9311477], [-82.4191575, 34.9311556], [-82.4190477, 34.9311603], [-82.4189041, 34.9311603], [-82.4188494, 34.9311632], [-82.4187822, 34.9311712], [-82.4187185, 34.9311828], [-82.418653, 34.9311929], [-82.4185787, 34.931198], [-82.4184867, 34.9312031], [-82.4184292, 34.9311944], [-82.4183599, 34.9311735], [-82.4183281, 34.9311407], [-82.4183241, 34.9310901], [-82.4183315, 34.9310362], [-82.4183509, 34.9309889], [-82.4183858, 34.9309345], [-82.4184327, 34.9308894], [-82.418481, 34.9308603], [-82.41854, 34.9308295], [-82.4186392, 34.9307943], [-82.4186989, 34.9307679], [-82.4187874, 34.9307311], [-82.4188451, 34.9306921], [-82.4189041, 34.9306541], [-82.4189745, 34.9306036], [-82.4190208, 34.930559], [-82.4190764, 34.9305101], [-82.4191234, 34.9304601], [-82.4191408, 34.9304309], [-82.4191583, 34.9303837], [-82.4191556, 34.9303259], [-82.4191495, 34.9302605], [-82.4191435, 34.930178], [-82.4191428, 34.9301297], [-82.4191469, 34.9300906], [-82.419169, 34.9300335], [-82.4192468, 34.9299389], [-82.4193272, 34.9298751], [-82.4194003, 34.9298108], [-82.4194714, 34.9297509], [-82.419509, 34.9297102], [-82.4195794, 34.9296255], [-82.4196176, 34.9295684], [-82.4196672, 34.9295101], [-82.4197081, 34.9294744], [-82.4197993, 34.9293809], [-82.4198798, 34.92931], [-82.4199562, 34.9292457], [-82.4200025, 34.9292028], [-82.4200689, 34.9291368], [-82.4201158, 34.9290862], [-82.4201815, 34.9290241], [-82.4202117, 34.9289988], [-82.4202311, 34.928979], [-82.4202372, 34.9289592], [-82.4202466, 34.9289186], [-82.4202714, 34.9288927], [-82.4203545, 34.9288278], [-82.4203887, 34.928807], [-82.4204088, 34.9287905], [-82.4204216, 34.9287734], [-82.4204216, 34.9287602], [-82.4204202, 34.9287443], [-82.4204115, 34.928736], [-82.4203948, 34.9287327], [-82.4203646, 34.9287349], [-82.4202948, 34.9287371], [-82.4201755, 34.9287415], [-82.4201004, 34.9287421], [-82.4200219, 34.9287366], [-82.4199415, 34.9287305], [-82.4197886, 34.9287267], [-82.4197168, 34.9287223], [-82.4196437, 34.9287228], [-82.4195686, 34.9287223], [-82.4194761, 34.9287228], [-82.4193815, 34.9287162], [-82.419293, 34.9287107], [-82.4191475, 34.9287047], [-82.4190818, 34.9287047], [-82.4190516, 34.9286976], [-82.4190342, 34.928691], [-82.419006, 34.9286866], [-82.4189819, 34.9286855], [-82.4189571, 34.9286893], [-82.4189437, 34.9286976], [-82.4188833, 34.928714], [-82.4188277, 34.9287289], [-82.4187801, 34.9287393], [-82.4187318, 34.9287432], [-82.4186942, 34.9287487], [-82.418658, 34.9287767], [-82.4186319, 34.9288075], [-82.4186211, 34.9288234], [-82.4186151, 34.9288328], [-82.4185742, 34.9288251], [-82.4185226, 34.9288168], [-82.4184683, 34.9288163], [-82.4184099, 34.9288168], [-82.4183377, 34.9288195], [-82.4182625, 34.9288427], [-82.41819, 34.928863], [-82.41809, 34.9289015], [-82.4180201, 34.9289095], [-82.4179307, 34.9289102], [-82.4178493, 34.928924], [-82.4177555, 34.9289515], [-82.4176617, 34.9289747], [-82.4175777, 34.9289943], [-82.417514, 34.9290117], [-82.4174361, 34.9290357], [-82.4173494, 34.9290669], [-82.4172848, 34.9290857], [-82.4172565, 34.9291046], [-82.4172459, 34.929138], [-82.4172521, 34.9291648], [-82.4172715, 34.9291851], [-82.4173007, 34.9291974], [-82.4173476, 34.9291953], [-82.4174016, 34.9291713], [-82.4176202, 34.9290836], [-82.417775, 34.9290146], [-82.4178732, 34.928974], [-82.4179245, 34.928961], [-82.41799, 34.9289486], [-82.41809, 34.9289015]]}}, {"type": "Feature", "id": "w760478559", "properties": {"highway": "service", "walkable": true, "on_campus": false, "nodes": [7104233704, 7104233705, 7104233706, 7104233707, 7104233708]}, "geometry": {"type": "LineString", "coordinates": [[-82.4215459, 34.9194825], [-82.4213926, 34.9196339], [-82.4213238, 34.9196995], [-82.4212453, 34.9197617], [-82.4210643, 34.9198449]]}}, {"type": "Feature", "id": "w760478560", "properties": {"highway": "service", "walkable": true, "on_campus": false, "nodes": [7104233709, 7104233710, 7104233711]}, "geometry": {"type": "LineString", "coordinates": [[-82.4218831, 34.9196353], [-82.4217411, 34.9198737], [-82.4215305, 34.9201505]]}}, {"type": "Feature", "id": "w761376732", "properties": {"access": "private", "highway": "service", "walkable": true, "on_campus": false, "nodes": [7113499018, 7113499019, 7113499020, 7113499021, 7113499022, 7113499023]}, "geometry": {"type": "LineString", "coordinates": [[-82.422059, 34.9315508], [-82.4222055, 34.9315296], [-82.4223067, 34.9315251], [-82.4224752, 34.9315727], [-82.4225561, 34.9315926], [-82.4228029, 34.9315804]]}}, {"type": "Feature", "id": "w761376733", "properties": {"access": "private", "highway": "service", "walkable": true, "on_campus": false, "nodes": [7113499024, 7113499025, 7113499026, 7113499027, 7113499028]}, "geometry": {"type": "LineString", "coordinates": [[-82.4225488, 34.9322553], [-82.4226175, 34.9322121], [-82.4227182, 34.9321715], [-82.4228506, 34.9321394], [-82.4230641, 34.9321184]]}}, {"type": "Feature", "id": "w761376734", "properties": {"access": "private", "highway": "service", "walkable": true, "on_campus": false, "nodes": [7113499029, 7113499030, 7113499031, 7113499032, 7113499033, 7113499034, 7113499035, 7113499036, 7113499037, 7113499038, 7113499039, 7113499040, 7113499041, 7113499042, 7113499043, 7113499044, 7113499045, 7113499046, 7113499047, 7113499048, 7113499038]}, "geometry": {"type": "LineString", "coordinates": [[-82.4218344, 34.9311004], [-82.4219441, 34.9310721], [-82.4220248, 34.9310507], [-82.4220531, 34.9310185], [-82.422088, 34.9309506], [-82.4221218, 34.9308514], [-82.422173, 34.9308004], [-82.4222275, 34.9307727], [-82.4223235, 34.9307718], [-82.4225349, 34.9308478], [-82.4226156, 34.93093], [-82.4227137, 34.9310185], [-82.4227529, 34.9310301], [-82.4227715, 34.9310238], [-82.4227878, 34.9310024], [-82.4227943, 34.9309801], [-82.4227813, 34.9309255], [-82.4227573, 34.9308871], [-82.4226897, 34.9308594], [-82.422596, 34.9308424], [-82.4225349, 34.9308478]]}}, {"type": "Feature", "id": "w761409893", "properties": {"access": "private", "highway": "service", "walkable": true, "on_campus": false, "nodes": [7113859619, 7113859620, 7113859621, 7113859622, 7113859623, 7113859624]}, "geometry": {"type": "LineString", "coordinates": [[-82.4294149, 34.9183733], [-82.4292322, 34.918426], [-82.4291378, 34.9184565], [-82.4290568, 34.9184661], [-82.4290012, 34.9184606], [-82.428949, 34.9183984]]}}, {"type": "Feature", "id": "w761409894", "properties": {"access": "private", "highway": "service", "walkable": true, "on_campus": false, "nodes": [7113859625, 7113859626, 7113859627, 7113859628, 7113859629, 7113859630, 7113859631]}, "geometry": {"type": "LineString", "coordinates": [[-82.4271521, 34.9175506], [-82.4271666, 34.9176224], [-82.4272224, 34.9178068], [-82.4272783, 34.9179607], [-82.4273047, 34.9181147], [-82.427314, 34.9182101], [-82.4273233, 34.9182813]]}}, {"type": "Feature", "id": "w761409895", "properties": {"highway": "service", "walkable": true, "on_campus": false, "nodes": [7113859632, 7113859633, 7113859634, 7113859635, 7113859636, 7113859637, 7113859638, 7113859640, 7113859639]}, "geometry": {"type": "LineString", "coordinates": [[-82.4310872, 34.917412], [-82.4305354, 34.9173017], [-82.4304168, 34.9172848], [-82.4303438, 34.917268], [-82.4302526, 34.9172325], [-82.4301409, 34.9171708], [-82.42932, 34.9166603], [-82.4292966, 34.9166537], [-82.4291231, 34.9166048]]}}, {"type": "Feature", "id": "w761409896", "properties": {"highway": "service", "walkable": true, "on_campus": false, "nodes": [7113859640, 7113859641, 7113859642, 7113859643, 7113859644, 7113859645, 7113859646]}, "geometry": {"type": "LineString", "coordinates": [[-82.4292966, 34.9166537], [-82.4293493, 34.9165738], [-82.4294236, 34.9164704], [-82.429453, 34.9163825], [-82.4294306, 34.9163173], [-82.4292612, 34.9162748], [-82.4290674, 34.9162588]]}}, {"type": "Feature", "id": "w761409897", "properties": {"highway": "service", "walkable": true, "on_campus": false, "nodes": [7113859644, 7113859647, 7113859648, 7113859649, 7113859650]}, "geometry": {"type": "LineString", "coordinates": [[-82.4294306, 34.9163173], [-82.4296598, 34.9162706], [-82.429767, 34.9162181], [-82.4298707, 34.9160367], [-82.4297756, 34.9159999]]}}, {"type": "Feature", "id": "w761671861", "properties": {"access": "private", "highway": "service", "walkable": true, "on_campus": false, "nodes": [7116355156, 7116355157, 7116355158, 7116355159, 7116355160]}, "geometry": {"type": "LineString", "coordinates": [[-82.4276238, 34.9287774], [-82.4274214, 34.928715], [-82.4272285, 34.9286441], [-82.4270505, 34.9285792], [-82.4269294, 34.928565]]}}, {"type": "Feature", "id": "w761671862", "properties": {"access": "private", "highway": "service", "walkable": true, "on_campus": false, "nodes": [7116355161, 7116355162, 7116355163, 7116355164]}, "geometry": {"type": "LineString", "coordinates": [[-82.4264557, 34.9296103], [-82.4264259, 34.9298212], [-82.4263468, 34.9301678], [-82.4262998, 34.9303867]]}}, {"type": "Feature", "id": "w763047010", "properties": {"access": "private", "highway": "service", "walkable": true, "on_campus": false, "nodes": [7130411235, 7130411236, 7130411237, 7130411238, 7130411239, 7130411240, 7130411241]}, "geometry": {"type": "LineString", "coordinates": [[-82.4308186, 34.9353152], [-82.430739, 34.9353521], [-82.4306421, 34.9353809], [-82.4302916, 34.9354488], [-82.4296629, 34.9355614], [-82.429337, 34.9356134], [-82.429027, 34.9356611]]}}, {"type": "Feature", "id": "w763090218", "properties": {"access": "private", "highway": "service", "walkable": true, "on_campus": false, "nodes": [7130764800, 7130764801, 7130764802]}, "geometry": {"type": "LineString", "coordinates": [[-82.4435222, 34.9147363], [-82.4436565, 34.9148172], [-82.4440095, 34.9150452]]}}, {"type": "Feature", "id": "w763090366", "properties": {"highway": "residential", "name": "Phillips Avenue", "surface": "asphalt", "walkable": true, "on_campus": false, "nodes": [113037841, 113037844, 113037845, 113037847, 113037849, 113037852, 113037855, 113037858, 113037861, 113037863, 7007715942, 8133407328, 113037864, 113037865, 113037867, 113037869, 113037871, 113037875, 113037877, 113037880, 113037883]}, "geometry": {"type": "LineString", "coordinates": [[-82.4285802, 34.9386248], [-82.428551, 34.938613], [-82.428523, 34.938597], [-82.42849, 34.938568], [-82.428472, 34.938544], [-82.428419, 34.93844], [-82.428387, 34.938348], [-82.42837, 34.938252], [-82.428365, 34.938145], [-82.428399, 34.937721], [-82.4283973, 34.9375998], [-82.4283945, 34.9374029], [-82.42839, 34.937078], [-82.428402, 34.936887], [-82.428428, 34.936671], [-82.428484, 34.93648], [-82.428514, 34.936423], [-82.428561, 34.936369], [-82.4286, 34.93634], [-82.428648, 34.936316], [-82.428676, 34.936307]]}}, {"type": "Feature", "id": "w763346110", "properties": {"highway": "service", "walkable": true, "on_campus": false, "nodes": [7013412663, 7132967912, 7132967913, 7132967914, 7132967915, 7132967917, 7132967916]}, "geometry": {"type": "LineString", "coordinates": [[-82.4294553, 34.9309221], [-82.4293976, 34.9309396], [-82.4286332, 34.9308639], [-82.4286142, 34.9310294], [-82.4291957, 34.9310931], [-82.4293106, 34.9311101], [-82.4294241, 34.931127]]}}, {"type": "Feature", "id": "w763346111", "properties": {"highway": "service", "walkable": true, "on_campus": false, "nodes": [7132967917, 7132967918, 7132967919]}, "geometry": {"type": "LineString", "coordinates": [[-82.4293106, 34.9311101], [-82.4292216, 34.9316186], [-82.4286453, 34.9315818]]}}, {"type": "Feature", "id": "w763346112", "properties": {"highway": "service", "walkable": true, "on_campus": false, "nodes": [7132967918, 7132967920]}, "geometry": {"type": "LineString", "coordinates": [[-82.4292216, 34.9316186], [-82.429347, 34.9316335]]}}, {"type": "Feature", "id": "w763533397", "properties": {"access": "private", "highway": "service", "walkable": true, "on_campus": false, "nodes": [7134849244, 7134849245, 112708854, 7134849246, 7134849247, 7134849248, 7134849249, 7134849250, 7134849251, 7134849252, 7134849253, 7134849254]}, "geometry": {"type": "LineString", "coordinates": [[-82.4461543, 34.9157936], [-82.4463237, 34.9157317], [-82.4463492, 34.9157226], [-82.4464651, 34.9156813], [-82.4465358, 34.9156676], [-82.4466363, 34.9157073], [-82.4467089, 34.9157775], [-82.4467405, 34.9158965], [-82.446681, 34.9162321], [-82.4466214, 34.9163801], [-82.4466344, 34.9165342], [-82.4466977, 34.9166456]]}}, {"type": "Feature", "id": "w763533398", "properties": {"access": "private", "highway": "service", "walkable": true, "on_campus": false, "nodes": [112741495, 7134849255, 7134849256, 7134849257, 7134849268, 7134849258, 7134849259, 7134849260, 7134849261, 7134849262, 7134849263, 7134849264, 7134849265, 7134849266, 7134849267, 7134849268]}, "geometry": {"type": "LineString", "coordinates": [[-82.448956, 34.915396], [-82.4489621, 34.9153483], [-82.4489408, 34.9152806], [-82.448837, 34.9151301], [-82.4488233, 34.9151106], [-82.4487971, 34.9150733], [-82.4487545, 34.9150079], [-82.4487279, 34.9148987], [-82.4486454, 34.9149075], [-82.4485975, 34.9149227], [-82.4485496, 34.9149598], [-82.4485176, 34.9150079], [-82.4485336, 34.9150624], [-82.4485735, 34.9150886], [-82.4486267, 34.9151061], [-82.4488233, 34.9151106]]}}, {"type": "Feature", "id": "w764056150", "properties": {"access": "private", "highway": "service", "walkable": true, "on_campus": false, "nodes": [7138169983, 7138169984, 7138174385]}, "geometry": {"type": "LineString", "coordinates": [[-82.425514, 34.9212795], [-82.4257269, 34.9211335], [-82.425915, 34.920976]]}}, {"type": "Feature", "id": "w764056151", "properties": {"access": "private", "highway": "service", "walkable": true, "on_campus": false, "nodes": [7138174386, 7138174387, 7138174388, 7138174389]}, "geometry": {"type": "LineString", "coordinates": [[-82.4264781, 34.9216593], [-82.4266359, 34.921469], [-82.4267947, 34.9212588], [-82.4268722, 34.9211133]]}}, {"type": "Feature", "id": "w764057687", "properties": {"highway": "service", "walkable": true, "on_campus": false, "nodes": [1832591050, 112702701]}, "geometry": {"type": "LineString", "coordinates": [[-82.4299759, 34.914789], [-82.429726, 34.915105]]}}, {"type": "Feature", "id": "w764057688", "properties": {"highway": "service", "walkable": true, "on_campus": false, "nodes": [7138176236, 7138176237, 7138176238, 7138176239, 1832591050]}, "geometry": {"type": "LineString", "coordinates": [[-82.429332, 34.9147697], [-82.4293953, 34.9147122], [-82.4294999, 34.9146715], [-82.429567, 34.9146781], [-82.4299759, 34.914789]]}}, {"type": "Feature", "id": "w764057689", "properties": {"access": "private", "highway": "service", "walkable": true, "on_campus": false, "nodes": [7138176241, 7138176240, 112702704]}, "geometry": {"type": "LineString", "coordinates": [[-82.4294677, 34.9144141], [-82.4292532, 34.9144075], [-82.4290501, 34.9144532]]}}, {"type": "Feature", "id": "w765289835", "properties": {"access": "private", "highway": "service", "walkable": true, "on_campus": false, "nodes": [113342685, 7147804045, 7147804046, 7147804047, 7147804048, 7147804049, 7147804050, 7147804051, 7147804052, 7147804053, 7147804054, 7147804055, 7147804056, 7147804057, 7147804058, 7147804059, 7147804060, 7147804061, 7147804062]}, "geometry": {"type": "LineString", "coordinates": [[-82.421928, 34.935266], [-82.4218785, 34.9352762], [-82.4218487, 34.9352824], [-82.4218095, 34.9352873], [-82.4217857, 34.935288], [-82.4217551, 34.9352852], [-82.4217031, 34.9352762], [-82.4216597, 34.9352699], [-82.4216205, 34.9352685], [-82.4215814, 34.9352699], [-82.4215575, 34.9352817], [-82.4215013, 34.9353383], [-82.4214656, 34.9353641], [-82.4214434, 34.9353781], [-82.4214136, 34.9353878], [-82.4213855, 34.9353927], [-82.4213608, 34.9353941], [-82.4213293, 34.9353864], [-82.4212995, 34.9353774]]}}, {"type": "Feature", "id": "w766826277", "properties": {"highway": "service", "walkable": true, "on_campus": false, "nodes": [7161724981, 7161749891, 7161724982, 7161724983, 7161724984, 7161749885, 7161749886, 7161749887, 7161749888, 7954610625, 7161749889, 7161749890, 7954610628, 7161749891]}, "geometry": {"type": "LineString", "coordinates": [[-82.4297584, 34.9289438], [-82.4311156, 34.9289365], [-82.4313602, 34.9289351], [-82.4313828, 34.9289362], [-82.4314147, 34.9289482], [-82.431432, 34.9289624], [-82.43144, 34.9289896], [-82.4314267, 34.9296337], [-82.4313775, 34.9296653], [-82.4312883, 34.9296658], [-82.4311622, 34.9296664], [-82.4311263, 34.9296414], [-82.431118, 34.9290931], [-82.4311156, 34.9289365]]}}, {"type": "Feature", "id": "w766826278", "properties": {"highway": "service", "walkable": true, "on_campus": false, "nodes": [7161724982, 7161749892, 7161749893, 7161749894, 7161749895, 7161749896, 7161749897, 7161749898]}, "geometry": {"type": "LineString", "coordinates": [[-82.4313602, 34.9289351], [-82.4313708, 34.9287958], [-82.4313801, 34.928774], [-82.4313934, 34.9287631], [-82.431428, 34.9287576], [-82.432292, 34.9287565], [-82.4323186, 34.9287631], [-82.4324688, 34.9289146]]}}, {"type": "Feature", "id": "w773091617", "properties": {"highway": "service", "walkable": true, "on_campus": false, "nodes": [3762950792, 7218159565, 7218159566, 7218159567, 7218159568, 7218159569, 7218159570, 7218159571, 7218159572, 7218159573, 7218159574, 7218159565]}, "geometry": {"type": "LineString", "coordinates": [[-82.4299204, 34.9118696], [-82.4298822, 34.9119904], [-82.4298137, 34.9119998], [-82.4297132, 34.9120035], [-82.4296755, 34.9120494], [-82.4296024, 34.9123031], [-82.4296184, 34.9123687], [-82.4296675, 34.9123977], [-82.4297977, 34.9124145], [-82.4298479, 34.9123827], [-82.4299301, 34.9121027], [-82.4298822, 34.9119904]]}}, {"type": "Feature", "id": "w773732456", "properties": {"access": "private", "highway": "service", "walkable": true, "on_campus": false, "nodes": [7104233711, 7222117145, 7222117146, 7222117147, 7222117148, 7222117149, 7222117150, 7222117151, 7222117152, 7222117153, 7222117154, 7222117155, 7222117156, 7222117157, 7222117158, 7222117159, 7222117160, 7222117161, 7222117162, 7222117163, 7222117164]}, "geometry": {"type": "LineString", "coordinates": [[-82.4215305, 34.9201505], [-82.4214578, 34.9202772], [-82.421414, 34.920357], [-82.4213755, 34.9204014], [-82.4213213, 34.9204384], [-82.4212658, 34.9204807], [-82.4212384, 34.9205048], [-82.4212116, 34.9205658], [-82.4212031, 34.9206306], [-82.4212064, 34.9207323], [-82.4211933, 34.9207789], [-82.4211698, 34.9208705], [-82.4211404, 34.920977], [-82.4211182, 34.9210857], [-82.4210856, 34.921159], [-82.4210536, 34.9211885], [-82.4209889, 34.921226], [-82.4209047, 34.9212399], [-82.4207637, 34.921242], [-82.4206795, 34.9212366], [-82.4206226, 34.9212198]]}}, {"type": "Feature", "id": "w775840887", "properties": {"access": "private", "highway": "service", "walkable": true, "on_campus": false, "nodes": [7237816021, 7237816022, 7237816023, 7237816024, 7237816025, 7237816026, 7237816027, 7237816028, 7237816029, 7237816030, 7237816031, 7237816032, 7237816033]}, "geometry": {"type": "LineString", "coordinates": [[-82.4211069, 34.9132603], [-82.4210586, 34.913251], [-82.4210064, 34.913214], [-82.4209622, 34.913161], [-82.4208401, 34.9130514], [-82.4205614, 34.9128345], [-82.4204691, 34.9127615], [-82.4204306, 34.912735], [-82.4203813, 34.9127186], [-82.4203135, 34.9127097], [-82.4202257, 34.9127135], [-82.4201564, 34.9127363], [-82.4201086, 34.912754]]}}, {"type": "Feature", "id": "w779814831", "properties": {"access": "private", "highway": "service", "walkable": true, "on_campus": false, "nodes": [7281604525, 7281604526, 7281604527, 7281604528, 7281604529, 7281604530, 7281604531, 7281604532, 7281604533]}, "geometry": {"type": "LineString", "coordinates": [[-82.4218883, 34.9306371], [-82.4221015, 34.9306713], [-82.4222864, 34.9306694], [-82.4225326, 34.930653], [-82.4228895, 34.9306269], [-82.4230698, 34.9306076], [-82.4234019, 34.9305873], [-82.4236352, 34.9305709], [-82.4240227, 34.9305545]]}}, {"type": "Feature", "id": "w779819576", "properties": {"access": "private", "highway": "service", "walkable": true, "on_campus": false, "nodes": [7013412661, 7281644862, 7281644863, 7281644864, 7281644865, 7281644866, 7281644867, 7281644868, 7281644869, 7281644877, 7281644870, 7281644871, 7281644872, 7281644873, 7281644874, 7281644875, 7281644876, 7013412660]}, "geometry": {"type": "LineString", "coordinates": [[-82.4296847, 34.9308876], [-82.4298108, 34.9308982], [-82.4302342, 34.9309335], [-82.4307644, 34.9310088], [-82.431229, 34.9310349], [-82.431452, 34.9310887], [-82.4315157, 34.9311777], [-82.4315531, 34.9313482], [-82.4314988, 34.9315141], [-82.4314029, 34.9316643], [-82.4312272, 34.9317952], [-82.4310136, 34.9319426], [-82.4307981, 34.9320041], [-82.4303803, 34.9320148], [-82.4300429, 34.932005], [-82.4299652, 34.9319314], [-82.4297979, 34.9318978], [-82.4295784, 34.9318872]]}}, {"type": "Feature", "id": "w779819577", "properties": {"highway": "service", "walkable": true, "on_campus": false, "nodes": [7281644874, 7281644878, 7281644879]}, "geometry": {"type": "LineString", "coordinates": [[-82.4300429, 34.932005], [-82.4297263, 34.9320146], [-82.4292885, 34.932018]]}}, {"type": "Feature", "id": "w782420870", "properties": {"access": "private", "highway": "service", "walkable": true, "on_campus": false, "nodes": [7306196301, 7306196302, 7306196303, 7306196304, 7306196305, 7306196306, 7306196307, 7306196308, 7306196309, 7306196310]}, "geometry": {"type": "LineString", "coordinates": [[-82.4353133, 34.9147011], [-82.4353249, 34.9146532], [-82.4353435, 34.9145739], [-82.4353758, 34.9145343], [-82.4354191, 34.9144865], [-82.4354865, 34.9144172], [-82.435555, 34.9144135], [-82.4356046, 34.9144617], [-82.435634, 34.9145012], [-82.4356962, 34.9145629]]}}, {"type": "Feature", "id": "w783781247", "properties": {"highway": "service", "walkable": true, "on_campus": false, "nodes": [7320869362, 7320869363, 7320869364, 7320869365, 7320869366, 7320869367, 7320869368, 7320869369, 7320869370]}, "geometry": {"type": "LineString", "coordinates": [[-82.4296325, 34.9196926], [-82.4289154, 34.9197856], [-82.4286933, 34.91981], [-82.4285229, 34.9198359], [-82.4284581, 34.919839], [-82.4284173, 34.9198364], [-82.4284011, 34.9198276], [-82.4283911, 34.9198055], [-82.4283595, 34.9196211]]}}, {"type": "Feature", "id": "w792107197", "properties": {"highway": "service", "walkable": true, "on_campus": false, "nodes": [113114802, 7405222033, 7405222034, 7405222035, 7405222036, 7405222037, 7405222038, 7405222039, 7405222040, 7405222041, 7405222042, 7405222043, 7405222044]}, "geometry": {"type": "LineString", "coordinates": [[-82.423755, 34.921869], [-82.4238319, 34.9219271], [-82.4238716, 34.9219922], [-82.4238996, 34.9220927], [-82.4239158, 34.9221566], [-82.423938, 34.9222236], [-82.4239602, 34.9222772], [-82.4239987, 34.9223289], [-82.4240384, 34.9223672], [-82.4241206, 34.9224482], [-82.42419, 34.9224972], [-82.424272, 34.9225278], [-82.4243525, 34.9225502]]}}, {"type": "Feature", "id": "w800619855", "properties": {"highway": "residential", "name": "Trianon Way", "surface": "asphalt", "walkable": true, "on_campus": false, "nodes": [7488182169, 7488182170, 7488182171, 7488182172, 7488182173]}, "geometry": {"type": "LineString", "coordinates": [[-82.45454, 34.931846], [-82.4545978, 34.9322191], [-82.4547773, 34.9328664], [-82.4549866, 34.9336125], [-82.4550974, 34.9340058]]}}, {"type": "Feature", "id": "w803526831", "properties": {"highway": "service", "walkable": true, "on_campus": false, "nodes": [7516233412, 5174769084]}, "geometry": {"type": "LineString", "coordinates": [[-82.4433772, 34.9354612], [-82.4427581, 34.9354358]]}}, {"type": "Feature", "id": "w803526832", "properties": {"highway": "service", "walkable": true, "on_campus": false, "nodes": [7516233413, 7516233414, 7516233415, 7516233416, 7516233417, 8973631367, 7516233418, 7516233419, 7516233420, 7516233421]}, "geometry": {"type": "LineString", "coordinates": [[-82.4427576, 34.9344925], [-82.4432603, 34.9345148], [-82.4433493, 34.9345148], [-82.4433829, 34.9344931], [-82.443407, 34.9344655], [-82.4434177, 34.9343188], [-82.4434286, 34.9341698], [-82.4434238, 34.9341344], [-82.4434022, 34.9341206], [-82.4427875, 34.9340929]]}}, {"type": "Feature", "id": "w806728298", "properties": {"access": "private", "highway": "service", "walkable": true, "on_campus": false, "nodes": [7543890853, 7543890854, 7543890855, 7543890856, 7543890857, 7543890858, 12335055173, 12335055161, 12335055154, 7543890859, 12335055155, 7543890860, 7543890861, 7543890862, 7543890863, 7543890864, 12335055156, 7543890865, 12335055157, 7543890859]}, "geometry": {"type": "LineString", "coordinates": [[-82.4439419, 34.9191613], [-82.4441314, 34.9190425], [-82.4443179, 34.9189676], [-82.4445697, 34.918928], [-82.4447851, 34.9189529], [-82.4449547, 34.9190047], [-82.4449751, 34.919014], [-82.4450616, 34.9190541], [-82.4452552, 34.9191436], [-82.4453885, 34.9191739], [-82.4454924, 34.9192046], [-82.4455707, 34.9191913], [-82.4456235, 34.9191547], [-82.445636, 34.9191058], [-82.4456258, 34.919053], [-82.4455763, 34.9190185], [-82.4455291, 34.9190112], [-82.4454759, 34.9190447], [-82.4454008, 34.9191245], [-82.4453885, 34.9191739]]}}, {"type": "Feature", "id": "w808634142", "properties": {"access": "customers", "highway": "service", "walkable": true, "on_campus": false, "nodes": [7561389113, 7561389114, 7561389115, 7561389116, 7561389117]}, "geometry": {"type": "LineString", "coordinates": [[-82.4296865, 34.9130512], [-82.4297324, 34.9128939], [-82.4295845, 34.9128563], [-82.4294994, 34.9128961], [-82.4294707, 34.9129892]]}}, {"type": "Feature", "id": "w808634143", "properties": {"access": "customers", "highway": "service", "walkable": true, "on_campus": false, "nodes": [7561389116, 7561389118, 8355730718, 7561389119]}, "geometry": {"type": "LineString", "coordinates": [[-82.4294994, 34.9128961], [-82.4293881, 34.9127318], [-82.4293797, 34.9126289], [-82.4292504, 34.9125536]]}}, {"type": "Feature", "id": "w827190801", "properties": {"access": "private", "highway": "service", "walkable": true, "on_campus": false, "nodes": [7722626531, 7722626532]}, "geometry": {"type": "LineString", "coordinates": [[-82.4293796, 34.9338484], [-82.4291577, 34.9342289]]}}, {"type": "Feature", "id": "w827193424", "properties": {"highway": "service", "walkable": true, "on_campus": false, "nodes": [7722650742, 7013678627]}, "geometry": {"type": "LineString", "coordinates": [[-82.4315233, 34.9383353], [-82.4311777, 34.9379264]]}}, {"type": "Feature", "id": "w827193425", "properties": {"highway": "service", "walkable": true, "on_campus": false, "nodes": [7722650745, 7722650744, 7722650743, 7013678625]}, "geometry": {"type": "LineString", "coordinates": [[-82.4320123, 34.937364], [-82.4327006, 34.9380648], [-82.4328273, 34.937984], [-82.4325404, 34.937676]]}}, {"type": "Feature", "id": "w827198853", "properties": {"highway": "service", "surface": "asphalt", "walkable": true, "on_campus": false, "nodes": [5463343433, 7722683324, 7722683325, 7722683326, 7722683327, 7722683328, 7722683329, 7722683330, 7722683331]}, "geometry": {"type": "LineString", "coordinates": [[-82.450973, 34.9219303], [-82.4508918, 34.9217587], [-82.4508431, 34.9216979], [-82.4507731, 34.9215519], [-82.4507053, 34.9214285], [-82.4507435, 34.9213155], [-82.4510625, 34.9207034], [-82.4510717, 34.9206056], [-82.4510804, 34.9205051]]}}, {"type": "Feature", "id": "w836312418", "properties": {"highway": "service", "walkable": true, "on_campus": false, "nodes": [7805809028, 7805809029]}, "geometry": {"type": "LineString", "coordinates": [[-82.4501064, 34.9176599], [-82.450642, 34.9177201]]}}, {"type": "Feature", "id": "w838043523", "properties": {"highway": "service", "walkable": true, "on_campus": false, "nodes": [7821704638, 7821704639, 7821704640, 7821704641, 7821704642, 7821704643, 7821704644, 7821704645, 7821704646]}, "geometry": {"type": "LineString", "coordinates": [[-82.4521618, 34.9325805], [-82.4522254, 34.9326339], [-82.4522785, 34.9327013], [-82.4523474, 34.9328307], [-82.452366, 34.932909], [-82.4523514, 34.9330035], [-82.4523182, 34.9330796], [-82.4522864, 34.9331231], [-82.4521644, 34.9332101]]}}, {"type": "Feature", "id": "w844984672", "properties": {"highway": "service", "walkable": true, "on_campus": false, "nodes": [7883345855, 7883345856, 7883345857, 7883345858, 7883345859]}, "geometry": {"type": "LineString", "coordinates": [[-82.4232305, 34.9224079], [-82.423401, 34.9225764], [-82.42367, 34.9228627], [-82.4237335, 34.922886], [-82.4238297, 34.9228801]]}}, {"type": "Feature", "id": "w849264755", "properties": {"highway": "service", "walkable": true, "on_campus": false, "nodes": [7923436600, 7923436601]}, "geometry": {"type": "LineString", "coordinates": [[-82.4305147, 34.9128554], [-82.4313162, 34.9130617]]}}, {"type": "Feature", "id": "w849264756", "properties": {"highway": "service", "walkable": true, "on_campus": false, "nodes": [7923436602, 7923436603]}, "geometry": {"type": "LineString", "coordinates": [[-82.4306237, 34.9122167], [-82.4312988, 34.9123617]]}}, {"type": "Feature", "id": "w849670902", "properties": {"highway": "residential", "walkable": true, "on_campus": false, "nodes": [5463343321, 7927157728]}, "geometry": {"type": "LineString", "coordinates": [[-82.4536023, 34.9264595], [-82.4533071, 34.926561]]}}, {"type": "Feature", "id": "w849670903", "properties": {"highway": "residential", "walkable": true, "on_campus": false, "nodes": [5463343332, 7927157729]}, "geometry": {"type": "LineString", "coordinates": [[-82.4524516, 34.9264485], [-82.4521281, 34.9265606]]}}, {"type": "Feature", "id": "w849670904", "properties": {"highway": "residential", "walkable": true, "on_campus": false, "nodes": [5463343334, 7927157730]}, "geometry": {"type": "LineString", "coordinates": [[-82.4521304, 34.9257487], [-82.4524286, 34.9256628]]}}, {"type": "Feature", "id": "w850408812", "properties": {"highway": "service", "walkable": true, "on_campus": false, "nodes": [7933768184, 7933768183, 7933768182, 7933768181, 7933768180, 7933768179, 7933768178, 7933768177, 7933768176, 7933768175, 7933768173, 7933768174]}, "geometry": {"type": "LineString", "coordinates": [[-82.427591, 34.9245146], [-82.4276439, 34.9244985], [-82.4276907, 34.9244783], [-82.4277362, 34.924449], [-82.4277645, 34.9244046], [-82.4277793, 34.9243309], [-82.4277793, 34.9242441], [-82.4277202, 34.9239283], [-82.4277116, 34.9238344], [-82.4277153, 34.9237163], [-82.4277295, 34.9236148], [-82.4279772, 34.9230692]]}}, {"type": "Feature", "id": "w850408813", "properties": {"highway": "service", "walkable": true, "on_campus": false, "nodes": [7933792485, 7933792486, 7933792487, 7933792488, 7933792489, 7933792490, 7933792491, 7933792492, 7933792493, 7933792494, 7933792495, 7933792496, 7933792497, 7933792498, 7933792499]}, "geometry": {"type": "LineString", "coordinates": [[-82.4303829, 34.9243405], [-82.4304858, 34.9242476], [-82.4305336, 34.9241606], [-82.430638, 34.923985], [-82.4306751, 34.9238791], [-82.4306875, 34.9237775], [-82.4306769, 34.9236876], [-82.4306221, 34.9235454], [-82.4305672, 34.9234206], [-82.4305123, 34.9233248], [-82.4304451, 34.9232262], [-82.4303796, 34.9231203], [-82.4303389, 34.9230767], [-82.4302788, 34.9230564], [-82.4301804, 34.9230491]]}}, {"type": "Feature", "id": "w850408814", "properties": {"highway": "service", "walkable": true, "on_campus": false, "nodes": [7933792495, 7933792500, 7933792501, 7933792502]}, "geometry": {"type": "LineString", "coordinates": [[-82.4304451, 34.9232262], [-82.430369, 34.9231972], [-82.4302557, 34.9231507], [-82.4301957, 34.9231431]]}}, {"type": "Feature", "id": "w850736566", "properties": {"access": "private", "highway": "service", "surface": "asphalt", "walkable": true, "on_campus": false, "nodes": [7936484454, 7936484460, 7936484455, 7936484456, 7936484457, 3414719818, 7936484459]}, "geometry": {"type": "LineString", "coordinates": [[-82.4489815, 34.933782], [-82.4488104, 34.933674], [-82.4487399, 34.9336259], [-82.4487312, 34.9336033], [-82.4487407, 34.9335605], [-82.4498669, 34.9322331], [-82.4499847, 34.9320843]]}}, {"type": "Feature", "id": "w850871636", "properties": {"highway": "service", "walkable": true, "on_campus": false, "nodes": [7937499572, 7937499573, 7937499574, 7937499575]}, "geometry": {"type": "LineString", "coordinates": [[-82.4483358, 34.9174723], [-82.4486827, 34.917531], [-82.4488063, 34.917506], [-82.4488386, 34.9174722]]}}, {"type": "Feature", "id": "w852638124", "properties": {"highway": "service", "walkable": true, "on_campus": true, "nodes": [7953744712, 11393387750, 7953744710, 7953744713, 7953744714, 7953744715, 7953744716, 7953744717, 7953744718, 7953744719, 7953744720, 7953744721, 7953744722, 7953744723, 11393387751, 11393387750]}, "geometry": {"type": "LineString", "coordinates": [[-82.4449598, 34.9233847], [-82.4445899, 34.9233207], [-82.444535, 34.9233112], [-82.4444047, 34.923273], [-82.4443488, 34.923266], [-82.4442427, 34.9232702], [-82.4441702, 34.9233039], [-82.4440694, 34.9233579], [-82.444017, 34.9234392], [-82.4439538, 34.9235797], [-82.4439592, 34.9236239], [-82.4439838, 34.9236498], [-82.4443215, 34.9237604], [-82.4443654, 34.9237743], [-82.4445227, 34.9234565], [-82.4445899, 34.9233207]]}}, {"type": "Feature", "id": "w852686128", "properties": {"highway": "service", "walkable": true, "on_campus": false, "nodes": [7954231540, 7954231541, 12473216137, 7954231545, 7954231542, 7954231543, 7954231544]}, "geometry": {"type": "LineString", "coordinates": [[-82.4398227, 34.9151374], [-82.4396665, 34.9150255], [-82.4395958, 34.9149787], [-82.4395633, 34.9149572], [-82.4394485, 34.914919], [-82.4393961, 34.914956], [-82.4393407, 34.9150396]]}}, {"type": "Feature", "id": "w852726999", "properties": {"highway": "service", "walkable": true, "on_campus": false, "nodes": [7954610625, 7954610626, 7954610627, 7954610628]}, "geometry": {"type": "LineString", "coordinates": [[-82.4312883, 34.9296658], [-82.4312994, 34.9291339], [-82.4312699, 34.9290915], [-82.431118, 34.9290931]]}}, {"type": "Feature", "id": "w853197742", "properties": {"highway": "service", "walkable": true, "on_campus": false, "nodes": [7958647376, 7958647377, 7958647378]}, "geometry": {"type": "LineString", "coordinates": [[-82.424478, 34.9190415], [-82.4250124, 34.9189579], [-82.4260275, 34.9188732]]}}, {"type": "Feature", "id": "w873354026", "properties": {"highway": "service", "walkable": true, "on_campus": false, "nodes": [8133179616, 8133216017, 8133216018, 8133216019, 8133216020, 8133216021, 8133216022, 8133216023]}, "geometry": {"type": "LineString", "coordinates": [[-82.4295387, 34.9191236], [-82.4294182, 34.9191458], [-82.4292066, 34.9191819], [-82.4291057, 34.919199], [-82.4290464, 34.9192008], [-82.4290059, 34.9191909], [-82.4289707, 34.9191531], [-82.4289664, 34.9191126]]}}, {"type": "Feature", "id": "w873374012", "properties": {"highway": "service", "walkable": true, "on_campus": false, "nodes": [8133407328, 8133407329, 8133407330]}, "geometry": {"type": "LineString", "coordinates": [[-82.4283945, 34.9374029], [-82.4285596, 34.9374], [-82.4287192, 34.9373826]]}}, {"type": "Feature", "id": "w873374761", "properties": {"highway": "service", "walkable": true, "on_campus": false, "nodes": [8133407435, 8133407436, 8133407437, 8133407438, 8133407439, 8133407440, 8133407441, 8133407442, 8133407443, 8133407444, 8133407445, 8133407446, 8133407447, 8133407448]}, "geometry": {"type": "LineString", "coordinates": [[-82.4551574, 34.9368548], [-82.4551688, 34.9367853], [-82.455175, 34.9367248], [-82.4551662, 34.9366289], [-82.4551539, 34.9365777], [-82.4551451, 34.9365459], [-82.455116, 34.9365229], [-82.4550474, 34.9364933], [-82.4549762, 34.9364695], [-82.4549278, 34.9364623], [-82.4548786, 34.9364666], [-82.4547748, 34.9365524], [-82.4546727, 34.9366714], [-82.4546194, 34.9367446]]}}, {"type": "Feature", "id": "w873374762", "properties": {"highway": "service", "walkable": true, "on_campus": false, "nodes": [8133407449, 8133407450, 8133407451, 8133407452, 8133407453, 8133407454, 8133407455, 8133407456, 8133407457]}, "geometry": {"type": "LineString", "coordinates": [[-82.4565549, 34.9365866], [-82.4565652, 34.9365428], [-82.4565717, 34.9364996], [-82.4565903, 34.9364737], [-82.4566811, 34.9364325], [-82.4568666, 34.9364026], [-82.4570579, 34.9363907], [-82.4572418, 34.9364093], [-82.4573956, 34.9364488]]}}, {"type": "Feature", "id": "w873374763", "properties": {"highway": "service", "walkable": true, "on_campus": false, "nodes": [8133407458, 8133407459, 8133407460, 8133407461, 8133407462, 8133407463, 8133407464, 8133407465]}, "geometry": {"type": "LineString", "coordinates": [[-82.4548122, 34.9354146], [-82.4548062, 34.9353924], [-82.4548003, 34.9353501], [-82.4548156, 34.935298], [-82.454852, 34.9351821], [-82.4548731, 34.9351106], [-82.4549036, 34.9350266], [-82.4549204, 34.9349625]]}}, {"type": "Feature", "id": "w873426118", "properties": {"access": "customers", "highway": "service", "walkable": true, "on_campus": false, "nodes": [8133984144, 8133984149, 8133984145]}, "geometry": {"type": "LineString", "coordinates": [[-82.4290464, 34.9114104], [-82.4289689, 34.9115449], [-82.4286674, 34.9120678]]}}, {"type": "Feature", "id": "w873426119", "properties": {"access": "customers", "highway": "service", "walkable": true, "on_campus": false, "nodes": [8133984150, 8133984151]}, "geometry": {"type": "LineString", "coordinates": [[-82.4291995, 34.9119764], [-82.4294036, 34.9120161]]}}, {"type": "Feature", "id": "w873426120", "properties": {"access": "customers", "highway": "service", "walkable": true, "on_campus": false, "nodes": [8133984152, 8133984153]}, "geometry": {"type": "LineString", "coordinates": [[-82.42881, 34.9121254], [-82.4287274, 34.9122702]]}}, {"type": "Feature", "id": "w873426121", "properties": {"access": "customers", "highway": "service", "walkable": true, "on_campus": false, "nodes": [8133984145, 8133984152, 8133984146, 8133984147, 8133984150, 8133984148, 8133984149]}, "geometry": {"type": "LineString", "coordinates": [[-82.4286674, 34.9120678], [-82.42881, 34.9121254], [-82.4290724, 34.9122316], [-82.4291279, 34.9122228], [-82.4291995, 34.9119764], [-82.4292892, 34.9116673], [-82.4289689, 34.9115449]]}}, {"type": "Feature", "id": "w873426122", "properties": {"access": "customers", "highway": "service", "walkable": true, "on_campus": false, "nodes": [8133984154, 8133984156, 8133984155]}, "geometry": {"type": "LineString", "coordinates": [[-82.4292234, 34.9126371], [-82.4285658, 34.9123806], [-82.4284664, 34.9123425]]}}, {"type": "Feature", "id": "w873426123", "properties": {"access": "customers", "highway": "service", "walkable": true, "on_campus": false, "nodes": [8133984156, 8133984157]}, "geometry": {"type": "LineString", "coordinates": [[-82.4285658, 34.9123806], [-82.4286411, 34.9122374]]}}, {"type": "Feature", "id": "w873436510", "properties": {"highway": "service", "walkable": true, "on_campus": false, "nodes": [8134105665, 8134105666, 8134105667, 8134105668, 8134105669]}, "geometry": {"type": "LineString", "coordinates": [[-82.4281256, 34.9337168], [-82.4281279, 34.933843], [-82.4281451, 34.9340297], [-82.428148, 34.9341233], [-82.4281586, 34.9341911]]}}, {"type": "Feature", "id": "w873440237", "properties": {"highway": "service", "walkable": true, "on_campus": false, "nodes": [8134130114, 8134130115, 8134130116, 8134142417, 8134142418, 8134142419, 8134142420, 8134142421, 8134142422, 8134142423, 8134142424]}, "geometry": {"type": "LineString", "coordinates": [[-82.4275341, 34.9230433], [-82.4275062, 34.923106], [-82.4274708, 34.9231723], [-82.4274564, 34.9232265], [-82.4274651, 34.9232649], [-82.4274963, 34.9232948], [-82.4275423, 34.9233062], [-82.4276013, 34.9233104], [-82.4276776, 34.9232841], [-82.427734, 34.9232386], [-82.4278659, 34.9230587]]}}, {"type": "Feature", "id": "w873847211", "properties": {"highway": "service", "walkable": true, "on_campus": false, "nodes": [8136058662, 8136058663]}, "geometry": {"type": "LineString", "coordinates": [[-82.4522933, 34.9261036], [-82.451968, 34.9262111]]}}, {"type": "Feature", "id": "w874010774", "properties": {"highway": "service", "walkable": true, "on_campus": false, "nodes": [112743147, 8137061642, 8137061643, 8137061644, 8137061645, 8137061646]}, "geometry": {"type": "LineString", "coordinates": [[-82.422029, 34.927145], [-82.422126, 34.9271132], [-82.4221873, 34.9270434], [-82.4222739, 34.9269599], [-82.4223073, 34.9268889], [-82.4222906, 34.9268203]]}}, {"type": "Feature", "id": "w874010775", "properties": {"highway": "service", "walkable": true, "on_campus": false, "nodes": [8137061647, 8137061648, 8137061649, 8137061650, 8137061651, 8137061652, 8137061653]}, "geometry": {"type": "LineString", "coordinates": [[-82.4220011, 34.9278142], [-82.4219369, 34.9278598], [-82.4218618, 34.9278931], [-82.4217769, 34.9279093], [-82.4216685, 34.9279466], [-82.4216094, 34.9279789], [-82.4215319, 34.9280677]]}}, {"type": "Feature", "id": "w874037508", "properties": {"highway": "service", "walkable": true, "on_campus": false, "nodes": [8137209607, 8137209608, 8137209609, 8137209610, 8137209611, 8137209612, 8137209613]}, "geometry": {"type": "LineString", "coordinates": [[-82.4220715, 34.9196205], [-82.4220307, 34.9197331], [-82.4219399, 34.9198634], [-82.421909, 34.919992], [-82.4219337, 34.9200918], [-82.4219874, 34.9201155], [-82.4220472, 34.9201341]]}}, {"type": "Feature", "id": "w874038108", "properties": {"access": "private", "highway": "service", "walkable": true, "on_campus": true, "nodes": [3092858034, 8137294348, 8137294349, 8137294350, 8137294351, 8137294352, 8137294353, 8137294354, 736993017]}, "geometry": {"type": "LineString", "coordinates": [[-82.4443809, 34.9245352], [-82.4437722, 34.9243141], [-82.4437345, 34.9242699], [-82.4437165, 34.9241918], [-82.4437363, 34.9241196], [-82.443783, 34.9240636], [-82.4438531, 34.9240489], [-82.443916, 34.9240636], [-82.444542, 34.9242969]]}}, {"type": "Feature", "id": "w874078669", "properties": {"highway": "service", "walkable": true, "on_campus": false, "nodes": [8137677154, 8137677155, 8137677156]}, "geometry": {"type": "LineString", "coordinates": [[-82.4481145, 34.9184189], [-82.4481965, 34.9184383], [-82.4487159, 34.9185418]]}}, {"type": "Feature", "id": "w874493790", "properties": {"access": "customers", "highway": "service", "walkable": true, "on_campus": false, "nodes": [8140669548, 8140669549, 8140669550, 8140669551, 8140669552, 8140669553, 8140669554, 8140669555]}, "geometry": {"type": "LineString", "coordinates": [[-82.4562122, 34.9248252], [-82.4563459, 34.9249757], [-82.45637, 34.9250403], [-82.4560232, 34.9253903], [-82.455937, 34.9254865], [-82.4558822, 34.9255273], [-82.4558402, 34.92555], [-82.4556328, 34.9255435]]}}, {"type": "Feature", "id": "w874493791", "properties": {"access": "customers", "highway": "service", "walkable": true, "on_campus": false, "nodes": [8140669556, 8140669557, 8140669558, 8140669559, 8140669560, 8140669561, 8140669562, 8140669563, 8140669564, 8140669565, 8140669550]}, "geometry": {"type": "LineString", "coordinates": [[-82.4563801, 34.9246044], [-82.4565059, 34.9247255], [-82.4565328, 34.9247697], [-82.4565513, 34.9248198], [-82.4565526, 34.9248765], [-82.4565562, 34.9249299], [-82.4565531, 34.9249781], [-82.4565337, 34.9250348], [-82.4565122, 34.9250447], [-82.4564812, 34.9250477], [-82.45637, 34.9250403]]}}, {"type": "Feature", "id": "w880787948", "properties": {"highway": "service", "walkable": true, "on_campus": false, "nodes": [113339956, 8192150754, 8192150753, 8192150752, 8192150751, 8192150750, 8192150749]}, "geometry": {"type": "LineString", "coordinates": [[-82.452874, 34.936494], [-82.4528986, 34.9366079], [-82.4529739, 34.9367258], [-82.453113, 34.9367501], [-82.4533024, 34.9367239], [-82.4533617, 34.9366659], [-82.453387, 34.9365129]]}}, {"type": "Feature", "id": "w880787950", "properties": {"highway": "service", "walkable": true, "on_campus": false, "nodes": [8192150764, 8192150763]}, "geometry": {"type": "LineString", "coordinates": [[-82.45185, 34.937093], [-82.4521559, 34.9370279]]}}, {"type": "Feature", "id": "w880787953", "properties": {"highway": "service", "walkable": true, "on_campus": false, "nodes": [8192150777, 8192150776, 8192150775]}, "geometry": {"type": "LineString", "coordinates": [[-82.4491344, 34.9374408], [-82.4493197, 34.9376872], [-82.4494246, 34.9377564]]}}, {"type": "Feature", "id": "w880787956", "properties": {"highway": "service", "walkable": true, "on_campus": false, "nodes": [113339968, 8192150795, 8192150794]}, "geometry": {"type": "LineString", "coordinates": [[-82.449753, 34.937307], [-82.4499574, 34.9375881], [-82.4500167, 34.937661]]}}, {"type": "Feature", "id": "w880787958", "properties": {"highway": "service", "walkable": true, "on_campus": false, "nodes": [8192150814, 8192150813, 8192150812, 8192150811, 8192150810]}, "geometry": {"type": "LineString", "coordinates": [[-82.4505972, 34.9370514], [-82.4506533, 34.9371653], [-82.4506625, 34.9372851], [-82.4506214, 34.9374216], [-82.4506465, 34.9375095]]}}, {"type": "Feature", "id": "w880787960", "properties": {"highway": "service", "walkable": true, "on_campus": false, "nodes": [8192150828, 8192150827]}, "geometry": {"type": "LineString", "coordinates": [[-82.4519018, 34.9371914], [-82.4516082, 34.9372682]]}}, {"type": "Feature", "id": "w880787987", "properties": {"highway": "service", "walkable": true, "on_campus": false, "nodes": [113198296, 8192150995, 8192150994, 8192150993, 8192150992]}, "geometry": {"type": "LineString", "coordinates": [[-82.4534221, 34.9380487], [-82.453396, 34.9378481], [-82.4533024, 34.9377471], [-82.4532682, 34.9376461], [-82.4533161, 34.9375563]]}}, {"type": "Feature", "id": "w880787988", "properties": {"highway": "service", "walkable": true, "on_campus": false, "nodes": [112875672, 8192150996]}, "geometry": {"type": "LineString", "coordinates": [[-82.452275, 34.937899], [-82.4518969, 34.9380052]]}}, {"type": "Feature", "id": "w880787989", "properties": {"highway": "service", "walkable": true, "on_campus": false, "nodes": [8192151001, 8192151000, 8192150999, 8192150998, 8192150997]}, "geometry": {"type": "LineString", "coordinates": [[-82.4523178, 34.9379847], [-82.452465, 34.9379098], [-82.4524559, 34.9378013], [-82.4523829, 34.9377452], [-82.4521884, 34.9377347]]}}, {"type": "Feature", "id": "w880787990", "properties": {"highway": "service", "walkable": true, "on_campus": false, "nodes": [8192151004, 8192151003, 8192151002]}, "geometry": {"type": "LineString", "coordinates": [[-82.4529965, 34.9381283], [-82.4528735, 34.9380052], [-82.4526886, 34.9379285]]}}, {"type": "Feature", "id": "w880788015", "properties": {"highway": "service", "walkable": true, "on_campus": false, "nodes": [8192147402, 8192147401, 8192147400, 8192147399, 8192147398, 8192147397, 8192147396, 8192147395, 113198310]}, "geometry": {"type": "LineString", "coordinates": [[-82.454781, 34.9379453], [-82.4546851, 34.9380435], [-82.4546258, 34.9380903], [-82.4545619, 34.9381156], [-82.4544821, 34.9381333], [-82.4543805, 34.9381249], [-82.4542265, 34.9380978], [-82.4541695, 34.9380884], [-82.454076, 34.938092]]}}, {"type": "Feature", "id": "w894309025", "properties": {"highway": "service", "walkable": true, "on_campus": false, "nodes": [8312184786, 8312184787, 8312184788, 8312184789, 8312184790, 8312184791, 8312184792, 8312184793, 8312184794]}, "geometry": {"type": "LineString", "coordinates": [[-82.4570427, 34.9346538], [-82.4570307, 34.9347131], [-82.4569958, 34.9347555], [-82.4569162, 34.9348], [-82.4568295, 34.9348365], [-82.4567741, 34.934877], [-82.456738, 34.9349254], [-82.4567223, 34.9349886], [-82.4567271, 34.9350583]]}}, {"type": "Feature", "id": "w896412322", "properties": {"highway": "service", "walkable": true, "on_campus": false, "nodes": [8332956738, 8332956739, 8332956740, 8332956741, 8332956742, 8332956743, 8332956744, 8332956745, 8332956746]}, "geometry": {"type": "LineString", "coordinates": [[-82.4504419, 34.9168128], [-82.4507184, 34.9168521], [-82.4509344, 34.9169102], [-82.4511691, 34.9169942], [-82.4512213, 34.9170339], [-82.4512362, 34.9170965], [-82.4512175, 34.9171499], [-82.4511114, 34.9173882], [-82.4510406, 34.9175867]]}}, {"type": "Feature", "id": "w898180666", "properties": {"highway": "service", "surface": "asphalt", "walkable": true, "on_campus": false, "nodes": [113018873, 8347054581, 8347054582, 8347054585, 8347054583, 8347054584]}, "geometry": {"type": "LineString", "coordinates": [[-82.427033, 34.911625], [-82.4270135, 34.911711], [-82.427024, 34.9117712], [-82.4272198, 34.911829], [-82.4277645, 34.9120422], [-82.4283034, 34.912264]]}}, {"type": "Feature", "id": "w898180667", "properties": {"highway": "service", "surface": "asphalt", "walkable": true, "on_campus": false, "nodes": [8347054587, 8347054583, 3222750784]}, "geometry": {"type": "LineString", "coordinates": [[-82.4275972, 34.9123523], [-82.4277645, 34.9120422], [-82.4278435, 34.9119337]]}}, {"type": "Feature", "id": "w898180668", "properties": {"highway": "service", "surface": "asphalt", "walkable": true, "on_campus": false, "nodes": [8726641125, 8347054587, 8347054589, 8347054588, 8347054584, 3222750794]}, "geometry": {"type": "LineString", "coordinates": [[-82.4273889, 34.9122819], [-82.4275972, 34.9123523], [-82.4280469, 34.912535], [-82.428127, 34.9125163], [-82.4283034, 34.912264], [-82.42837, 34.9121372]]}}, {"type": "Feature", "id": "w898182279", "properties": {"highway": "residential", "name": "Shallons Drive", "surface": "asphalt", "walkable": true, "on_campus": false, "nodes": [8347122910, 8347122909, 8758967304, 8347122908, 8347122907, 8347122911, 8347122906, 13518334359, 13518334358, 8347139221, 8347122905, 8347139222, 8347122904]}, "geometry": {"type": "LineString", "coordinates": [[-82.4252707, 34.9123015], [-82.4249482, 34.9122983], [-82.4248037, 34.9123155], [-82.4247175, 34.9123862], [-82.4247068, 34.9124632], [-82.4250636, 34.9134332], [-82.4251551, 34.9136805], [-82.4251938, 34.9137478], [-82.425252, 34.9138143], [-82.4253935, 34.9139247], [-82.4259514, 34.9143416], [-82.4264355, 34.9145366], [-82.4267051, 34.9146756]]}}, {"type": "Feature", "id": "w898182280", "properties": {"highway": "residential", "name": "Mardale Lane", "surface": "asphalt", "walkable": true, "on_campus": false, "nodes": [5040151645, 8347139220, 8347139219, 8758967302, 8347139218, 8347139217, 8758967303, 8347122916, 8347122915, 8347122914, 10307977700, 8347122913, 8347122912, 8347122911]}, "geometry": {"type": "LineString", "coordinates": [[-82.4253113, 34.9119553], [-82.424975, 34.9118782], [-82.4248405, 34.9118703], [-82.4246998, 34.9118964], [-82.4245539, 34.9119375], [-82.4242682, 34.9120567], [-82.424183, 34.9121228], [-82.4241228, 34.9122048], [-82.4241188, 34.9122895], [-82.4241489, 34.9124038], [-82.4245001, 34.9133159], [-82.4245673, 34.9134904], [-82.4246639, 34.9135234], [-82.4250636, 34.9134332]]}}, {"type": "Feature", "id": "w898182281", "properties": {"highway": "residential", "name": "Chelmsford Drive", "surface": "asphalt", "walkable": true, "on_campus": false, "nodes": [5359357568, 8347139221]}, "geometry": {"type": "LineString", "coordinates": [[-82.4258092, 34.9135959], [-82.4253935, 34.9139247]]}}, {"type": "Feature", "id": "w898182282", "properties": {"highway": "residential", "name": "Viscount Avenue", "surface": "asphalt", "walkable": true, "on_campus": false, "nodes": [8347139223, 13518349636, 8347139222]}, "geometry": {"type": "LineString", "coordinates": [[-82.4266836, 34.9141178], [-82.4265697, 34.9143344], [-82.4264355, 34.9145366]]}}, {"type": "Feature", "id": "w899281219", "properties": {"highway": "service", "walkable": true, "on_campus": false, "nodes": [7014112062, 8355706013]}, "geometry": {"type": "LineString", "coordinates": [[-82.4292632, 34.9134367], [-82.4293717, 34.9130602]]}}, {"type": "Feature", "id": "w899281220", "properties": {"highway": "tertiary_link", "surface": "asphalt", "walkable": false, "on_campus": false, "nodes": [7561389117, 8355706016, 11952020763, 8355706015, 8355706014, 8133984154]}, "geometry": {"type": "LineString", "coordinates": [[-82.4294707, 34.9129892], [-82.42935, 34.9128797], [-82.4293324, 34.9128561], [-82.4292816, 34.912788], [-82.4292587, 34.9127337], [-82.4292234, 34.9126371]]}}, {"type": "Feature", "id": "w899281221", "properties": {"access": "customers", "highway": "service", "walkable": true, "on_campus": false, "nodes": [8355730718, 8355730717, 7561389115]}, "geometry": {"type": "LineString", "coordinates": [[-82.4293797, 34.9126289], [-82.429512, 34.9126561], [-82.4295845, 34.9128563]]}}, {"type": "Feature", "id": "w912355896", "properties": {"highway": "service", "walkable": true, "on_campus": false, "nodes": [8475468243, 8475468244, 8475468245, 8475468246, 8475468247, 8475468248, 8475468249, 8475468250, 8475468251, 8475468252, 8475468253, 8475468254, 113337423]}, "geometry": {"type": "LineString", "coordinates": [[-82.4419746, 34.9161656], [-82.4420283, 34.9162375], [-82.4420736, 34.9163274], [-82.4421039, 34.9164281], [-82.4420925, 34.9164932], [-82.4420472, 34.9165599], [-82.4419772, 34.9166312], [-82.4419073, 34.9166715], [-82.4418298, 34.9167133], [-82.4417447, 34.9167335], [-82.4416181, 34.9167536], [-82.4414593, 34.9167614], [-82.441317, 34.916731]]}}, {"type": "Feature", "id": "w913795385", "properties": {"highway": "service", "walkable": true, "on_campus": false, "nodes": [5463343330, 8488503671]}, "geometry": {"type": "LineString", "coordinates": [[-82.4524918, 34.925195], [-82.4528576, 34.9250741]]}}, {"type": "Feature", "id": "w913795386", "properties": {"highway": "service", "walkable": true, "on_campus": false, "nodes": [8488503672, 8488503673]}, "geometry": {"type": "LineString", "coordinates": [[-82.4522896, 34.9260956], [-82.4526257, 34.925974]]}}, {"type": "Feature", "id": "w913833499", "properties": {"highway": "service", "walkable": true, "on_campus": false, "nodes": [8488850934, 8488850935, 8488850936, 8488850937, 8488850938, 8488850939, 8488850940]}, "geometry": {"type": "LineString", "coordinates": [[-82.4438366, 34.9167121], [-82.4434366, 34.9164483], [-82.4433567, 34.9164405], [-82.443288, 34.9164889], [-82.4432401, 34.9166042], [-82.4432912, 34.9166697], [-82.4436514, 34.9169326]]}}, {"type": "Feature", "id": "w914053689", "properties": {"highway": "service", "walkable": true, "on_campus": false, "nodes": [8490834317, 8490834318, 8490834319, 8490834320]}, "geometry": {"type": "LineString", "coordinates": [[-82.4370551, 34.9354885], [-82.4371649, 34.9355374], [-82.4373519, 34.9356009], [-82.4376176, 34.935734]]}}, {"type": "Feature", "id": "w914406546", "properties": {"access": "private", "highway": "service", "walkable": true, "on_campus": false, "nodes": [8494247999, 8494248000, 8494248002, 8494248003, 8494248004, 8494248005, 8494248006, 8494248007, 8494248008, 8494248009, 8494248010, 8494248011]}, "geometry": {"type": "LineString", "coordinates": [[-82.445949, 34.9343411], [-82.445717, 34.9344835], [-82.4456567, 34.934566], [-82.4456252, 34.9346823], [-82.4456015, 34.9348236], [-82.4455733, 34.9349167], [-82.4454874, 34.9350479], [-82.4453963, 34.9351571], [-82.4452469, 34.9352777], [-82.4451535, 34.9353359], [-82.4450877, 34.935364], [-82.4449271, 34.9353904]]}}, {"type": "Feature", "id": "w932447413", "properties": {"highway": "unclassified", "name": "William Mcalister Circle", "surface": "asphalt", "walkable": true, "on_campus": true, "nodes": [626034093, 3216889627, 736992998, 3216889628, 626034134]}, "geometry": {"type": "LineString", "coordinates": [[-82.4348756, 34.9254956], [-82.434846, 34.9255736], [-82.4348319, 34.9256545], [-82.4348338, 34.9257363], [-82.4348516, 34.9258167]]}}, {"type": "Feature", "id": "w932447414", "properties": {"highway": "unclassified", "name": "William Mcalister Circle", "surface": "asphalt", "walkable": true, "on_campus": true, "nodes": [626034095, 3216889624, 736991916, 3216889625, 3109824872, 3216889626, 626034093]}, "geometry": {"type": "LineString", "coordinates": [[-82.4351609, 34.9252355], [-82.4350989, 34.9252664], [-82.4350417, 34.9253031], [-82.4349902, 34.9253449], [-82.4349449, 34.9253913], [-82.4349065, 34.9254418], [-82.4348756, 34.9254956]]}}, {"type": "Feature", "id": "w940879655", "properties": {"highway": "pedestrian", "name": "Joseph Vaughn Plaza", "walkable": true, "on_campus": true, "nodes": [8713593113, 12363347832, 8713593112, 8713593111, 3078471870, 8713593110, 8713593113]}, "geometry": {"type": "LineString", "coordinates": [[-82.438633, 34.9244826], [-82.4385552, 34.9244387], [-82.4384356, 34.9243713], [-82.438569, 34.9242122], [-82.4386886, 34.9242796], [-82.4387664, 34.9243235], [-82.438633, 34.9244826]]}}, {"type": "Feature", "id": "w946155489", "properties": {"bridge": "yes", "highway": "tertiary", "layer": "1", "name": "Duncan Chapel Road", "surface": "asphalt", "walkable": true, "on_campus": false, "nodes": [112996085, 112996090]}, "geometry": {"type": "LineString", "coordinates": [[-82.4362196, 34.9149942], [-82.4356677, 34.9148191]]}}, {"type": "Feature", "id": "w946155490", "properties": {"highway": "tertiary", "name": "Duncan Chapel Road", "surface": "asphalt", "walkable": true, "on_campus": false, "nodes": [736992616, 112801757, 112996081, 112996085]}, "geometry": {"type": "LineString", "coordinates": [[-82.4388115, 34.9158526], [-82.438204, 34.915654], [-82.436989, 34.915256], [-82.4362196, 34.9149942]]}}, {"type": "Feature", "id": "w946657201", "properties": {"highway": "service", "surface": "asphalt", "walkable": true, "on_campus": false, "nodes": [8762972359, 8762972360, 8762972358]}, "geometry": {"type": "LineString", "coordinates": [[-82.4445223, 34.9347393], [-82.4445337, 34.9344362], [-82.4445588, 34.9339929]]}}, {"type": "Feature", "id": "w946657202", "properties": {"highway": "service", "surface": "asphalt", "walkable": true, "on_campus": false, "nodes": [8762972361, 8762972360]}, "geometry": {"type": "LineString", "coordinates": [[-82.4448143, 34.9344344], [-82.4445337, 34.9344362]]}}, {"type": "Feature", "id": "w946657209", "properties": {"highway": "service", "surface": "asphalt", "walkable": true, "on_campus": false, "nodes": [8762972393, 8762972392, 8762972391, 8762972390, 8762972389, 8762972388]}, "geometry": {"type": "LineString", "coordinates": [[-82.4431968, 34.9335338], [-82.4431761, 34.9337226], [-82.4431293, 34.9338049], [-82.4430392, 34.9338498], [-82.4429445, 34.9338676], [-82.4428203, 34.933882]]}}, {"type": "Feature", "id": "w968381906", "properties": {"highway": "service", "walkable": true, "on_campus": false, "nodes": [112992526, 8959032202, 8959032203, 8959032204, 8959032205, 8959032206]}, "geometry": {"type": "LineString", "coordinates": [[-82.452473, 34.934565], [-82.452378, 34.9344571], [-82.4522727, 34.9343373], [-82.4521933, 34.9342515], [-82.4521764, 34.934233], [-82.4521589, 34.9342227]]}}, {"type": "Feature", "id": "w968381907", "properties": {"highway": "service", "walkable": true, "on_campus": false, "nodes": [8959032207, 8959032208, 8959032209]}, "geometry": {"type": "LineString", "coordinates": [[-82.450709, 34.9346331], [-82.4504944, 34.9344841], [-82.4502717, 34.9343827]]}}, {"type": "Feature", "id": "w968381908", "properties": {"highway": "service", "walkable": true, "on_campus": false, "nodes": [8959032210, 8959032211, 8959032212, 8959032213, 8959032214, 8959032215, 8959032216, 8959054217, 8959054218, 8959054219, 8959054220, 8959054221, 8959054222, 8959054223, 8959054224, 8959054225, 8959054226, 8959054227, 8959054228, 8959054229]}, "geometry": {"type": "LineString", "coordinates": [[-82.4496853, 34.9354105], [-82.4496355, 34.9353521], [-82.4495723, 34.9352658], [-82.449542, 34.9352068], [-82.4495313, 34.9351837], [-82.4495275, 34.9351502], [-82.4495287, 34.9351195], [-82.4495404, 34.9350762], [-82.4495621, 34.9350314], [-82.449598, 34.9349619], [-82.4496255, 34.9349271], [-82.4496566, 34.9349032], [-82.4497031, 34.9348807], [-82.4497442, 34.9348684], [-82.4497853, 34.9348616], [-82.4498277, 34.9348587], [-82.449873, 34.9348606], [-82.4499081, 34.9348655], [-82.4499564, 34.9348821], [-82.4499912, 34.9348986]]}}, {"type": "Feature", "id": "w968381909", "properties": {"access": "private", "highway": "service", "walkable": true, "on_campus": false, "nodes": [7013952059, 8959054230, 8959054231, 8959054232, 8959054233, 8959054234, 8959054235, 8959054236, 8959054237, 8959054238, 8959054239, 8959054240, 8959054241, 8959054242, 8959054243, 8959054244, 8959054245, 8959054246, 8959054247, 8959054248, 8959054249, 8959054250, 8959054251, 8959054252, 8959054253, 8959054254, 8959054255, 8959054256, 8959054257, 8959054258, 8959054259, 8959054260, 8959054261]}, "geometry": {"type": "LineString", "coordinates": [[-82.4534621, 34.9360281], [-82.4534979, 34.9360138], [-82.4535427, 34.9359996], [-82.4535786, 34.9359939], [-82.4536946, 34.9359954], [-82.4538733, 34.9359994], [-82.4540986, 34.9360041], [-82.4541495, 34.9360033], [-82.4542037, 34.936005], [-82.4542474, 34.9360058], [-82.4542692, 34.9360024], [-82.4542937, 34.935993], [-82.4543109, 34.9359819], [-82.4543213, 34.9359691], [-82.4543286, 34.9359452], [-82.4543286, 34.9359162], [-82.4543187, 34.9358812], [-82.454303, 34.9358232], [-82.4542836, 34.9357734], [-82.4542392, 34.9356999], [-82.4542108, 34.9356568], [-82.4541783, 34.935604], [-82.4541419, 34.9355277], [-82.4541189, 34.9354658], [-82.4540996, 34.9354117], [-82.4540842, 34.9353309], [-82.4540734, 34.9352369], [-82.454072, 34.9351587], [-82.4540835, 34.9350762], [-82.4540973, 34.9350009], [-82.4541146, 34.934896], [-82.454132, 34.9347712], [-82.4541393, 34.9347166]]}}, {"type": "Feature", "id": "w968381910", "properties": {"highway": "service", "walkable": true, "on_campus": false, "nodes": [8959054262, 8959054263, 8959054264, 8959054265, 8959054266, 8959054267, 8959054268, 8959054269, 8959054270, 8959054271, 8959054272, 8959054273, 8959054274, 8959054275, 8959054276, 8959054277, 8959054278, 8959054279, 8959054280, 8959054281, 8959054282]}, "geometry": {"type": "LineString", "coordinates": [[-82.453398, 34.9327906], [-82.4534536, 34.9327745], [-82.4534834, 34.9327689], [-82.4535288, 34.9327668], [-82.4535786, 34.932772], [-82.4536163, 34.9327842], [-82.4536506, 34.9327988], [-82.4536893, 34.9328203], [-82.4537154, 34.9328371], [-82.4537366, 34.9328532], [-82.453759, 34.9328817], [-82.4537857, 34.9329282], [-82.453803, 34.9329613], [-82.4538177, 34.9329859], [-82.4538253, 34.9330053], [-82.4538277, 34.9330178], [-82.4538239, 34.9330283], [-82.453813, 34.9330377], [-82.453783, 34.9330486], [-82.4537137, 34.9330622], [-82.4535758, 34.9330971]]}}, {"type": "Feature", "id": "w968389427", "properties": {"highway": "service", "walkable": true, "on_campus": false, "nodes": [113150853, 8959139484]}, "geometry": {"type": "LineString", "coordinates": [[-82.427868, 34.927684], [-82.4274571, 34.9275298]]}}, {"type": "Feature", "id": "w968389428", "properties": {"highway": "service", "walkable": true, "on_campus": false, "nodes": [8959139485, 8959139486]}, "geometry": {"type": "LineString", "coordinates": [[-82.4281285, 34.9272859], [-82.4277559, 34.9269464]]}}, {"type": "Feature", "id": "w968577709", "properties": {"highway": "service", "walkable": true, "on_campus": false, "nodes": [8960924313, 8960924314, 8960924315, 8960924316, 8960933817, 8960933818, 8960933819, 8960933820, 8960933821, 8960933822]}, "geometry": {"type": "LineString", "coordinates": [[-82.4215647, 34.9237376], [-82.4215842, 34.9237957], [-82.4215468, 34.9238742], [-82.4215036, 34.9239403], [-82.4214429, 34.9239786], [-82.4213075, 34.9240293], [-82.4212467, 34.9240485], [-82.4212175, 34.9240418], [-82.421165, 34.9240035], [-82.4211147, 34.9239468]]}}, {"type": "Feature", "id": "w968698799", "properties": {"highway": "service", "walkable": true, "on_campus": false, "nodes": [8962232160, 8962232161, 8962232162, 8962232163, 8962232164, 8962232165, 8962232166, 8962232167]}, "geometry": {"type": "LineString", "coordinates": [[-82.4358734, 34.9370587], [-82.4359807, 34.9371303], [-82.4360708, 34.9372322], [-82.4360834, 34.9372883], [-82.4360657, 34.937359], [-82.4359541, 34.9374806], [-82.4358679, 34.9374972], [-82.4356159, 34.9374753]]}}, {"type": "Feature", "id": "w968743100", "properties": {"highway": "service", "walkable": true, "on_campus": false, "nodes": [8962652552, 8962652554, 8962652555, 8962652556, 8962652557, 8962652553]}, "geometry": {"type": "LineString", "coordinates": [[-82.429072, 34.9169065], [-82.4288903, 34.9171272], [-82.4288161, 34.9172066], [-82.4287336, 34.9172805], [-82.4287084, 34.9173099], [-82.4287073, 34.917334]]}}, {"type": "Feature", "id": "w968858705", "properties": {"highway": "service", "walkable": true, "on_campus": false, "nodes": [8963717674, 8963717675, 8963717676, 8963717677, 8963717678, 8963717679, 8963717680, 8963717681]}, "geometry": {"type": "LineString", "coordinates": [[-82.4496559, 34.9373326], [-82.4496361, 34.9371898], [-82.4496448, 34.9371434], [-82.4496767, 34.9371137], [-82.4499465, 34.9370281], [-82.4500175, 34.9370412], [-82.450061, 34.9371292], [-82.4500911, 34.9372061]]}}, {"type": "Feature", "id": "w969687943", "properties": {"highway": "service", "walkable": true, "on_campus": false, "nodes": [8973333942, 8973333943, 8973333944, 8973333945, 113304884]}, "geometry": {"type": "LineString", "coordinates": [[-82.4220893, 34.9173043], [-82.4224695, 34.9173611], [-82.422588, 34.9173599], [-82.4226665, 34.9173536], [-82.422756, 34.91732]]}}, {"type": "Feature", "id": "w969714187", "properties": {"highway": "service", "walkable": true, "on_campus": false, "nodes": [8973631367, 8973631368]}, "geometry": {"type": "LineString", "coordinates": [[-82.4434177, 34.9343188], [-82.4427731, 34.9342853]]}}, {"type": "Feature", "id": "w97587753", "properties": {"highway": "service", "walkable": true, "on_campus": false, "nodes": [1129748687, 1129749058, 1129748468, 1129748543, 1129748946, 1129748425, 1129748849]}, "geometry": {"type": "LineString", "coordinates": [[-82.4424505, 34.9357144], [-82.4426107, 34.93577], [-82.442641, 34.9357879], [-82.4427444, 34.9358488], [-82.4428316, 34.9359628], [-82.4428815, 34.9361059], [-82.4428598, 34.9364939]]}}, {"type": "Feature", "id": "w97587756", "properties": {"highway": "unclassified", "name": "Carl Kohrt Drive", "surface": "asphalt", "walkable": true, "on_campus": false, "nodes": [1129748265, 1129748790, 113052687, 113052690, 113052692, 113052695, 1129748682, 113052698, 113052701, 8494248011, 113052705, 1129748522, 113052709, 113052712, 12401641714, 8762972361, 113052715, 113052718, 113052722, 7014321768, 113052725, 113052728, 113052731, 113052736, 113052740, 113052743, 113052745, 113052747, 113052749, 113052751, 113052753, 113052755, 113052757, 113052759, 113052762, 113052765, 113052768, 113052770, 12401641741, 5174769092, 112708815, 113052774, 113052777, 113052780, 113052783, 113052786, 113052792, 113052795, 113052797, 113052799, 113052801, 113052807, 113052810, 113052813, 113052816, 113052819, 113052822, 113052825, 113052827, 113052829, 113052831, 113052833, 113052835, 113052837, 113052839, 112849770]}, "geometry": {"type": "LineString", "coordinates": [[-82.445356, 34.9365916], [-82.4453507, 34.9363848], [-82.4453076, 34.9362059], [-82.4452113, 34.9360222], [-82.445141, 34.935873], [-82.445076, 34.935758], [-82.4450631, 34.9357314], [-82.445013, 34.935628], [-82.44496, 34.935495], [-82.4449271, 34.9353904], [-82.44492, 34.93536], [-82.444898, 34.935254], [-82.444894, 34.935233], [-82.444864, 34.934987], [-82.4448151, 34.9344436], [-82.4448143, 34.9344344], [-82.44476, 34.933831], [-82.444743, 34.933721], [-82.444709, 34.933603], [-82.4446905, 34.9335609], [-82.444672, 34.933519], [-82.44462, 34.933433], [-82.444556, 34.933352], [-82.444489, 34.933286], [-82.444415, 34.933225], [-82.444323, 34.933166], [-82.444224, 34.933115], [-82.4440921, 34.9330599], [-82.443983, 34.933034], [-82.443856, 34.933014], [-82.443729, 34.933009], [-82.44359, 34.933021], [-82.443463, 34.933042], [-82.443353, 34.933073], [-82.443237, 34.933122], [-82.443131, 34.933183], [-82.443036, 34.933254], [-82.442949, 34.933338], [-82.4427945, 34.9335188], [-82.4427731, 34.9335439], [-82.442315, 34.93408], [-82.441993, 34.934456], [-82.441908, 34.934536], [-82.441813, 34.934611], [-82.441709, 34.934677], [-82.44162, 34.934724], [-82.441492, 34.934778], [-82.441369, 34.934816], [-82.441241, 34.934844], [-82.441109, 34.93486], [-82.440972, 34.934864], [-82.440932, 34.934862], [-82.440819, 34.934858], [-82.440734, 34.934848], [-82.440661, 34.934836], [-82.440557, 34.934808], [-82.440408, 34.934768], [-82.440313, 34.934729], [-82.440229, 34.934688], [-82.440035, 34.934571], [-82.439875, 34.934448], [-82.439042, 34.933715], [-82.438878, 34.93356], [-82.438748, 34.933424], [-82.438634, 34.933291], [-82.438401, 34.9329702]]}}, {"type": "Feature", "id": "w97587759", "properties": {"highway": "service", "walkable": true, "on_campus": false, "nodes": [1129748308, 1129748967, 1129748453, 1129748866]}, "geometry": {"type": "LineString", "coordinates": [[-82.4438703, 34.9363989], [-82.443824, 34.9362563], [-82.4438097, 34.9361205], [-82.4438186, 34.9360548]]}}, {"type": "Feature", "id": "w97587762", "properties": {"highway": "residential", "name": "Arboretum Lane", "surface": "asphalt", "walkable": true, "on_campus": false, "nodes": [1129748682, 1129748973, 1129748661, 1129748365, 1129749068, 1129748650, 1129748308]}, "geometry": {"type": "LineString", "coordinates": [[-82.4450631, 34.9357314], [-82.4448988, 34.9357978], [-82.4447833, 34.9358832], [-82.444517, 34.9361848], [-82.4443582, 34.9362744], [-82.4440404, 34.9363564], [-82.4438703, 34.9363989]]}}, {"type": "Feature", "id": "w97587763", "properties": {"highway": "service", "walkable": true, "on_campus": false, "nodes": [1129749077, 1129748585, 1129748965, 1129748444, 1129748687, 1129748856]}, "geometry": {"type": "LineString", "coordinates": [[-82.442469, 34.9369624], [-82.442388, 34.9365207], [-82.442356, 34.936157], [-82.4424076, 34.935843], [-82.4424505, 34.9357144], [-82.44247, 34.9356561]]}}, {"type": "Feature", "id": "w97587789", "properties": {"highway": "residential", "name": "Trailhead Court", "surface": "asphalt", "walkable": true, "on_campus": false, "nodes": [1129748522, 12403382834, 1129748987]}, "geometry": {"type": "LineString", "coordinates": [[-82.444898, 34.935254], [-82.4446261, 34.9352595], [-82.4444345, 34.9352642]]}}, {"type": "Feature", "id": "w97587808", "properties": {"highway": "service", "walkable": true, "on_campus": false, "nodes": [1129748866, 1129748320, 1129748926, 1129748392, 1129748771, 1129748246, 1129748638, 1129749003, 1129748476, 1129748899, 1129748535, 1129748945, 1129748866]}, "geometry": {"type": "LineString", "coordinates": [[-82.4438186, 34.9360548], [-82.4438685, 34.9360299], [-82.4439202, 34.9359861], [-82.4439415, 34.9359248], [-82.4439273, 34.9358737], [-82.4438792, 34.9358547], [-82.4437937, 34.9358562], [-82.4437402, 34.9358737], [-82.4437153, 34.9359014], [-82.4437046, 34.9359525], [-82.4437278, 34.936008], [-82.4437919, 34.9360431], [-82.4438186, 34.9360548]]}}, {"type": "Feature", "id": "w97587830", "properties": {"highway": "service", "walkable": true, "on_campus": false, "nodes": [1129748468, 1129749039, 1129748518]}, "geometry": {"type": "LineString", "coordinates": [[-82.442641, 34.9357879], [-82.4426036, 34.9359788], [-82.4425894, 34.9364418]]}}, {"type": "Feature", "id": "w976486673", "properties": {"highway": "service", "name": "Rugby Road", "surface": "asphalt", "walkable": true, "on_campus": true, "nodes": [736991594, 736992026, 736992948, 736991795, 736991627, 736992311, 736992206, 3089529561, 736992850]}, "geometry": {"type": "LineString", "coordinates": [[-82.4392211, 34.9180069], [-82.4391185, 34.9178101], [-82.4389857, 34.9176512], [-82.4389368, 34.9176363], [-82.4388342, 34.917616], [-82.4386082, 34.9175561], [-82.4383883, 34.9174994], [-82.4382744, 34.9174714], [-82.4381851, 34.9174494]]}}, {"type": "Feature", "id": "w976486674", "properties": {"highway": "service", "walkable": true, "on_campus": true, "nodes": [736991874, 736992612, 736991294, 736992674, 736992165]}, "geometry": {"type": "LineString", "coordinates": [[-82.4375217, 34.9211682], [-82.4376965, 34.9213042], [-82.4379017, 34.9214668], [-82.4380639, 34.9215784], [-82.4383301, 34.9217615]]}}, {"type": "Feature", "id": "w976486675", "properties": {"highway": "service", "surface": "asphalt", "walkable": true, "on_campus": true, "nodes": [3078471846, 9036358798, 9036358797, 736992359]}, "geometry": {"type": "LineString", "coordinates": [[-82.4379378, 34.9276185], [-82.4381073, 34.9276719], [-82.4381666, 34.9277243], [-82.4382405, 34.9277973]]}}, {"type": "Feature", "id": "w976486679", "properties": {"highway": "service", "surface": "asphalt", "walkable": true, "on_campus": true, "nodes": [3078471852, 9036382537, 9036382536, 9036382535, 3109824627]}, "geometry": {"type": "LineString", "coordinates": [[-82.4373911, 34.9278164], [-82.4373363, 34.9279516], [-82.4373406, 34.9280077], [-82.4373745, 34.9281079], [-82.4373911, 34.9281472]]}}, {"type": "Feature", "id": "w976486680", "properties": {"highway": "footway", "walkable": true, "on_campus": true, "nodes": [3078317112, 3078323143, 3078323139, 3078323134, 3078317129, 3078317125, 3078317121, 3078317118]}, "geometry": {"type": "LineString", "coordinates": [[-82.4387071, 34.9265953], [-82.4386306, 34.9266039], [-82.438547, 34.9266008], [-82.4384537, 34.9265929], [-82.4383053, 34.9265631], [-82.4381988, 34.9267329], [-82.4380681, 34.9267167], [-82.4379089, 34.9267076]]}}, {"type": "Feature", "id": "w976486681", "properties": {"highway": "service", "name": "Estridge Court", "surface": "asphalt", "walkable": true, "on_campus": true, "nodes": [736991310, 736992624, 736991705, 3085115109, 736992762, 736993049, 3085115105, 736992380, 736992652]}, "geometry": {"type": "LineString", "coordinates": [[-82.4336488, 34.9295015], [-82.4336301, 34.9295816], [-82.433893, 34.9302699], [-82.4339131, 34.930382], [-82.4339077, 34.9304876], [-82.4338822, 34.9306844], [-82.4338393, 34.9308339], [-82.4337857, 34.9309604], [-82.4336918, 34.9311429]]}}, {"type": "Feature", "id": "w980894444", "properties": {"highway": "service", "walkable": true, "on_campus": true, "nodes": [736991678, 9073611517, 9073611525, 9073611518, 9073611529, 9073611519, 9073611520, 9073611521, 9073611522, 9073611523]}, "geometry": {"type": "LineString", "coordinates": [[-82.4361437, 34.9275356], [-82.436045, 34.9274348], [-82.4358193, 34.927354], [-82.4357272, 34.927321], [-82.4356109, 34.9272868], [-82.4354036, 34.927226], [-82.4353864, 34.927337], [-82.4354047, 34.9275938], [-82.4354667, 34.927797], [-82.4355537, 34.9279384]]}}, {"type": "Feature", "id": "w980894445", "properties": {"highway": "service", "walkable": true, "on_campus": true, "nodes": [736992799, 9073611524]}, "geometry": {"type": "LineString", "coordinates": [[-82.4339882, 34.9268863], [-82.4335869, 34.9277224]]}}, {"type": "Feature", "id": "w980894446", "properties": {"highway": "service", "walkable": true, "on_campus": true, "nodes": [9073611525, 9073611526, 9073611527, 9073611528]}, "geometry": {"type": "LineString", "coordinates": [[-82.4358193, 34.927354], [-82.4358025, 34.9274992], [-82.4358387, 34.9276501], [-82.4359186, 34.9277468]]}}, {"type": "Feature", "id": "w980894447", "properties": {"highway": "service", "walkable": true, "on_campus": true, "nodes": [9073611529, 9073611530, 9073611531, 9073611532]}, "geometry": {"type": "LineString", "coordinates": [[-82.4356109, 34.9272868], [-82.4355898, 34.9274783], [-82.4356358, 34.9276898], [-82.4357301, 34.9278458]]}}, {"type": "Feature", "id": "w980894448", "properties": {"highway": "service", "walkable": true, "on_campus": true, "nodes": [736991428, 9073611533, 9073611534, 736991548]}, "geometry": {"type": "LineString", "coordinates": [[-82.4341463, 34.9279225], [-82.4338608, 34.9284773], [-82.4336833, 34.9284288], [-82.4339655, 34.9278642]]}}, {"type": "Feature", "id": "w981092870", "properties": {"highway": "service", "walkable": true, "on_campus": true, "nodes": [9075211433, 9075211435, 9075211434, 9075211436]}, "geometry": {"type": "LineString", "coordinates": [[-82.4379874, 34.9173954], [-82.4380789, 34.9171635], [-82.4382326, 34.916774], [-82.4382507, 34.9167304]]}}, {"type": "Feature", "id": "w981092871", "properties": {"highway": "service", "walkable": true, "on_campus": true, "nodes": [9075211437, 9075211438]}, "geometry": {"type": "LineString", "coordinates": [[-82.437779, 34.9173384], [-82.4380176, 34.91667]]}}, {"type": "Feature", "id": "w981092872", "properties": {"highway": "service", "walkable": true, "on_campus": true, "nodes": [736991675, 9075211439, 9075211440]}, "geometry": {"type": "LineString", "coordinates": [[-82.4375621, 34.9172792], [-82.4377957, 34.9166433], [-82.437812, 34.9166025]]}}, {"type": "Feature", "id": "w981106861", "properties": {"highway": "service", "walkable": true, "on_campus": false, "nodes": [9075322016, 9075325117, 9075325118, 9075325119, 9075325120, 9075325121, 9075325122]}, "geometry": {"type": "LineString", "coordinates": [[-82.4277776, 34.9337073], [-82.4277762, 34.9337304], [-82.4277685, 34.9338119], [-82.4277562, 34.9339459], [-82.4277365, 34.9341437], [-82.4277019, 34.9342733], [-82.4276736, 34.9343619]]}}, {"type": "Feature", "id": "w981162068", "properties": {"highway": "service", "walkable": true, "on_campus": false, "nodes": [9075847741, 9075847742, 9075847743, 9075847744, 9075847745, 9075847746, 9075847747, 9075847748]}, "geometry": {"type": "LineString", "coordinates": [[-82.4261154, 34.9373789], [-82.4261575, 34.9374338], [-82.4262013, 34.9375142], [-82.4261851, 34.9375657], [-82.4261127, 34.9376149], [-82.4260527, 34.9376352], [-82.4259699, 34.9376571], [-82.4258289, 34.9376516]]}}, {"type": "Feature", "id": "w981525351", "properties": {"highway": "service", "walkable": true, "on_campus": true, "nodes": [9078857409, 9078857410, 9078857411, 9078857412, 9078857413, 9078857414, 9078857415, 9078861120, 9078861119, 9078857416, 9078861117, 9078861118]}, "geometry": {"type": "LineString", "coordinates": [[-82.4450272, 34.9231525], [-82.4448957, 34.9231214], [-82.44487, 34.9231003], [-82.4448603, 34.9230721], [-82.4448636, 34.9230308], [-82.4448754, 34.9229868], [-82.4449397, 34.9227503], [-82.444956, 34.922734], [-82.4449751, 34.9227262], [-82.4450191, 34.9227195], [-82.4450802, 34.9227089], [-82.4451456, 34.9227033]]}}, {"type": "Feature", "id": "w981527058", "properties": {"highway": "service", "walkable": true, "on_campus": true, "nodes": [9078863932, 9078863942, 9078863933, 9078863934, 9078863935, 9078863936, 9078863937, 9078863938, 9078863941, 9078863939, 9078863940]}, "geometry": {"type": "LineString", "coordinates": [[-82.4365569, 34.9263651], [-82.4366223, 34.926248], [-82.4367899, 34.925948], [-82.4368202, 34.9259312], [-82.4368546, 34.9259248], [-82.4368949, 34.925928], [-82.4369578, 34.9259627], [-82.4369832, 34.9259768], [-82.4369999, 34.9260039], [-82.4369922, 34.9260383], [-82.4367476, 34.9264312]]}}]}